,lsoa21_code,access_gp_practices_w30,z_access_gp_practices_w30
0,W01000003,1.0,0.4835759011536625
1,W01000004,1.0,0.4835759011536625
2,W01000005,1.0,0.4835759011536625
3,W01000006,0.0,0.8915332148597962
4,W01000007,1.0,0.4835759011536625
5,W01000008,1.0,0.4835759011536625
6,W01000009,1.0,0.4835759011536625
7,W01000010,1.0,0.4835759011536625
8,W01000011,1.0,0.4835759011536625
9,W01000012,1.0,0.4835759011536625
10,W01000013,0.0,0.8915332148597962
11,W01000014,1.0,0.4835759011536625
12,W01000015,1.0,0.4835759011536625
13,W01000016,3.0,-0.3323387262586048
14,W01000017,3.0,-0.3323387262586048
15,W01000018,0.0,0.8915332148597962
16,W01000019,1.0,0.4835759011536625
17,W01000021,0.0,0.8915332148597962
18,W01000022,0.0,0.8915332148597962
19,W01000023,0.0,0.8915332148597962
20,W01000024,0.0,0.8915332148597962
21,W01000025,1.0,0.4835759011536625
22,W01000026,0.0,0.8915332148597962
23,W01000027,0.0,0.8915332148597962
24,W01000028,0.0,0.8915332148597962
25,W01000029,3.0,-0.3323387262586048
26,W01000030,3.0,-0.3323387262586048
27,W01000031,0.0,0.8915332148597962
28,W01000033,3.0,-0.3323387262586048
29,W01000034,2.0,0.07561858744752888
30,W01000035,0.0,0.8915332148597962
31,W01000036,3.0,-0.3323387262586048
32,W01000037,3.0,-0.3323387262586048
33,W01000038,0.0,0.8915332148597962
34,W01000040,0.0,0.8915332148597962
35,W01000041,1.0,0.4835759011536625
36,W01000042,0.0,0.8915332148597962
37,W01000044,0.0,0.8915332148597962
38,W01000047,0.0,0.8915332148597962
39,W01000050,0.0,0.8915332148597962
40,W01000051,1.0,0.4835759011536625
41,W01000052,0.0,0.8915332148597962
42,W01000053,0.0,0.8915332148597962
43,W01000054,0.0,0.8915332148597962
44,W01000056,1.0,0.4835759011536625
45,W01000057,0.0,0.8915332148597962
46,W01000059,1.0,0.4835759011536625
47,W01000060,0.0,0.8915332148597962
48,W01000061,1.0,0.4835759011536625
49,W01000062,3.0,-0.3323387262586048
50,W01000063,0.0,0.8915332148597962
51,W01000064,2.0,0.07561858744752888
52,W01000065,1.0,0.4835759011536625
53,W01000066,0.0,0.8915332148597962
54,W01000067,1.0,0.4835759011536625
55,W01000068,1.0,0.4835759011536625
56,W01000070,0.0,0.8915332148597962
57,W01000071,1.0,0.4835759011536625
58,W01000072,3.0,-0.3323387262586048
59,W01000073,0.0,0.8915332148597962
60,W01000074,0.0,0.8915332148597962
61,W01000075,4.0,-0.7402960399647384
62,W01000076,3.0,-0.3323387262586048
63,W01000077,3.0,-0.3323387262586048
64,W01000078,0.0,0.8915332148597962
65,W01000080,0.0,0.8915332148597962
66,W01000081,1.0,0.4835759011536625
67,W01000082,0.0,0.8915332148597962
68,W01000083,0.0,0.8915332148597962
69,W01000084,0.0,0.8915332148597962
70,W01000085,0.0,0.8915332148597962
71,W01000086,1.0,0.4835759011536625
72,W01000087,0.0,0.8915332148597962
73,W01000088,0.0,0.8915332148597962
74,W01000089,0.0,0.8915332148597962
75,W01000090,2.0,0.07561858744752888
76,W01000091,2.0,0.07561858744752888
77,W01000092,3.0,-0.3323387262586048
78,W01000093,1.0,0.4835759011536625
79,W01000094,1.0,0.4835759011536625
80,W01000095,1.0,0.4835759011536625
81,W01000096,1.0,0.4835759011536625
82,W01000097,1.0,0.4835759011536625
83,W01000098,1.0,0.4835759011536625
84,W01000099,0.0,0.8915332148597962
85,W01000100,1.0,0.4835759011536625
86,W01000101,1.0,0.4835759011536625
87,W01000102,1.0,0.4835759011536625
88,W01000103,1.0,0.4835759011536625
89,W01000104,1.0,0.4835759011536625
90,W01000105,2.0,0.07561858744752888
91,W01000106,1.0,0.4835759011536625
92,W01000107,1.0,0.4835759011536625
93,W01000108,1.0,0.4835759011536625
94,W01000109,1.0,0.4835759011536625
95,W01000110,1.0,0.4835759011536625
96,W01000111,1.0,0.4835759011536625
97,W01000112,1.0,0.4835759011536625
98,W01000113,1.0,0.4835759011536625
99,W01000114,0.0,0.8915332148597962
100,W01000115,1.0,0.4835759011536625
101,W01000116,1.0,0.4835759011536625
102,W01000117,1.0,0.4835759011536625
103,W01000118,1.0,0.4835759011536625
104,W01000119,1.0,0.4835759011536625
105,W01000121,1.0,0.4835759011536625
106,W01000122,0.0,0.8915332148597962
107,W01000123,1.0,0.4835759011536625
108,W01000124,0.0,0.8915332148597962
109,W01000125,0.0,0.8915332148597962
110,W01000126,1.0,0.4835759011536625
111,W01000127,1.0,0.4835759011536625
112,W01000128,1.0,0.4835759011536625
113,W01000129,2.0,0.07561858744752888
114,W01000130,2.0,0.07561858744752888
115,W01000131,2.0,0.07561858744752888
116,W01000132,3.0,-0.3323387262586048
117,W01000133,2.0,0.07561858744752888
118,W01000134,1.0,0.4835759011536625
119,W01000135,1.0,0.4835759011536625
120,W01000136,1.0,0.4835759011536625
121,W01000137,0.0,0.8915332148597962
122,W01000138,1.0,0.4835759011536625
123,W01000139,1.0,0.4835759011536625
124,W01000140,1.0,0.4835759011536625
125,W01000141,1.0,0.4835759011536625
126,W01000142,1.0,0.4835759011536625
127,W01000143,1.0,0.4835759011536625
128,W01000144,1.0,0.4835759011536625
129,W01000145,0.0,0.8915332148597962
130,W01000146,3.0,-0.3323387262586048
131,W01000147,2.0,0.07561858744752888
132,W01000148,1.0,0.4835759011536625
133,W01000149,2.0,0.07561858744752888
134,W01000150,1.0,0.4835759011536625
135,W01000151,2.0,0.07561858744752888
136,W01000152,4.0,-0.7402960399647384
137,W01000153,0.0,0.8915332148597962
138,W01000154,1.0,0.4835759011536625
139,W01000155,1.0,0.4835759011536625
140,W01000156,2.0,0.07561858744752888
141,W01000157,2.0,0.07561858744752888
142,W01000158,2.0,0.07561858744752888
143,W01000159,0.0,0.8915332148597962
144,W01000162,0.0,0.8915332148597962
145,W01000163,1.0,0.4835759011536625
146,W01000164,0.0,0.8915332148597962
147,W01000165,1.0,0.4835759011536625
148,W01000166,3.0,-0.3323387262586048
149,W01000167,1.0,0.4835759011536625
150,W01000168,3.0,-0.3323387262586048
151,W01000169,3.0,-0.3323387262586048
152,W01000170,1.0,0.4835759011536625
153,W01000171,0.0,0.8915332148597962
154,W01000172,0.0,0.8915332148597962
155,W01000173,1.0,0.4835759011536625
156,W01000174,1.0,0.4835759011536625
157,W01000175,1.0,0.4835759011536625
158,W01000176,1.0,0.4835759011536625
159,W01000177,1.0,0.4835759011536625
160,W01000178,1.0,0.4835759011536625
161,W01000179,1.0,0.4835759011536625
162,W01000180,1.0,0.4835759011536625
163,W01000181,1.0,0.4835759011536625
164,W01000182,1.0,0.4835759011536625
165,W01000183,1.0,0.4835759011536625
166,W01000184,0.0,0.8915332148597962
167,W01000185,0.0,0.8915332148597962
168,W01000186,3.0,-0.3323387262586048
169,W01000187,3.0,-0.3323387262586048
170,W01000188,3.0,-0.3323387262586048
171,W01000189,0.0,0.8915332148597962
172,W01000190,1.0,0.4835759011536625
173,W01000191,0.0,0.8915332148597962
174,W01000192,0.0,0.8915332148597962
175,W01000193,1.0,0.4835759011536625
176,W01000194,3.0,-0.3323387262586048
177,W01000195,3.0,-0.3323387262586048
178,W01000196,3.0,-0.3323387262586048
179,W01000197,3.0,-0.3323387262586048
180,W01000198,3.0,-0.3323387262586048
181,W01000199,1.0,0.4835759011536625
182,W01000200,0.0,0.8915332148597962
183,W01000201,0.0,0.8915332148597962
184,W01000202,0.0,0.8915332148597962
185,W01000203,0.0,0.8915332148597962
186,W01000204,0.0,0.8915332148597962
187,W01000205,0.0,0.8915332148597962
188,W01000206,0.0,0.8915332148597962
189,W01000207,0.0,0.8915332148597962
190,W01000208,1.0,0.4835759011536625
191,W01000209,1.0,0.4835759011536625
192,W01000210,1.0,0.4835759011536625
193,W01000211,0.0,0.8915332148597962
194,W01000212,4.0,-0.7402960399647384
195,W01000213,4.0,-0.7402960399647384
196,W01000214,4.0,-0.7402960399647384
197,W01000215,3.0,-0.3323387262586048
198,W01000216,4.0,-0.7402960399647384
199,W01000217,0.0,0.8915332148597962
200,W01000218,4.0,-0.7402960399647384
201,W01000219,4.0,-0.7402960399647384
202,W01000220,1.0,0.4835759011536625
203,W01000221,4.0,-0.7402960399647384
204,W01000222,4.0,-0.7402960399647384
205,W01000223,0.0,0.8915332148597962
206,W01000224,0.0,0.8915332148597962
207,W01000225,0.0,0.8915332148597962
208,W01000226,3.0,-0.3323387262586048
209,W01000227,4.0,-0.7402960399647384
210,W01000228,4.0,-0.7402960399647384
211,W01000229,1.0,0.4835759011536625
212,W01000230,4.0,-0.7402960399647384
213,W01000231,4.0,-0.7402960399647384
214,W01000232,3.0,-0.3323387262586048
215,W01000233,3.0,-0.3323387262586048
216,W01000234,3.0,-0.3323387262586048
217,W01000235,3.0,-0.3323387262586048
218,W01000236,4.0,-0.7402960399647384
219,W01000237,5.0,-1.1482533536708721
220,W01000238,4.0,-0.7402960399647384
221,W01000239,5.0,-1.1482533536708721
222,W01000240,5.0,-1.1482533536708721
223,W01000241,5.0,-1.1482533536708721
224,W01000242,2.0,0.07561858744752888
225,W01000243,2.0,0.07561858744752888
226,W01000244,2.0,0.07561858744752888
227,W01000245,1.0,0.4835759011536625
228,W01000246,1.0,0.4835759011536625
229,W01000247,0.0,0.8915332148597962
230,W01000248,0.0,0.8915332148597962
231,W01000249,2.0,0.07561858744752888
232,W01000250,2.0,0.07561858744752888
233,W01000251,0.0,0.8915332148597962
234,W01000252,6.0,-1.5562106673770058
235,W01000253,0.0,0.8915332148597962
236,W01000254,0.0,0.8915332148597962
237,W01000255,1.0,0.4835759011536625
238,W01000256,1.0,0.4835759011536625
239,W01000257,1.0,0.4835759011536625
240,W01000258,0.0,0.8915332148597962
241,W01000259,2.0,0.07561858744752888
242,W01000260,2.0,0.07561858744752888
243,W01000261,2.0,0.07561858744752888
244,W01000262,2.0,0.07561858744752888
245,W01000263,2.0,0.07561858744752888
246,W01000264,2.0,0.07561858744752888
247,W01000265,2.0,0.07561858744752888
248,W01000266,2.0,0.07561858744752888
249,W01000267,0.0,0.8915332148597962
250,W01000268,2.0,0.07561858744752888
251,W01000269,2.0,0.07561858744752888
252,W01000270,0.0,0.8915332148597962
253,W01000271,0.0,0.8915332148597962
254,W01000272,0.0,0.8915332148597962
255,W01000273,3.0,-0.3323387262586048
256,W01000274,5.0,-1.1482533536708721
257,W01000275,3.0,-0.3323387262586048
258,W01000276,3.0,-0.3323387262586048
259,W01000277,3.0,-0.3323387262586048
260,W01000278,3.0,-0.3323387262586048
261,W01000279,3.0,-0.3323387262586048
262,W01000280,3.0,-0.3323387262586048
263,W01000281,3.0,-0.3323387262586048
264,W01000282,3.0,-0.3323387262586048
265,W01000283,5.0,-1.1482533536708721
266,W01000284,0.0,0.8915332148597962
267,W01000285,0.0,0.8915332148597962
268,W01000286,0.0,0.8915332148597962
269,W01000287,0.0,0.8915332148597962
270,W01000288,3.0,-0.3323387262586048
271,W01000289,3.0,-0.3323387262586048
272,W01000290,3.0,-0.3323387262586048
273,W01000291,3.0,-0.3323387262586048
274,W01000292,3.0,-0.3323387262586048
275,W01000293,3.0,-0.3323387262586048
276,W01000294,3.0,-0.3323387262586048
277,W01000295,3.0,-0.3323387262586048
278,W01000296,4.0,-0.7402960399647384
279,W01000297,4.0,-0.7402960399647384
280,W01000298,0.0,0.8915332148597962
281,W01000299,0.0,0.8915332148597962
282,W01000300,0.0,0.8915332148597962
283,W01000301,0.0,0.8915332148597962
284,W01000302,1.0,0.4835759011536625
285,W01000303,0.0,0.8915332148597962
286,W01000304,4.0,-0.7402960399647384
287,W01000305,4.0,-0.7402960399647384
288,W01000306,4.0,-0.7402960399647384
289,W01000307,2.0,0.07561858744752888
290,W01000308,2.0,0.07561858744752888
291,W01000309,1.0,0.4835759011536625
292,W01000310,1.0,0.4835759011536625
293,W01000311,2.0,0.07561858744752888
294,W01000312,4.0,-0.7402960399647384
295,W01000313,1.0,0.4835759011536625
296,W01000314,1.0,0.4835759011536625
297,W01000315,1.0,0.4835759011536625
298,W01000316,1.0,0.4835759011536625
299,W01000317,1.0,0.4835759011536625
300,W01000318,1.0,0.4835759011536625
301,W01000319,1.0,0.4835759011536625
302,W01000320,0.0,0.8915332148597962
303,W01000321,0.0,0.8915332148597962
304,W01000322,0.0,0.8915332148597962
305,W01000323,0.0,0.8915332148597962
306,W01000324,0.0,0.8915332148597962
307,W01000325,0.0,0.8915332148597962
308,W01000326,0.0,0.8915332148597962
309,W01000327,0.0,0.8915332148597962
310,W01000328,2.0,0.07561858744752888
311,W01000329,0.0,0.8915332148597962
312,W01000330,1.0,0.4835759011536625
313,W01000331,0.0,0.8915332148597962
314,W01000332,0.0,0.8915332148597962
315,W01000333,0.0,0.8915332148597962
316,W01000334,5.0,-1.1482533536708721
317,W01000335,6.0,-1.5562106673770058
318,W01000336,6.0,-1.5562106673770058
319,W01000337,5.0,-1.1482533536708721
320,W01000338,0.0,0.8915332148597962
321,W01000339,0.0,0.8915332148597962
322,W01000340,0.0,0.8915332148597962
323,W01000341,5.0,-1.1482533536708721
324,W01000342,5.0,-1.1482533536708721
325,W01000343,3.0,-0.3323387262586048
326,W01000344,2.0,0.07561858744752888
327,W01000345,0.0,0.8915332148597962
328,W01000346,0.0,0.8915332148597962
329,W01000347,1.0,0.4835759011536625
330,W01000348,0.0,0.8915332148597962
331,W01000349,4.0,-0.7402960399647384
332,W01000350,5.0,-1.1482533536708721
333,W01000351,2.0,0.07561858744752888
334,W01000354,1.0,0.4835759011536625
335,W01000355,1.0,0.4835759011536625
336,W01000356,1.0,0.4835759011536625
337,W01000359,1.0,0.4835759011536625
338,W01000360,1.0,0.4835759011536625
339,W01000361,1.0,0.4835759011536625
340,W01000362,3.0,-0.3323387262586048
341,W01000363,3.0,-0.3323387262586048
342,W01000364,3.0,-0.3323387262586048
343,W01000365,5.0,-1.1482533536708721
344,W01000366,1.0,0.4835759011536625
345,W01000367,1.0,0.4835759011536625
346,W01000368,2.0,0.07561858744752888
347,W01000369,0.0,0.8915332148597962
348,W01000370,0.0,0.8915332148597962
349,W01000371,6.0,-1.5562106673770058
350,W01000372,5.0,-1.1482533536708721
351,W01000373,1.0,0.4835759011536625
352,W01000374,1.0,0.4835759011536625
353,W01000375,1.0,0.4835759011536625
354,W01000376,1.0,0.4835759011536625
355,W01000377,1.0,0.4835759011536625
356,W01000378,1.0,0.4835759011536625
357,W01000379,2.0,0.07561858744752888
358,W01000380,2.0,0.07561858744752888
359,W01000381,6.0,-1.5562106673770058
360,W01000382,6.0,-1.5562106673770058
361,W01000384,0.0,0.8915332148597962
362,W01000385,2.0,0.07561858744752888
363,W01000386,3.0,-0.3323387262586048
364,W01000387,2.0,0.07561858744752888
365,W01000388,2.0,0.07561858744752888
366,W01000389,1.0,0.4835759011536625
367,W01000390,1.0,0.4835759011536625
368,W01000391,1.0,0.4835759011536625
369,W01000392,1.0,0.4835759011536625
370,W01000393,7.0,-1.9641679810831394
371,W01000394,0.0,0.8915332148597962
372,W01000395,0.0,0.8915332148597962
373,W01000398,3.0,-0.3323387262586048
374,W01000399,0.0,0.8915332148597962
375,W01000400,1.0,0.4835759011536625
376,W01000401,2.0,0.07561858744752888
377,W01000402,5.0,-1.1482533536708721
378,W01000403,1.0,0.4835759011536625
379,W01000404,1.0,0.4835759011536625
380,W01000405,2.0,0.07561858744752888
381,W01000406,2.0,0.07561858744752888
382,W01000407,2.0,0.07561858744752888
383,W01000408,2.0,0.07561858744752888
384,W01000409,1.0,0.4835759011536625
385,W01000410,2.0,0.07561858744752888
386,W01000411,2.0,0.07561858744752888
387,W01000412,2.0,0.07561858744752888
388,W01000413,6.0,-1.5562106673770058
389,W01000414,5.0,-1.1482533536708721
390,W01000415,3.0,-0.3323387262586048
391,W01000416,3.0,-0.3323387262586048
392,W01000417,0.0,0.8915332148597962
393,W01000418,0.0,0.8915332148597962
394,W01000419,1.0,0.4835759011536625
395,W01000420,1.0,0.4835759011536625
396,W01000422,3.0,-0.3323387262586048
397,W01000423,5.0,-1.1482533536708721
398,W01000424,6.0,-1.5562106673770058
399,W01000425,7.0,-1.9641679810831394
400,W01000426,0.0,0.8915332148597962
401,W01000427,0.0,0.8915332148597962
402,W01000428,0.0,0.8915332148597962
403,W01000429,0.0,0.8915332148597962
404,W01000430,0.0,0.8915332148597962
405,W01000431,1.0,0.4835759011536625
406,W01000432,1.0,0.4835759011536625
407,W01000433,0.0,0.8915332148597962
408,W01000434,0.0,0.8915332148597962
409,W01000438,0.0,0.8915332148597962
410,W01000439,0.0,0.8915332148597962
411,W01000440,0.0,0.8915332148597962
412,W01000441,0.0,0.8915332148597962
413,W01000442,0.0,0.8915332148597962
414,W01000443,0.0,0.8915332148597962
415,W01000444,0.0,0.8915332148597962
416,W01000445,0.0,0.8915332148597962
417,W01000446,0.0,0.8915332148597962
418,W01000447,0.0,0.8915332148597962
419,W01000448,1.0,0.4835759011536625
420,W01000449,1.0,0.4835759011536625
421,W01000450,0.0,0.8915332148597962
422,W01000451,0.0,0.8915332148597962
423,W01000452,0.0,0.8915332148597962
424,W01000453,0.0,0.8915332148597962
425,W01000454,1.0,0.4835759011536625
426,W01000455,1.0,0.4835759011536625
427,W01000456,1.0,0.4835759011536625
428,W01000457,0.0,0.8915332148597962
429,W01000458,0.0,0.8915332148597962
430,W01000459,0.0,0.8915332148597962
431,W01000460,1.0,0.4835759011536625
432,W01000461,1.0,0.4835759011536625
433,W01000464,0.0,0.8915332148597962
434,W01000465,0.0,0.8915332148597962
435,W01000466,1.0,0.4835759011536625
436,W01000467,1.0,0.4835759011536625
437,W01000470,0.0,0.8915332148597962
438,W01000471,0.0,0.8915332148597962
439,W01000472,0.0,0.8915332148597962
440,W01000473,1.0,0.4835759011536625
441,W01000474,0.0,0.8915332148597962
442,W01000475,0.0,0.8915332148597962
443,W01000476,1.0,0.4835759011536625
444,W01000477,0.0,0.8915332148597962
445,W01000478,0.0,0.8915332148597962
446,W01000479,1.0,0.4835759011536625
447,W01000480,1.0,0.4835759011536625
448,W01000481,1.0,0.4835759011536625
449,W01000482,1.0,0.4835759011536625
450,W01000483,1.0,0.4835759011536625
451,W01000484,0.0,0.8915332148597962
452,W01000485,1.0,0.4835759011536625
453,W01000486,1.0,0.4835759011536625
454,W01000487,1.0,0.4835759011536625
455,W01000488,0.0,0.8915332148597962
456,W01000489,1.0,0.4835759011536625
457,W01000492,1.0,0.4835759011536625
458,W01000493,0.0,0.8915332148597962
459,W01000494,1.0,0.4835759011536625
460,W01000496,0.0,0.8915332148597962
461,W01000497,0.0,0.8915332148597962
462,W01000498,1.0,0.4835759011536625
463,W01000499,1.0,0.4835759011536625
464,W01000500,1.0,0.4835759011536625
465,W01000501,1.0,0.4835759011536625
466,W01000502,1.0,0.4835759011536625
467,W01000503,0.0,0.8915332148597962
468,W01000504,0.0,0.8915332148597962
469,W01000505,1.0,0.4835759011536625
470,W01000506,1.0,0.4835759011536625
471,W01000507,0.0,0.8915332148597962
472,W01000508,0.0,0.8915332148597962
473,W01000509,2.0,0.07561858744752888
474,W01000510,2.0,0.07561858744752888
475,W01000511,2.0,0.07561858744752888
476,W01000512,3.0,-0.3323387262586048
477,W01000513,3.0,-0.3323387262586048
478,W01000515,2.0,0.07561858744752888
479,W01000516,2.0,0.07561858744752888
480,W01000517,3.0,-0.3323387262586048
481,W01000518,3.0,-0.3323387262586048
482,W01000519,0.0,0.8915332148597962
483,W01000522,0.0,0.8915332148597962
484,W01000523,0.0,0.8915332148597962
485,W01000524,0.0,0.8915332148597962
486,W01000525,3.0,-0.3323387262586048
487,W01000527,1.0,0.4835759011536625
488,W01000528,1.0,0.4835759011536625
489,W01000531,1.0,0.4835759011536625
490,W01000533,2.0,0.07561858744752888
491,W01000534,0.0,0.8915332148597962
492,W01000535,0.0,0.8915332148597962
493,W01000536,0.0,0.8915332148597962
494,W01000537,0.0,0.8915332148597962
495,W01000538,0.0,0.8915332148597962
496,W01000539,0.0,0.8915332148597962
497,W01000540,0.0,0.8915332148597962
498,W01000541,0.0,0.8915332148597962
499,W01000542,0.0,0.8915332148597962
500,W01000543,0.0,0.8915332148597962
501,W01000545,0.0,0.8915332148597962
502,W01000546,0.0,0.8915332148597962
503,W01000547,0.0,0.8915332148597962
504,W01000548,0.0,0.8915332148597962
505,W01000549,0.0,0.8915332148597962
506,W01000550,1.0,0.4835759011536625
507,W01000551,0.0,0.8915332148597962
508,W01000552,1.0,0.4835759011536625
509,W01000553,0.0,0.8915332148597962
510,W01000554,0.0,0.8915332148597962
511,W01000555,0.0,0.8915332148597962
512,W01000556,0.0,0.8915332148597962
513,W01000557,0.0,0.8915332148597962
514,W01000558,0.0,0.8915332148597962
515,W01000559,0.0,0.8915332148597962
516,W01000560,0.0,0.8915332148597962
517,W01000561,0.0,0.8915332148597962
518,W01000562,0.0,0.8915332148597962
519,W01000563,0.0,0.8915332148597962
520,W01000564,0.0,0.8915332148597962
521,W01000565,1.0,0.4835759011536625
522,W01000566,1.0,0.4835759011536625
523,W01000567,1.0,0.4835759011536625
524,W01000569,2.0,0.07561858744752888
525,W01000570,2.0,0.07561858744752888
526,W01000571,2.0,0.07561858744752888
527,W01000572,2.0,0.07561858744752888
528,W01000573,2.0,0.07561858744752888
529,W01000574,0.0,0.8915332148597962
530,W01000575,0.0,0.8915332148597962
531,W01000576,0.0,0.8915332148597962
532,W01000577,0.0,0.8915332148597962
533,W01000578,0.0,0.8915332148597962
534,W01000579,0.0,0.8915332148597962
535,W01000580,0.0,0.8915332148597962
536,W01000581,0.0,0.8915332148597962
537,W01000582,0.0,0.8915332148597962
538,W01000583,0.0,0.8915332148597962
539,W01000584,0.0,0.8915332148597962
540,W01000585,0.0,0.8915332148597962
541,W01000586,2.0,0.07561858744752888
542,W01000587,2.0,0.07561858744752888
543,W01000588,2.0,0.07561858744752888
544,W01000589,2.0,0.07561858744752888
545,W01000590,2.0,0.07561858744752888
546,W01000591,2.0,0.07561858744752888
547,W01000592,2.0,0.07561858744752888
548,W01000594,2.0,0.07561858744752888
549,W01000595,1.0,0.4835759011536625
550,W01000596,0.0,0.8915332148597962
551,W01000597,1.0,0.4835759011536625
552,W01000598,1.0,0.4835759011536625
553,W01000599,1.0,0.4835759011536625
554,W01000600,1.0,0.4835759011536625
555,W01000601,1.0,0.4835759011536625
556,W01000602,1.0,0.4835759011536625
557,W01000603,1.0,0.4835759011536625
558,W01000604,1.0,0.4835759011536625
559,W01000605,1.0,0.4835759011536625
560,W01000606,0.0,0.8915332148597962
561,W01000607,0.0,0.8915332148597962
562,W01000608,0.0,0.8915332148597962
563,W01000609,0.0,0.8915332148597962
564,W01000610,1.0,0.4835759011536625
565,W01000611,0.0,0.8915332148597962
566,W01000612,1.0,0.4835759011536625
567,W01000613,0.0,0.8915332148597962
568,W01000614,0.0,0.8915332148597962
569,W01000617,0.0,0.8915332148597962
570,W01000618,1.0,0.4835759011536625
571,W01000619,1.0,0.4835759011536625
572,W01000622,0.0,0.8915332148597962
573,W01000623,0.0,0.8915332148597962
574,W01000624,0.0,0.8915332148597962
575,W01000625,2.0,0.07561858744752888
576,W01000626,2.0,0.07561858744752888
577,W01000627,2.0,0.07561858744752888
578,W01000628,5.0,-1.1482533536708721
579,W01000629,4.0,-0.7402960399647384
580,W01000630,4.0,-0.7402960399647384
581,W01000631,5.0,-1.1482533536708721
582,W01000632,1.0,0.4835759011536625
583,W01000633,1.0,0.4835759011536625
584,W01000634,1.0,0.4835759011536625
585,W01000635,1.0,0.4835759011536625
586,W01000636,1.0,0.4835759011536625
587,W01000637,3.0,-0.3323387262586048
588,W01000638,3.0,-0.3323387262586048
589,W01000639,3.0,-0.3323387262586048
590,W01000640,3.0,-0.3323387262586048
591,W01000641,3.0,-0.3323387262586048
592,W01000642,0.0,0.8915332148597962
593,W01000643,3.0,-0.3323387262586048
594,W01000644,3.0,-0.3323387262586048
595,W01000645,3.0,-0.3323387262586048
596,W01000646,0.0,0.8915332148597962
597,W01000647,0.0,0.8915332148597962
598,W01000648,0.0,0.8915332148597962
599,W01000649,0.0,0.8915332148597962
600,W01000650,0.0,0.8915332148597962
601,W01000651,1.0,0.4835759011536625
602,W01000652,0.0,0.8915332148597962
603,W01000653,4.0,-0.7402960399647384
604,W01000654,4.0,-0.7402960399647384
605,W01000655,2.0,0.07561858744752888
606,W01000656,1.0,0.4835759011536625
607,W01000657,0.0,0.8915332148597962
608,W01000658,0.0,0.8915332148597962
609,W01000659,4.0,-0.7402960399647384
610,W01000660,4.0,-0.7402960399647384
611,W01000662,0.0,0.8915332148597962
612,W01000663,0.0,0.8915332148597962
613,W01000664,0.0,0.8915332148597962
614,W01000665,1.0,0.4835759011536625
615,W01000666,1.0,0.4835759011536625
616,W01000667,4.0,-0.7402960399647384
617,W01000670,1.0,0.4835759011536625
618,W01000671,1.0,0.4835759011536625
619,W01000672,0.0,0.8915332148597962
620,W01000673,0.0,0.8915332148597962
621,W01000674,0.0,0.8915332148597962
622,W01000675,0.0,0.8915332148597962
623,W01000676,1.0,0.4835759011536625
624,W01000677,1.0,0.4835759011536625
625,W01000678,1.0,0.4835759011536625
626,W01000679,1.0,0.4835759011536625
627,W01000680,2.0,0.07561858744752888
628,W01000681,0.0,0.8915332148597962
629,W01000682,1.0,0.4835759011536625
630,W01000683,0.0,0.8915332148597962
631,W01000684,0.0,0.8915332148597962
632,W01000685,0.0,0.8915332148597962
633,W01000686,0.0,0.8915332148597962
634,W01000687,0.0,0.8915332148597962
635,W01000688,0.0,0.8915332148597962
636,W01000689,0.0,0.8915332148597962
637,W01000690,1.0,0.4835759011536625
638,W01000691,1.0,0.4835759011536625
639,W01000692,1.0,0.4835759011536625
640,W01000693,3.0,-0.3323387262586048
641,W01000694,3.0,-0.3323387262586048
642,W01000695,1.0,0.4835759011536625
643,W01000696,0.0,0.8915332148597962
644,W01000697,0.0,0.8915332148597962
645,W01000698,1.0,0.4835759011536625
646,W01000699,0.0,0.8915332148597962
647,W01000700,0.0,0.8915332148597962
648,W01000701,0.0,0.8915332148597962
649,W01000702,0.0,0.8915332148597962
650,W01000703,4.0,-0.7402960399647384
651,W01000704,4.0,-0.7402960399647384
652,W01000705,4.0,-0.7402960399647384
653,W01000706,1.0,0.4835759011536625
654,W01000707,1.0,0.4835759011536625
655,W01000708,1.0,0.4835759011536625
656,W01000709,0.0,0.8915332148597962
657,W01000710,1.0,0.4835759011536625
658,W01000711,1.0,0.4835759011536625
659,W01000712,1.0,0.4835759011536625
660,W01000713,1.0,0.4835759011536625
661,W01000714,2.0,0.07561858744752888
662,W01000715,2.0,0.07561858744752888
663,W01000716,1.0,0.4835759011536625
664,W01000717,1.0,0.4835759011536625
665,W01000718,0.0,0.8915332148597962
666,W01000719,1.0,0.4835759011536625
667,W01000720,1.0,0.4835759011536625
668,W01000721,1.0,0.4835759011536625
669,W01000722,0.0,0.8915332148597962
670,W01000723,0.0,0.8915332148597962
671,W01000724,1.0,0.4835759011536625
672,W01000725,2.0,0.07561858744752888
673,W01000728,0.0,0.8915332148597962
674,W01000729,0.0,0.8915332148597962
675,W01000730,0.0,0.8915332148597962
676,W01000731,0.0,0.8915332148597962
677,W01000732,4.0,-0.7402960399647384
678,W01000733,4.0,-0.7402960399647384
679,W01000734,4.0,-0.7402960399647384
680,W01000735,1.0,0.4835759011536625
681,W01000736,0.0,0.8915332148597962
682,W01000737,0.0,0.8915332148597962
683,W01000738,0.0,0.8915332148597962
684,W01000739,0.0,0.8915332148597962
685,W01000740,1.0,0.4835759011536625
686,W01000741,1.0,0.4835759011536625
687,W01000742,12.0,-4.003954549613807
688,W01000744,11.0,-3.5959972359076735
689,W01000745,10.0,-3.1880399222015403
690,W01000746,11.0,-3.5959972359076735
691,W01000747,10.0,-3.1880399222015403
692,W01000749,7.0,-1.9641679810831394
693,W01000750,1.0,0.4835759011536625
694,W01000751,1.0,0.4835759011536625
695,W01000752,1.0,0.4835759011536625
696,W01000753,1.0,0.4835759011536625
697,W01000754,1.0,0.4835759011536625
698,W01000755,6.0,-1.5562106673770058
699,W01000756,0.0,0.8915332148597962
700,W01000757,4.0,-0.7402960399647384
701,W01000758,5.0,-1.1482533536708721
702,W01000759,1.0,0.4835759011536625
703,W01000760,1.0,0.4835759011536625
704,W01000761,4.0,-0.7402960399647384
705,W01000762,6.0,-1.5562106673770058
706,W01000763,7.0,-1.9641679810831394
707,W01000764,8.0,-2.372125294789273
708,W01000765,7.0,-1.9641679810831394
709,W01000766,7.0,-1.9641679810831394
710,W01000767,8.0,-2.372125294789273
711,W01000768,0.0,0.8915332148597962
712,W01000769,0.0,0.8915332148597962
713,W01000770,0.0,0.8915332148597962
714,W01000771,0.0,0.8915332148597962
715,W01000772,0.0,0.8915332148597962
716,W01000774,2.0,0.07561858744752888
717,W01000775,1.0,0.4835759011536625
718,W01000776,0.0,0.8915332148597962
719,W01000777,1.0,0.4835759011536625
720,W01000778,1.0,0.4835759011536625
721,W01000779,1.0,0.4835759011536625
722,W01000781,0.0,0.8915332148597962
723,W01000782,0.0,0.8915332148597962
724,W01000784,3.0,-0.3323387262586048
725,W01000785,3.0,-0.3323387262586048
726,W01000786,3.0,-0.3323387262586048
727,W01000787,3.0,-0.3323387262586048
728,W01000788,4.0,-0.7402960399647384
729,W01000789,7.0,-1.9641679810831394
730,W01000790,11.0,-3.5959972359076735
731,W01000791,2.0,0.07561858744752888
732,W01000792,0.0,0.8915332148597962
733,W01000793,0.0,0.8915332148597962
734,W01000794,1.0,0.4835759011536625
735,W01000795,1.0,0.4835759011536625
736,W01000797,1.0,0.4835759011536625
737,W01000798,1.0,0.4835759011536625
738,W01000799,1.0,0.4835759011536625
739,W01000800,1.0,0.4835759011536625
740,W01000801,1.0,0.4835759011536625
741,W01000802,1.0,0.4835759011536625
742,W01000803,0.0,0.8915332148597962
743,W01000804,1.0,0.4835759011536625
744,W01000805,1.0,0.4835759011536625
745,W01000806,1.0,0.4835759011536625
746,W01000807,1.0,0.4835759011536625
747,W01000808,0.0,0.8915332148597962
748,W01000809,2.0,0.07561858744752888
749,W01000810,1.0,0.4835759011536625
750,W01000811,2.0,0.07561858744752888
751,W01000812,2.0,0.07561858744752888
752,W01000813,2.0,0.07561858744752888
753,W01000814,2.0,0.07561858744752888
754,W01000815,1.0,0.4835759011536625
755,W01000816,1.0,0.4835759011536625
756,W01000817,3.0,-0.3323387262586048
757,W01000818,3.0,-0.3323387262586048
758,W01000819,3.0,-0.3323387262586048
759,W01000820,5.0,-1.1482533536708721
760,W01000821,6.0,-1.5562106673770058
761,W01000822,2.0,0.07561858744752888
762,W01000823,2.0,0.07561858744752888
763,W01000824,2.0,0.07561858744752888
764,W01000825,2.0,0.07561858744752888
765,W01000826,2.0,0.07561858744752888
766,W01000827,2.0,0.07561858744752888
767,W01000828,0.0,0.8915332148597962
768,W01000829,0.0,0.8915332148597962
769,W01000830,4.0,-0.7402960399647384
770,W01000831,4.0,-0.7402960399647384
771,W01000832,4.0,-0.7402960399647384
772,W01000833,6.0,-1.5562106673770058
773,W01000834,4.0,-0.7402960399647384
774,W01000835,6.0,-1.5562106673770058
775,W01000836,1.0,0.4835759011536625
776,W01000837,0.0,0.8915332148597962
777,W01000838,1.0,0.4835759011536625
778,W01000839,0.0,0.8915332148597962
779,W01000840,0.0,0.8915332148597962
780,W01000841,2.0,0.07561858744752888
781,W01000842,1.0,0.4835759011536625
782,W01000843,2.0,0.07561858744752888
783,W01000844,2.0,0.07561858744752888
784,W01000845,1.0,0.4835759011536625
785,W01000846,1.0,0.4835759011536625
786,W01000847,1.0,0.4835759011536625
787,W01000848,1.0,0.4835759011536625
788,W01000849,3.0,-0.3323387262586048
789,W01000851,8.0,-2.372125294789273
790,W01000852,4.0,-0.7402960399647384
791,W01000853,4.0,-0.7402960399647384
792,W01000854,0.0,0.8915332148597962
793,W01000855,3.0,-0.3323387262586048
794,W01000856,2.0,0.07561858744752888
795,W01000857,4.0,-0.7402960399647384
796,W01000858,7.0,-1.9641679810831394
797,W01000859,2.0,0.07561858744752888
798,W01000860,2.0,0.07561858744752888
799,W01000861,4.0,-0.7402960399647384
800,W01000862,11.0,-3.5959972359076735
801,W01000863,6.0,-1.5562106673770058
802,W01000864,9.0,-2.7800826084954067
803,W01000865,8.0,-2.372125294789273
804,W01000866,9.0,-2.7800826084954067
805,W01000867,8.0,-2.372125294789273
806,W01000868,8.0,-2.372125294789273
807,W01000869,9.0,-2.7800826084954067
808,W01000870,9.0,-2.7800826084954067
809,W01000871,9.0,-2.7800826084954067
810,W01000872,7.0,-1.9641679810831394
811,W01000873,8.0,-2.372125294789273
812,W01000874,9.0,-2.7800826084954067
813,W01000875,9.0,-2.7800826084954067
814,W01000876,7.0,-1.9641679810831394
815,W01000877,2.0,0.07561858744752888
816,W01000878,2.0,0.07561858744752888
817,W01000879,2.0,0.07561858744752888
818,W01000880,2.0,0.07561858744752888
819,W01000881,2.0,0.07561858744752888
820,W01000882,2.0,0.07561858744752888
821,W01000883,4.0,-0.7402960399647384
822,W01000884,0.0,0.8915332148597962
823,W01000885,0.0,0.8915332148597962
824,W01000886,0.0,0.8915332148597962
825,W01000887,0.0,0.8915332148597962
826,W01000888,1.0,0.4835759011536625
827,W01000889,4.0,-0.7402960399647384
828,W01000890,4.0,-0.7402960399647384
829,W01000891,2.0,0.07561858744752888
830,W01000892,4.0,-0.7402960399647384
831,W01000893,1.0,0.4835759011536625
832,W01000894,2.0,0.07561858744752888
833,W01000895,2.0,0.07561858744752888
834,W01000896,2.0,0.07561858744752888
835,W01000897,2.0,0.07561858744752888
836,W01000898,0.0,0.8915332148597962
837,W01000899,2.0,0.07561858744752888
838,W01000900,2.0,0.07561858744752888
839,W01000901,2.0,0.07561858744752888
840,W01000904,4.0,-0.7402960399647384
841,W01000905,4.0,-0.7402960399647384
842,W01000907,4.0,-0.7402960399647384
843,W01000908,4.0,-0.7402960399647384
844,W01000909,4.0,-0.7402960399647384
845,W01000910,0.0,0.8915332148597962
846,W01000911,4.0,-0.7402960399647384
847,W01000912,2.0,0.07561858744752888
848,W01000913,2.0,0.07561858744752888
849,W01000914,2.0,0.07561858744752888
850,W01000915,2.0,0.07561858744752888
851,W01000916,2.0,0.07561858744752888
852,W01000918,0.0,0.8915332148597962
853,W01000919,1.0,0.4835759011536625
854,W01000921,1.0,0.4835759011536625
855,W01000922,2.0,0.07561858744752888
856,W01000925,1.0,0.4835759011536625
857,W01000926,1.0,0.4835759011536625
858,W01000927,0.0,0.8915332148597962
859,W01000928,1.0,0.4835759011536625
860,W01000929,1.0,0.4835759011536625
861,W01000930,0.0,0.8915332148597962
862,W01000931,1.0,0.4835759011536625
863,W01000932,1.0,0.4835759011536625
864,W01000933,0.0,0.8915332148597962
865,W01000934,4.0,-0.7402960399647384
866,W01000935,4.0,-0.7402960399647384
867,W01000936,6.0,-1.5562106673770058
868,W01000937,4.0,-0.7402960399647384
869,W01000938,4.0,-0.7402960399647384
870,W01000939,4.0,-0.7402960399647384
871,W01000940,4.0,-0.7402960399647384
872,W01000941,4.0,-0.7402960399647384
873,W01000942,4.0,-0.7402960399647384
874,W01000943,4.0,-0.7402960399647384
875,W01000944,0.0,0.8915332148597962
876,W01000945,0.0,0.8915332148597962
877,W01000946,1.0,0.4835759011536625
878,W01000947,1.0,0.4835759011536625
879,W01000948,1.0,0.4835759011536625
880,W01000949,1.0,0.4835759011536625
881,W01000950,1.0,0.4835759011536625
882,W01000951,1.0,0.4835759011536625
883,W01000952,1.0,0.4835759011536625
884,W01000953,0.0,0.8915332148597962
885,W01000954,0.0,0.8915332148597962
886,W01000955,0.0,0.8915332148597962
887,W01000956,0.0,0.8915332148597962
888,W01000957,0.0,0.8915332148597962
889,W01000958,4.0,-0.7402960399647384
890,W01000959,0.0,0.8915332148597962
891,W01000960,0.0,0.8915332148597962
892,W01000961,4.0,-0.7402960399647384
893,W01000962,4.0,-0.7402960399647384
894,W01000963,4.0,-0.7402960399647384
895,W01000964,4.0,-0.7402960399647384
896,W01000965,1.0,0.4835759011536625
897,W01000966,1.0,0.4835759011536625
898,W01000967,1.0,0.4835759011536625
899,W01000968,1.0,0.4835759011536625
900,W01000969,4.0,-0.7402960399647384
901,W01000970,0.0,0.8915332148597962
902,W01000971,1.0,0.4835759011536625
903,W01000973,1.0,0.4835759011536625
904,W01000974,1.0,0.4835759011536625
905,W01000975,0.0,0.8915332148597962
906,W01000976,1.0,0.4835759011536625
907,W01000977,0.0,0.8915332148597962
908,W01000978,1.0,0.4835759011536625
909,W01000979,2.0,0.07561858744752888
910,W01000980,3.0,-0.3323387262586048
911,W01000981,3.0,-0.3323387262586048
912,W01000982,3.0,-0.3323387262586048
913,W01000983,1.0,0.4835759011536625
914,W01000984,2.0,0.07561858744752888
915,W01000985,0.0,0.8915332148597962
916,W01000986,1.0,0.4835759011536625
917,W01000987,1.0,0.4835759011536625
918,W01000989,0.0,0.8915332148597962
919,W01000990,0.0,0.8915332148597962
920,W01000991,1.0,0.4835759011536625
921,W01000992,1.0,0.4835759011536625
922,W01000993,1.0,0.4835759011536625
923,W01000994,3.0,-0.3323387262586048
924,W01000995,2.0,0.07561858744752888
925,W01000996,0.0,0.8915332148597962
926,W01000997,0.0,0.8915332148597962
927,W01000999,1.0,0.4835759011536625
928,W01001000,1.0,0.4835759011536625
929,W01001001,1.0,0.4835759011536625
930,W01001002,1.0,0.4835759011536625
931,W01001003,0.0,0.8915332148597962
932,W01001004,2.0,0.07561858744752888
933,W01001005,2.0,0.07561858744752888
934,W01001006,2.0,0.07561858744752888
935,W01001007,2.0,0.07561858744752888
936,W01001008,0.0,0.8915332148597962
937,W01001009,0.0,0.8915332148597962
938,W01001010,0.0,0.8915332148597962
939,W01001011,0.0,0.8915332148597962
940,W01001012,0.0,0.8915332148597962
941,W01001013,0.0,0.8915332148597962
942,W01001014,2.0,0.07561858744752888
943,W01001015,2.0,0.07561858744752888
944,W01001016,2.0,0.07561858744752888
945,W01001017,2.0,0.07561858744752888
946,W01001018,2.0,0.07561858744752888
947,W01001019,2.0,0.07561858744752888
948,W01001020,2.0,0.07561858744752888
949,W01001021,3.0,-0.3323387262586048
950,W01001022,0.0,0.8915332148597962
951,W01001023,3.0,-0.3323387262586048
952,W01001024,2.0,0.07561858744752888
953,W01001025,2.0,0.07561858744752888
954,W01001026,2.0,0.07561858744752888
955,W01001027,2.0,0.07561858744752888
956,W01001028,3.0,-0.3323387262586048
957,W01001029,1.0,0.4835759011536625
958,W01001030,1.0,0.4835759011536625
959,W01001031,0.0,0.8915332148597962
960,W01001032,1.0,0.4835759011536625
961,W01001033,2.0,0.07561858744752888
962,W01001034,2.0,0.07561858744752888
963,W01001035,3.0,-0.3323387262586048
964,W01001036,3.0,-0.3323387262586048
965,W01001037,3.0,-0.3323387262586048
966,W01001038,3.0,-0.3323387262586048
967,W01001039,2.0,0.07561858744752888
968,W01001040,2.0,0.07561858744752888
969,W01001041,0.0,0.8915332148597962
970,W01001042,1.0,0.4835759011536625
971,W01001043,1.0,0.4835759011536625
972,W01001044,1.0,0.4835759011536625
973,W01001045,1.0,0.4835759011536625
974,W01001046,1.0,0.4835759011536625
975,W01001047,1.0,0.4835759011536625
976,W01001048,2.0,0.07561858744752888
977,W01001049,2.0,0.07561858744752888
978,W01001050,2.0,0.07561858744752888
979,W01001051,2.0,0.07561858744752888
980,W01001052,2.0,0.07561858744752888
981,W01001053,0.0,0.8915332148597962
982,W01001054,0.0,0.8915332148597962
983,W01001055,1.0,0.4835759011536625
984,W01001056,1.0,0.4835759011536625
985,W01001057,1.0,0.4835759011536625
986,W01001058,1.0,0.4835759011536625
987,W01001059,2.0,0.07561858744752888
988,W01001060,1.0,0.4835759011536625
989,W01001062,5.0,-1.1482533536708721
990,W01001063,5.0,-1.1482533536708721
991,W01001064,6.0,-1.5562106673770058
992,W01001065,5.0,-1.1482533536708721
993,W01001066,6.0,-1.5562106673770058
994,W01001067,4.0,-0.7402960399647384
995,W01001068,2.0,0.07561858744752888
996,W01001069,5.0,-1.1482533536708721
997,W01001070,5.0,-1.1482533536708721
998,W01001071,4.0,-0.7402960399647384
999,W01001072,2.0,0.07561858744752888
1000,W01001073,5.0,-1.1482533536708721
1001,W01001075,4.0,-0.7402960399647384
1002,W01001076,4.0,-0.7402960399647384
1003,W01001077,4.0,-0.7402960399647384
1004,W01001078,4.0,-0.7402960399647384
1005,W01001079,5.0,-1.1482533536708721
1006,W01001080,5.0,-1.1482533536708721
1007,W01001081,4.0,-0.7402960399647384
1008,W01001082,2.0,0.07561858744752888
1009,W01001083,2.0,0.07561858744752888
1010,W01001084,2.0,0.07561858744752888
1011,W01001085,0.0,0.8915332148597962
1012,W01001086,1.0,0.4835759011536625
1013,W01001087,3.0,-0.3323387262586048
1014,W01001088,3.0,-0.3323387262586048
1015,W01001089,1.0,0.4835759011536625
1016,W01001090,1.0,0.4835759011536625
1017,W01001091,1.0,0.4835759011536625
1018,W01001092,5.0,-1.1482533536708721
1019,W01001093,6.0,-1.5562106673770058
1020,W01001094,2.0,0.07561858744752888
1021,W01001095,3.0,-0.3323387262586048
1022,W01001096,5.0,-1.1482533536708721
1023,W01001097,4.0,-0.7402960399647384
1024,W01001098,3.0,-0.3323387262586048
1025,W01001099,5.0,-1.1482533536708721
1026,W01001100,2.0,0.07561858744752888
1027,W01001101,5.0,-1.1482533536708721
1028,W01001102,5.0,-1.1482533536708721
1029,W01001103,2.0,0.07561858744752888
1030,W01001104,2.0,0.07561858744752888
1031,W01001105,0.0,0.8915332148597962
1032,W01001106,1.0,0.4835759011536625
1033,W01001107,1.0,0.4835759011536625
1034,W01001108,0.0,0.8915332148597962
1035,W01001109,1.0,0.4835759011536625
1036,W01001110,1.0,0.4835759011536625
1037,W01001111,1.0,0.4835759011536625
1038,W01001112,1.0,0.4835759011536625
1039,W01001113,0.0,0.8915332148597962
1040,W01001114,3.0,-0.3323387262586048
1041,W01001115,4.0,-0.7402960399647384
1042,W01001116,3.0,-0.3323387262586048
1043,W01001117,0.0,0.8915332148597962
1044,W01001119,0.0,0.8915332148597962
1045,W01001120,0.0,0.8915332148597962
1046,W01001121,0.0,0.8915332148597962
1047,W01001122,0.0,0.8915332148597962
1048,W01001123,3.0,-0.3323387262586048
1049,W01001124,3.0,-0.3323387262586048
1050,W01001125,3.0,-0.3323387262586048
1051,W01001127,0.0,0.8915332148597962
1052,W01001128,0.0,0.8915332148597962
1053,W01001129,4.0,-0.7402960399647384
1054,W01001130,4.0,-0.7402960399647384
1055,W01001131,4.0,-0.7402960399647384
1056,W01001132,1.0,0.4835759011536625
1057,W01001133,1.0,0.4835759011536625
1058,W01001134,0.0,0.8915332148597962
1059,W01001135,0.0,0.8915332148597962
1060,W01001136,0.0,0.8915332148597962
1061,W01001137,2.0,0.07561858744752888
1062,W01001138,3.0,-0.3323387262586048
1063,W01001139,3.0,-0.3323387262586048
1064,W01001140,2.0,0.07561858744752888
1065,W01001141,1.0,0.4835759011536625
1066,W01001142,1.0,0.4835759011536625
1067,W01001143,1.0,0.4835759011536625
1068,W01001144,2.0,0.07561858744752888
1069,W01001145,1.0,0.4835759011536625
1070,W01001146,2.0,0.07561858744752888
1071,W01001147,2.0,0.07561858744752888
1072,W01001148,2.0,0.07561858744752888
1073,W01001149,2.0,0.07561858744752888
1074,W01001150,2.0,0.07561858744752888
1075,W01001151,1.0,0.4835759011536625
1076,W01001152,1.0,0.4835759011536625
1077,W01001153,2.0,0.07561858744752888
1078,W01001154,1.0,0.4835759011536625
1079,W01001155,2.0,0.07561858744752888
1080,W01001156,1.0,0.4835759011536625
1081,W01001157,0.0,0.8915332148597962
1082,W01001158,0.0,0.8915332148597962
1083,W01001159,0.0,0.8915332148597962
1084,W01001160,0.0,0.8915332148597962
1085,W01001162,1.0,0.4835759011536625
1086,W01001164,0.0,0.8915332148597962
1087,W01001165,0.0,0.8915332148597962
1088,W01001166,2.0,0.07561858744752888
1089,W01001167,2.0,0.07561858744752888
1090,W01001168,0.0,0.8915332148597962
1091,W01001169,0.0,0.8915332148597962
1092,W01001170,0.0,0.8915332148597962
1093,W01001171,0.0,0.8915332148597962
1094,W01001172,1.0,0.4835759011536625
1095,W01001173,3.0,-0.3323387262586048
1096,W01001174,1.0,0.4835759011536625
1097,W01001175,1.0,0.4835759011536625
1098,W01001176,1.0,0.4835759011536625
1099,W01001177,1.0,0.4835759011536625
1100,W01001178,1.0,0.4835759011536625
1101,W01001179,1.0,0.4835759011536625
1102,W01001180,0.0,0.8915332148597962
1103,W01001181,0.0,0.8915332148597962
1104,W01001184,1.0,0.4835759011536625
1105,W01001185,1.0,0.4835759011536625
1106,W01001186,1.0,0.4835759011536625
1107,W01001187,1.0,0.4835759011536625
1108,W01001188,1.0,0.4835759011536625
1109,W01001189,0.0,0.8915332148597962
1110,W01001190,0.0,0.8915332148597962
1111,W01001192,0.0,0.8915332148597962
1112,W01001193,2.0,0.07561858744752888
1113,W01001194,1.0,0.4835759011536625
1114,W01001195,1.0,0.4835759011536625
1115,W01001196,1.0,0.4835759011536625
1116,W01001197,1.0,0.4835759011536625
1117,W01001198,0.0,0.8915332148597962
1118,W01001199,1.0,0.4835759011536625
1119,W01001202,0.0,0.8915332148597962
1120,W01001203,1.0,0.4835759011536625
1121,W01001204,1.0,0.4835759011536625
1122,W01001205,1.0,0.4835759011536625
1123,W01001206,2.0,0.07561858744752888
1124,W01001207,2.0,0.07561858744752888
1125,W01001208,1.0,0.4835759011536625
1126,W01001209,2.0,0.07561858744752888
1127,W01001210,1.0,0.4835759011536625
1128,W01001211,2.0,0.07561858744752888
1129,W01001212,2.0,0.07561858744752888
1130,W01001214,1.0,0.4835759011536625
1131,W01001216,2.0,0.07561858744752888
1132,W01001217,3.0,-0.3323387262586048
1133,W01001218,3.0,-0.3323387262586048
1134,W01001219,3.0,-0.3323387262586048
1135,W01001220,3.0,-0.3323387262586048
1136,W01001221,1.0,0.4835759011536625
1137,W01001222,0.0,0.8915332148597962
1138,W01001223,1.0,0.4835759011536625
1139,W01001224,1.0,0.4835759011536625
1140,W01001225,1.0,0.4835759011536625
1141,W01001226,2.0,0.07561858744752888
1142,W01001227,2.0,0.07561858744752888
1143,W01001228,2.0,0.07561858744752888
1144,W01001229,1.0,0.4835759011536625
1145,W01001230,1.0,0.4835759011536625
1146,W01001231,1.0,0.4835759011536625
1147,W01001232,1.0,0.4835759011536625
1148,W01001233,0.0,0.8915332148597962
1149,W01001234,2.0,0.07561858744752888
1150,W01001235,2.0,0.07561858744752888
1151,W01001236,2.0,0.07561858744752888
1152,W01001237,1.0,0.4835759011536625
1153,W01001238,1.0,0.4835759011536625
1154,W01001239,1.0,0.4835759011536625
1155,W01001240,1.0,0.4835759011536625
1156,W01001241,1.0,0.4835759011536625
1157,W01001242,2.0,0.07561858744752888
1158,W01001243,2.0,0.07561858744752888
1159,W01001244,1.0,0.4835759011536625
1160,W01001245,1.0,0.4835759011536625
1161,W01001246,1.0,0.4835759011536625
1162,W01001247,3.0,-0.3323387262586048
1163,W01001248,3.0,-0.3323387262586048
1164,W01001249,1.0,0.4835759011536625
1165,W01001250,1.0,0.4835759011536625
1166,W01001251,1.0,0.4835759011536625
1167,W01001252,1.0,0.4835759011536625
1168,W01001253,2.0,0.07561858744752888
1169,W01001255,1.0,0.4835759011536625
1170,W01001256,2.0,0.07561858744752888
1171,W01001257,2.0,0.07561858744752888
1172,W01001258,2.0,0.07561858744752888
1173,W01001259,3.0,-0.3323387262586048
1174,W01001260,3.0,-0.3323387262586048
1175,W01001261,3.0,-0.3323387262586048
1176,W01001262,1.0,0.4835759011536625
1177,W01001263,1.0,0.4835759011536625
1178,W01001264,1.0,0.4835759011536625
1179,W01001265,1.0,0.4835759011536625
1180,W01001266,1.0,0.4835759011536625
1181,W01001267,0.0,0.8915332148597962
1182,W01001268,0.0,0.8915332148597962
1183,W01001269,1.0,0.4835759011536625
1184,W01001270,2.0,0.07561858744752888
1185,W01001271,1.0,0.4835759011536625
1186,W01001272,1.0,0.4835759011536625
1187,W01001273,1.0,0.4835759011536625
1188,W01001274,1.0,0.4835759011536625
1189,W01001275,1.0,0.4835759011536625
1190,W01001276,2.0,0.07561858744752888
1191,W01001277,0.0,0.8915332148597962
1192,W01001278,0.0,0.8915332148597962
1193,W01001279,0.0,0.8915332148597962
1194,W01001280,1.0,0.4835759011536625
1195,W01001281,1.0,0.4835759011536625
1196,W01001282,1.0,0.4835759011536625
1197,W01001283,1.0,0.4835759011536625
1198,W01001284,0.0,0.8915332148597962
1199,W01001285,1.0,0.4835759011536625
1200,W01001286,1.0,0.4835759011536625
1201,W01001287,1.0,0.4835759011536625
1202,W01001288,1.0,0.4835759011536625
1203,W01001289,0.0,0.8915332148597962
1204,W01001290,2.0,0.07561858744752888
1205,W01001291,0.0,0.8915332148597962
1206,W01001292,4.0,-0.7402960399647384
1207,W01001293,4.0,-0.7402960399647384
1208,W01001294,4.0,-0.7402960399647384
1209,W01001295,1.0,0.4835759011536625
1210,W01001296,1.0,0.4835759011536625
1211,W01001297,1.0,0.4835759011536625
1212,W01001298,1.0,0.4835759011536625
1213,W01001299,0.0,0.8915332148597962
1214,W01001300,0.0,0.8915332148597962
1215,W01001301,5.0,-1.1482533536708721
1216,W01001302,0.0,0.8915332148597962
1217,W01001305,5.0,-1.1482533536708721
1218,W01001306,4.0,-0.7402960399647384
1219,W01001307,4.0,-0.7402960399647384
1220,W01001308,1.0,0.4835759011536625
1221,W01001309,1.0,0.4835759011536625
1222,W01001310,5.0,-1.1482533536708721
1223,W01001311,1.0,0.4835759011536625
1224,W01001312,1.0,0.4835759011536625
1225,W01001313,1.0,0.4835759011536625
1226,W01001314,1.0,0.4835759011536625
1227,W01001315,4.0,-0.7402960399647384
1228,W01001317,4.0,-0.7402960399647384
1229,W01001318,4.0,-0.7402960399647384
1230,W01001319,2.0,0.07561858744752888
1231,W01001320,1.0,0.4835759011536625
1232,W01001321,1.0,0.4835759011536625
1233,W01001322,2.0,0.07561858744752888
1234,W01001324,0.0,0.8915332148597962
1235,W01001325,3.0,-0.3323387262586048
1236,W01001326,3.0,-0.3323387262586048
1237,W01001327,1.0,0.4835759011536625
1238,W01001328,1.0,0.4835759011536625
1239,W01001329,1.0,0.4835759011536625
1240,W01001330,1.0,0.4835759011536625
1241,W01001331,1.0,0.4835759011536625
1242,W01001332,1.0,0.4835759011536625
1243,W01001333,1.0,0.4835759011536625
1244,W01001334,1.0,0.4835759011536625
1245,W01001335,1.0,0.4835759011536625
1246,W01001336,2.0,0.07561858744752888
1247,W01001337,2.0,0.07561858744752888
1248,W01001338,2.0,0.07561858744752888
1249,W01001339,2.0,0.07561858744752888
1250,W01001340,2.0,0.07561858744752888
1251,W01001341,2.0,0.07561858744752888
1252,W01001342,0.0,0.8915332148597962
1253,W01001343,0.0,0.8915332148597962
1254,W01001344,3.0,-0.3323387262586048
1255,W01001345,1.0,0.4835759011536625
1256,W01001346,1.0,0.4835759011536625
1257,W01001347,3.0,-0.3323387262586048
1258,W01001348,4.0,-0.7402960399647384
1259,W01001349,4.0,-0.7402960399647384
1260,W01001350,3.0,-0.3323387262586048
1261,W01001351,1.0,0.4835759011536625
1262,W01001352,2.0,0.07561858744752888
1263,W01001353,2.0,0.07561858744752888
1264,W01001354,0.0,0.8915332148597962
1265,W01001355,1.0,0.4835759011536625
1266,W01001356,1.0,0.4835759011536625
1267,W01001357,1.0,0.4835759011536625
1268,W01001358,0.0,0.8915332148597962
1269,W01001359,1.0,0.4835759011536625
1270,W01001360,0.0,0.8915332148597962
1271,W01001361,0.0,0.8915332148597962
1272,W01001362,2.0,0.07561858744752888
1273,W01001363,1.0,0.4835759011536625
1274,W01001364,1.0,0.4835759011536625
1275,W01001365,1.0,0.4835759011536625
1276,W01001366,1.0,0.4835759011536625
1277,W01001367,1.0,0.4835759011536625
1278,W01001368,1.0,0.4835759011536625
1279,W01001369,2.0,0.07561858744752888
1280,W01001370,3.0,-0.3323387262586048
1281,W01001371,3.0,-0.3323387262586048
1282,W01001372,3.0,-0.3323387262586048
1283,W01001373,2.0,0.07561858744752888
1284,W01001374,0.0,0.8915332148597962
1285,W01001375,2.0,0.07561858744752888
1286,W01001376,2.0,0.07561858744752888
1287,W01001377,1.0,0.4835759011536625
1288,W01001378,2.0,0.07561858744752888
1289,W01001379,2.0,0.07561858744752888
1290,W01001380,0.0,0.8915332148597962
1291,W01001381,0.0,0.8915332148597962
1292,W01001382,2.0,0.07561858744752888
1293,W01001383,2.0,0.07561858744752888
1294,W01001384,1.0,0.4835759011536625
1295,W01001385,1.0,0.4835759011536625
1296,W01001386,1.0,0.4835759011536625
1297,W01001387,4.0,-0.7402960399647384
1298,W01001388,2.0,0.07561858744752888
1299,W01001389,2.0,0.07561858744752888
1300,W01001390,0.0,0.8915332148597962
1301,W01001391,0.0,0.8915332148597962
1302,W01001392,2.0,0.07561858744752888
1303,W01001393,2.0,0.07561858744752888
1304,W01001394,0.0,0.8915332148597962
1305,W01001395,2.0,0.07561858744752888
1306,W01001396,2.0,0.07561858744752888
1307,W01001397,0.0,0.8915332148597962
1308,W01001398,1.0,0.4835759011536625
1309,W01001399,2.0,0.07561858744752888
1310,W01001400,1.0,0.4835759011536625
1311,W01001401,2.0,0.07561858744752888
1312,W01001402,4.0,-0.7402960399647384
1313,W01001403,2.0,0.07561858744752888
1314,W01001404,4.0,-0.7402960399647384
1315,W01001405,2.0,0.07561858744752888
1316,W01001406,2.0,0.07561858744752888
1317,W01001407,1.0,0.4835759011536625
1318,W01001408,2.0,0.07561858744752888
1319,W01001409,2.0,0.07561858744752888
1320,W01001410,2.0,0.07561858744752888
1321,W01001411,2.0,0.07561858744752888
1322,W01001412,2.0,0.07561858744752888
1323,W01001413,2.0,0.07561858744752888
1324,W01001414,1.0,0.4835759011536625
1325,W01001415,1.0,0.4835759011536625
1326,W01001416,1.0,0.4835759011536625
1327,W01001417,1.0,0.4835759011536625
1328,W01001418,1.0,0.4835759011536625
1329,W01001419,0.0,0.8915332148597962
1330,W01001420,3.0,-0.3323387262586048
1331,W01001421,2.0,0.07561858744752888
1332,W01001422,2.0,0.07561858744752888
1333,W01001423,2.0,0.07561858744752888
1334,W01001424,3.0,-0.3323387262586048
1335,W01001425,2.0,0.07561858744752888
1336,W01001426,2.0,0.07561858744752888
1337,W01001427,1.0,0.4835759011536625
1338,W01001428,2.0,0.07561858744752888
1339,W01001429,2.0,0.07561858744752888
1340,W01001430,0.0,0.8915332148597962
1341,W01001431,0.0,0.8915332148597962
1342,W01001432,1.0,0.4835759011536625
1343,W01001433,1.0,0.4835759011536625
1344,W01001434,1.0,0.4835759011536625
1345,W01001435,2.0,0.07561858744752888
1346,W01001436,2.0,0.07561858744752888
1347,W01001437,2.0,0.07561858744752888
1348,W01001438,2.0,0.07561858744752888
1349,W01001439,2.0,0.07561858744752888
1350,W01001440,3.0,-0.3323387262586048
1351,W01001441,1.0,0.4835759011536625
1352,W01001442,2.0,0.07561858744752888
1353,W01001443,1.0,0.4835759011536625
1354,W01001444,1.0,0.4835759011536625
1355,W01001445,1.0,0.4835759011536625
1356,W01001446,1.0,0.4835759011536625
1357,W01001447,1.0,0.4835759011536625
1358,W01001448,1.0,0.4835759011536625
1359,W01001449,1.0,0.4835759011536625
1360,W01001450,1.0,0.4835759011536625
1361,W01001451,1.0,0.4835759011536625
1362,W01001452,1.0,0.4835759011536625
1363,W01001453,2.0,0.07561858744752888
1364,W01001454,2.0,0.07561858744752888
1365,W01001455,2.0,0.07561858744752888
1366,W01001456,2.0,0.07561858744752888
1367,W01001457,2.0,0.07561858744752888
1368,W01001458,2.0,0.07561858744752888
1369,W01001459,1.0,0.4835759011536625
1370,W01001460,2.0,0.07561858744752888
1371,W01001461,2.0,0.07561858744752888
1372,W01001462,2.0,0.07561858744752888
1373,W01001463,2.0,0.07561858744752888
1374,W01001464,1.0,0.4835759011536625
1375,W01001465,1.0,0.4835759011536625
1376,W01001466,1.0,0.4835759011536625
1377,W01001467,1.0,0.4835759011536625
1378,W01001468,2.0,0.07561858744752888
1379,W01001469,1.0,0.4835759011536625
1380,W01001470,1.0,0.4835759011536625
1381,W01001471,2.0,0.07561858744752888
1382,W01001472,1.0,0.4835759011536625
1383,W01001473,1.0,0.4835759011536625
1384,W01001474,1.0,0.4835759011536625
1385,W01001475,2.0,0.07561858744752888
1386,W01001478,2.0,0.07561858744752888
1387,W01001479,2.0,0.07561858744752888
1388,W01001480,2.0,0.07561858744752888
1389,W01001481,2.0,0.07561858744752888
1390,W01001482,0.0,0.8915332148597962
1391,W01001483,0.0,0.8915332148597962
1392,W01001484,1.0,0.4835759011536625
1393,W01001485,1.0,0.4835759011536625
1394,W01001486,1.0,0.4835759011536625
1395,W01001487,1.0,0.4835759011536625
1396,W01001488,1.0,0.4835759011536625
1397,W01001489,1.0,0.4835759011536625
1398,W01001490,1.0,0.4835759011536625
1399,W01001491,4.0,-0.7402960399647384
1400,W01001492,2.0,0.07561858744752888
1401,W01001493,4.0,-0.7402960399647384
1402,W01001494,4.0,-0.7402960399647384
1403,W01001495,4.0,-0.7402960399647384
1404,W01001496,4.0,-0.7402960399647384
1405,W01001497,2.0,0.07561858744752888
1406,W01001498,3.0,-0.3323387262586048
1407,W01001499,1.0,0.4835759011536625
1408,W01001500,1.0,0.4835759011536625
1409,W01001501,3.0,-0.3323387262586048
1410,W01001502,1.0,0.4835759011536625
1411,W01001503,4.0,-0.7402960399647384
1412,W01001504,3.0,-0.3323387262586048
1413,W01001505,0.0,0.8915332148597962
1414,W01001506,5.0,-1.1482533536708721
1415,W01001507,3.0,-0.3323387262586048
1416,W01001508,3.0,-0.3323387262586048
1417,W01001509,0.0,0.8915332148597962
1418,W01001510,1.0,0.4835759011536625
1419,W01001511,1.0,0.4835759011536625
1420,W01001512,0.0,0.8915332148597962
1421,W01001513,4.0,-0.7402960399647384
1422,W01001514,4.0,-0.7402960399647384
1423,W01001515,1.0,0.4835759011536625
1424,W01001516,2.0,0.07561858744752888
1425,W01001517,2.0,0.07561858744752888
1426,W01001518,1.0,0.4835759011536625
1427,W01001519,5.0,-1.1482533536708721
1428,W01001520,4.0,-0.7402960399647384
1429,W01001521,4.0,-0.7402960399647384
1430,W01001522,4.0,-0.7402960399647384
1431,W01001523,4.0,-0.7402960399647384
1432,W01001524,4.0,-0.7402960399647384
1433,W01001525,3.0,-0.3323387262586048
1434,W01001526,4.0,-0.7402960399647384
1435,W01001527,6.0,-1.5562106673770058
1436,W01001528,4.0,-0.7402960399647384
1437,W01001529,4.0,-0.7402960399647384
1438,W01001530,4.0,-0.7402960399647384
1439,W01001531,4.0,-0.7402960399647384
1440,W01001532,4.0,-0.7402960399647384
1441,W01001533,1.0,0.4835759011536625
1442,W01001534,3.0,-0.3323387262586048
1443,W01001535,2.0,0.07561858744752888
1444,W01001536,1.0,0.4835759011536625
1445,W01001537,2.0,0.07561858744752888
1446,W01001538,2.0,0.07561858744752888
1447,W01001539,2.0,0.07561858744752888
1448,W01001540,4.0,-0.7402960399647384
1449,W01001541,4.0,-0.7402960399647384
1450,W01001542,0.0,0.8915332148597962
1451,W01001543,1.0,0.4835759011536625
1452,W01001545,3.0,-0.3323387262586048
1453,W01001546,3.0,-0.3323387262586048
1454,W01001548,0.0,0.8915332148597962
1455,W01001549,0.0,0.8915332148597962
1456,W01001551,1.0,0.4835759011536625
1457,W01001552,2.0,0.07561858744752888
1458,W01001554,2.0,0.07561858744752888
1459,W01001555,0.0,0.8915332148597962
1460,W01001556,0.0,0.8915332148597962
1461,W01001557,3.0,-0.3323387262586048
1462,W01001558,3.0,-0.3323387262586048
1463,W01001559,3.0,-0.3323387262586048
1464,W01001560,0.0,0.8915332148597962
1465,W01001561,0.0,0.8915332148597962
1466,W01001562,0.0,0.8915332148597962
1467,W01001563,0.0,0.8915332148597962
1468,W01001565,0.0,0.8915332148597962
1469,W01001568,0.0,0.8915332148597962
1470,W01001569,0.0,0.8915332148597962
1471,W01001571,2.0,0.07561858744752888
1472,W01001572,0.0,0.8915332148597962
1473,W01001573,0.0,0.8915332148597962
1474,W01001574,0.0,0.8915332148597962
1475,W01001575,0.0,0.8915332148597962
1476,W01001576,2.0,0.07561858744752888
1477,W01001577,2.0,0.07561858744752888
1478,W01001578,0.0,0.8915332148597962
1479,W01001579,3.0,-0.3323387262586048
1480,W01001580,3.0,-0.3323387262586048
1481,W01001581,0.0,0.8915332148597962
1482,W01001582,0.0,0.8915332148597962
1483,W01001583,1.0,0.4835759011536625
1484,W01001584,3.0,-0.3323387262586048
1485,W01001585,3.0,-0.3323387262586048
1486,W01001586,3.0,-0.3323387262586048
1487,W01001587,3.0,-0.3323387262586048
1488,W01001588,1.0,0.4835759011536625
1489,W01001589,1.0,0.4835759011536625
1490,W01001590,0.0,0.8915332148597962
1491,W01001591,0.0,0.8915332148597962
1492,W01001592,3.0,-0.3323387262586048
1493,W01001593,3.0,-0.3323387262586048
1494,W01001594,0.0,0.8915332148597962
1495,W01001595,0.0,0.8915332148597962
1496,W01001596,1.0,0.4835759011536625
1497,W01001597,1.0,0.4835759011536625
1498,W01001598,1.0,0.4835759011536625
1499,W01001599,2.0,0.07561858744752888
1500,W01001600,3.0,-0.3323387262586048
1501,W01001601,4.0,-0.7402960399647384
1502,W01001602,3.0,-0.3323387262586048
1503,W01001603,6.0,-1.5562106673770058
1504,W01001604,2.0,0.07561858744752888
1505,W01001605,5.0,-1.1482533536708721
1506,W01001606,4.0,-0.7402960399647384
1507,W01001607,5.0,-1.1482533536708721
1508,W01001608,6.0,-1.5562106673770058
1509,W01001609,4.0,-0.7402960399647384
1510,W01001610,4.0,-0.7402960399647384
1511,W01001611,6.0,-1.5562106673770058
1512,W01001612,6.0,-1.5562106673770058
1513,W01001613,7.0,-1.9641679810831394
1514,W01001614,4.0,-0.7402960399647384
1515,W01001615,5.0,-1.1482533536708721
1516,W01001616,5.0,-1.1482533536708721
1517,W01001617,1.0,0.4835759011536625
1518,W01001618,2.0,0.07561858744752888
1519,W01001619,0.0,0.8915332148597962
1520,W01001620,1.0,0.4835759011536625
1521,W01001621,0.0,0.8915332148597962
1522,W01001622,1.0,0.4835759011536625
1523,W01001623,1.0,0.4835759011536625
1524,W01001624,1.0,0.4835759011536625
1525,W01001625,1.0,0.4835759011536625
1526,W01001626,1.0,0.4835759011536625
1527,W01001627,1.0,0.4835759011536625
1528,W01001628,1.0,0.4835759011536625
1529,W01001629,4.0,-0.7402960399647384
1530,W01001630,4.0,-0.7402960399647384
1531,W01001631,3.0,-0.3323387262586048
1532,W01001632,0.0,0.8915332148597962
1533,W01001633,3.0,-0.3323387262586048
1534,W01001634,1.0,0.4835759011536625
1535,W01001635,0.0,0.8915332148597962
1536,W01001636,0.0,0.8915332148597962
1537,W01001637,1.0,0.4835759011536625
1538,W01001638,0.0,0.8915332148597962
1539,W01001639,0.0,0.8915332148597962
1540,W01001640,0.0,0.8915332148597962
1541,W01001641,0.0,0.8915332148597962
1542,W01001642,5.0,-1.1482533536708721
1543,W01001643,4.0,-0.7402960399647384
1544,W01001645,5.0,-1.1482533536708721
1545,W01001646,4.0,-0.7402960399647384
1546,W01001648,3.0,-0.3323387262586048
1547,W01001650,1.0,0.4835759011536625
1548,W01001651,1.0,0.4835759011536625
1549,W01001652,1.0,0.4835759011536625
1550,W01001653,2.0,0.07561858744752888
1551,W01001654,2.0,0.07561858744752888
1552,W01001655,2.0,0.07561858744752888
1553,W01001657,0.0,0.8915332148597962
1554,W01001658,0.0,0.8915332148597962
1555,W01001659,5.0,-1.1482533536708721
1556,W01001660,4.0,-0.7402960399647384
1557,W01001661,6.0,-1.5562106673770058
1558,W01001662,5.0,-1.1482533536708721
1559,W01001663,3.0,-0.3323387262586048
1560,W01001664,1.0,0.4835759011536625
1561,W01001665,4.0,-0.7402960399647384
1562,W01001666,2.0,0.07561858744752888
1563,W01001667,1.0,0.4835759011536625
1564,W01001668,4.0,-0.7402960399647384
1565,W01001669,1.0,0.4835759011536625
1566,W01001670,0.0,0.8915332148597962
1567,W01001671,1.0,0.4835759011536625
1568,W01001673,1.0,0.4835759011536625
1569,W01001674,1.0,0.4835759011536625
1570,W01001675,8.0,-2.372125294789273
1571,W01001676,8.0,-2.372125294789273
1572,W01001677,3.0,-0.3323387262586048
1573,W01001678,4.0,-0.7402960399647384
1574,W01001679,5.0,-1.1482533536708721
1575,W01001680,5.0,-1.1482533536708721
1576,W01001681,7.0,-1.9641679810831394
1577,W01001682,2.0,0.07561858744752888
1578,W01001683,4.0,-0.7402960399647384
1579,W01001684,5.0,-1.1482533536708721
1580,W01001685,7.0,-1.9641679810831394
1581,W01001686,5.0,-1.1482533536708721
1582,W01001687,7.0,-1.9641679810831394
1583,W01001689,1.0,0.4835759011536625
1584,W01001690,9.0,-2.7800826084954067
1585,W01001691,7.0,-1.9641679810831394
1586,W01001692,8.0,-2.372125294789273
1587,W01001693,9.0,-2.7800826084954067
1588,W01001694,9.0,-2.7800826084954067
1589,W01001695,14.0,-4.819869177026074
1590,W01001696,10.0,-3.1880399222015403
1591,W01001697,9.0,-2.7800826084954067
1592,W01001698,10.0,-3.1880399222015403
1593,W01001699,7.0,-1.9641679810831394
1594,W01001702,3.0,-0.3323387262586048
1595,W01001703,4.0,-0.7402960399647384
1596,W01001704,4.0,-0.7402960399647384
1597,W01001705,3.0,-0.3323387262586048
1598,W01001706,5.0,-1.1482533536708721
1599,W01001707,5.0,-1.1482533536708721
1600,W01001708,4.0,-0.7402960399647384
1601,W01001710,8.0,-2.372125294789273
1602,W01001711,9.0,-2.7800826084954067
1603,W01001712,7.0,-1.9641679810831394
1604,W01001713,9.0,-2.7800826084954067
1605,W01001714,9.0,-2.7800826084954067
1606,W01001715,8.0,-2.372125294789273
1607,W01001716,8.0,-2.372125294789273
1608,W01001717,8.0,-2.372125294789273
1609,W01001718,11.0,-3.5959972359076735
1610,W01001719,8.0,-2.372125294789273
1611,W01001720,12.0,-4.003954549613807
1612,W01001721,10.0,-3.1880399222015403
1613,W01001722,10.0,-3.1880399222015403
1614,W01001724,12.0,-4.003954549613807
1615,W01001725,12.0,-4.003954549613807
1616,W01001726,10.0,-3.1880399222015403
1617,W01001727,0.0,0.8915332148597962
1618,W01001728,0.0,0.8915332148597962
1619,W01001729,3.0,-0.3323387262586048
1620,W01001730,5.0,-1.1482533536708721
1621,W01001731,3.0,-0.3323387262586048
1622,W01001732,3.0,-0.3323387262586048
1623,W01001733,3.0,-0.3323387262586048
1624,W01001734,6.0,-1.5562106673770058
1625,W01001735,6.0,-1.5562106673770058
1626,W01001736,4.0,-0.7402960399647384
1627,W01001737,5.0,-1.1482533536708721
1628,W01001738,4.0,-0.7402960399647384
1629,W01001739,5.0,-1.1482533536708721
1630,W01001740,5.0,-1.1482533536708721
1631,W01001741,4.0,-0.7402960399647384
1632,W01001742,4.0,-0.7402960399647384
1633,W01001743,3.0,-0.3323387262586048
1634,W01001744,4.0,-0.7402960399647384
1635,W01001745,3.0,-0.3323387262586048
1636,W01001746,6.0,-1.5562106673770058
1637,W01001747,4.0,-0.7402960399647384
1638,W01001748,3.0,-0.3323387262586048
1639,W01001749,2.0,0.07561858744752888
1640,W01001750,3.0,-0.3323387262586048
1641,W01001751,2.0,0.07561858744752888
1642,W01001752,4.0,-0.7402960399647384
1643,W01001753,2.0,0.07561858744752888
1644,W01001754,4.0,-0.7402960399647384
1645,W01001755,7.0,-1.9641679810831394
1646,W01001756,7.0,-1.9641679810831394
1647,W01001757,9.0,-2.7800826084954067
1648,W01001758,9.0,-2.7800826084954067
1649,W01001759,11.0,-3.5959972359076735
1650,W01001760,9.0,-2.7800826084954067
1651,W01001761,10.0,-3.1880399222015403
1652,W01001762,9.0,-2.7800826084954067
1653,W01001764,12.0,-4.003954549613807
1654,W01001765,11.0,-3.5959972359076735
1655,W01001766,11.0,-3.5959972359076735
1656,W01001767,11.0,-3.5959972359076735
1657,W01001768,11.0,-3.5959972359076735
1658,W01001769,4.0,-0.7402960399647384
1659,W01001770,6.0,-1.5562106673770058
1660,W01001771,6.0,-1.5562106673770058
1661,W01001772,7.0,-1.9641679810831394
1662,W01001773,5.0,-1.1482533536708721
1663,W01001774,5.0,-1.1482533536708721
1664,W01001775,5.0,-1.1482533536708721
1665,W01001776,5.0,-1.1482533536708721
1666,W01001777,1.0,0.4835759011536625
1667,W01001778,2.0,0.07561858744752888
1668,W01001779,6.0,-1.5562106673770058
1669,W01001780,4.0,-0.7402960399647384
1670,W01001781,7.0,-1.9641679810831394
1671,W01001782,4.0,-0.7402960399647384
1672,W01001783,3.0,-0.3323387262586048
1673,W01001784,3.0,-0.3323387262586048
1674,W01001785,5.0,-1.1482533536708721
1675,W01001786,3.0,-0.3323387262586048
1676,W01001787,7.0,-1.9641679810831394
1677,W01001788,5.0,-1.1482533536708721
1678,W01001789,4.0,-0.7402960399647384
1679,W01001790,3.0,-0.3323387262586048
1680,W01001791,3.0,-0.3323387262586048
1681,W01001792,3.0,-0.3323387262586048
1682,W01001793,2.0,0.07561858744752888
1683,W01001794,2.0,0.07561858744752888
1684,W01001795,2.0,0.07561858744752888
1685,W01001796,2.0,0.07561858744752888
1686,W01001797,2.0,0.07561858744752888
1687,W01001798,3.0,-0.3323387262586048
1688,W01001799,3.0,-0.3323387262586048
1689,W01001800,3.0,-0.3323387262586048
1690,W01001802,3.0,-0.3323387262586048
1691,W01001803,1.0,0.4835759011536625
1692,W01001804,2.0,0.07561858744752888
1693,W01001805,2.0,0.07561858744752888
1694,W01001806,1.0,0.4835759011536625
1695,W01001807,1.0,0.4835759011536625
1696,W01001808,0.0,0.8915332148597962
1697,W01001809,2.0,0.07561858744752888
1698,W01001810,3.0,-0.3323387262586048
1699,W01001811,3.0,-0.3323387262586048
1700,W01001812,2.0,0.07561858744752888
1701,W01001813,2.0,0.07561858744752888
1702,W01001814,3.0,-0.3323387262586048
1703,W01001815,3.0,-0.3323387262586048
1704,W01001816,3.0,-0.3323387262586048
1705,W01001817,3.0,-0.3323387262586048
1706,W01001818,3.0,-0.3323387262586048
1707,W01001819,0.0,0.8915332148597962
1708,W01001820,1.0,0.4835759011536625
1709,W01001821,9.0,-2.7800826084954067
1710,W01001822,9.0,-2.7800826084954067
1711,W01001823,11.0,-3.5959972359076735
1712,W01001824,11.0,-3.5959972359076735
1713,W01001825,9.0,-2.7800826084954067
1714,W01001826,4.0,-0.7402960399647384
1715,W01001827,9.0,-2.7800826084954067
1716,W01001828,7.0,-1.9641679810831394
1717,W01001829,12.0,-4.003954549613807
1718,W01001830,11.0,-3.5959972359076735
1719,W01001831,11.0,-3.5959972359076735
1720,W01001832,11.0,-3.5959972359076735
1721,W01001833,11.0,-3.5959972359076735
1722,W01001834,10.0,-3.1880399222015403
1723,W01001835,10.0,-3.1880399222015403
1724,W01001836,11.0,-3.5959972359076735
1725,W01001837,11.0,-3.5959972359076735
1726,W01001838,11.0,-3.5959972359076735
1727,W01001839,11.0,-3.5959972359076735
1728,W01001840,2.0,0.07561858744752888
1729,W01001841,2.0,0.07561858744752888
1730,W01001842,2.0,0.07561858744752888
1731,W01001844,2.0,0.07561858744752888
1732,W01001846,1.0,0.4835759011536625
1733,W01001847,1.0,0.4835759011536625
1734,W01001848,5.0,-1.1482533536708721
1735,W01001849,1.0,0.4835759011536625
1736,W01001850,4.0,-0.7402960399647384
1737,W01001851,5.0,-1.1482533536708721
1738,W01001852,1.0,0.4835759011536625
1739,W01001853,3.0,-0.3323387262586048
1740,W01001854,2.0,0.07561858744752888
1741,W01001855,11.0,-3.5959972359076735
1742,W01001856,13.0,-4.411911863319941
1743,W01001857,11.0,-3.5959972359076735
1744,W01001858,8.0,-2.372125294789273
1745,W01001859,8.0,-2.372125294789273
1746,W01001860,10.0,-3.1880399222015403
1747,W01001861,11.0,-3.5959972359076735
1748,W01001862,13.0,-4.411911863319941
1749,W01001863,1.0,0.4835759011536625
1750,W01001864,1.0,0.4835759011536625
1751,W01001865,3.0,-0.3323387262586048
1752,W01001866,1.0,0.4835759011536625
1753,W01001867,1.0,0.4835759011536625
1754,W01001868,1.0,0.4835759011536625
1755,W01001869,9.0,-2.7800826084954067
1756,W01001870,9.0,-2.7800826084954067
1757,W01001871,7.0,-1.9641679810831394
1758,W01001872,9.0,-2.7800826084954067
1759,W01001873,9.0,-2.7800826084954067
1760,W01001874,10.0,-3.1880399222015403
1761,W01001876,7.0,-1.9641679810831394
1762,W01001877,2.0,0.07561858744752888
1763,W01001878,2.0,0.07561858744752888
1764,W01001879,2.0,0.07561858744752888
1765,W01001880,2.0,0.07561858744752888
1766,W01001881,3.0,-0.3323387262586048
1767,W01001882,2.0,0.07561858744752888
1768,W01001883,3.0,-0.3323387262586048
1769,W01001884,2.0,0.07561858744752888
1770,W01001885,2.0,0.07561858744752888
1771,W01001886,1.0,0.4835759011536625
1772,W01001887,3.0,-0.3323387262586048
1773,W01001888,4.0,-0.7402960399647384
1774,W01001889,5.0,-1.1482533536708721
1775,W01001890,6.0,-1.5562106673770058
1776,W01001891,5.0,-1.1482533536708721
1777,W01001892,7.0,-1.9641679810831394
1778,W01001893,1.0,0.4835759011536625
1779,W01001894,3.0,-0.3323387262586048
1780,W01001895,3.0,-0.3323387262586048
1781,W01001896,4.0,-0.7402960399647384
1782,W01001897,0.0,0.8915332148597962
1783,W01001898,0.0,0.8915332148597962
1784,W01001899,1.0,0.4835759011536625
1785,W01001900,1.0,0.4835759011536625
1786,W01001901,1.0,0.4835759011536625
1787,W01001902,1.0,0.4835759011536625
1788,W01001903,1.0,0.4835759011536625
1789,W01001904,1.0,0.4835759011536625
1790,W01001905,0.0,0.8915332148597962
1791,W01001906,0.0,0.8915332148597962
1792,W01001907,0.0,0.8915332148597962
1793,W01001908,1.0,0.4835759011536625
1794,W01001910,5.0,-1.1482533536708721
1795,W01001911,5.0,-1.1482533536708721
1796,W01001912,1.0,0.4835759011536625
1797,W01001913,1.0,0.4835759011536625
1798,W01001914,1.0,0.4835759011536625
1799,W01001915,1.0,0.4835759011536625
1800,W01001916,1.0,0.4835759011536625
1801,W01001917,1.0,0.4835759011536625
1802,W01001918,1.0,0.4835759011536625
1803,W01001919,2.0,0.07561858744752888
1804,W01001920,1.0,0.4835759011536625
1805,W01001921,1.0,0.4835759011536625
1806,W01001922,14.0,-4.819869177026074
1807,W01001923,2.0,0.07561858744752888
1808,W01001924,2.0,0.07561858744752888
1809,W01001925,2.0,0.07561858744752888
1810,W01001926,0.0,0.8915332148597962
1811,W01001927,0.0,0.8915332148597962
1812,W01001928,1.0,0.4835759011536625
1813,W01001929,6.0,-1.5562106673770058
1814,W01001930,0.0,0.8915332148597962
1815,W01001931,6.0,-1.5562106673770058
1816,W01001932,1.0,0.4835759011536625
1817,W01001933,0.0,0.8915332148597962
1818,W01001935,2.0,0.07561858744752888
1819,W01001936,3.0,-0.3323387262586048
1820,W01001937,1.0,0.4835759011536625
1821,W01001940,4.0,-0.7402960399647384
1822,W01001942,6.0,-1.5562106673770058
1823,W01001943,8.0,-2.372125294789273
1824,W01001944,8.0,-2.372125294789273
1825,W01001946,6.0,-1.5562106673770058
1826,W01001947,6.0,-1.5562106673770058
1827,W01001948,2.0,0.07561858744752888
1828,W01001949,3.0,-0.3323387262586048
1829,W01001950,6.0,-1.5562106673770058
1830,W01001951,11.0,-3.5959972359076735
1831,W01001952,6.0,-1.5562106673770058
1832,W01001953,4.0,-0.7402960399647384
1833,W01001954,1.0,0.4835759011536625
1834,W01001955,12.0,-4.003954549613807
1835,W01001956,0.0,0.8915332148597962
1836,W01001958,7.0,-1.9641679810831394
1837,W01001959,5.0,-1.1482533536708721
1838,W01001960,5.0,-1.1482533536708721
1839,W01001961,0.5,0.6875545580067294
1840,W01001962,1.5,0.2795972443005957
1841,W01001963,2.0,0.07561858744752888
1842,W01001964,2.0,0.07561858744752888
1843,W01001965,0.0,0.8915332148597962
1844,W01001966,0.0,0.8915332148597962
1845,W01001967,0.0,0.8915332148597962
1846,W01001968,0.0,0.8915332148597962
1847,W01001969,5.5,-1.352232010523939
1848,W01001970,0.0,0.8915332148597962
1849,W01001971,3.0,-0.3323387262586048
1850,W01001972,3.0,-0.3323387262586048
1851,W01001973,2.0,0.07561858744752888
1852,W01001974,3.0,-0.3323387262586048
1853,W01001975,3.0,-0.3323387262586048
1854,W01001976,1.0,0.4835759011536625
1855,W01001977,1.0,0.4835759011536625
1856,W01001978,2.0,0.07561858744752888
1857,W01001979,2.0,0.07561858744752888
1858,W01001980,0.0,0.8915332148597962
1859,W01001981,0.0,0.8915332148597962
1860,W01001982,0.0,0.8915332148597962
1861,W01001983,0.0,0.8915332148597962
1862,W01001984,0.0,0.8915332148597962
1863,W01001985,0.0,0.8915332148597962
1864,W01001986,3.0,-0.3323387262586048
1865,W01001987,2.0,0.07561858744752888
1866,W01001988,2.0,0.07561858744752888
1867,W01001989,2.0,0.07561858744752888
1868,W01001990,0.5,0.6875545580067294
1869,W01001991,2.0,0.07561858744752888
1870,W01001992,2.0,0.07561858744752888
1871,W01001993,0.0,0.8915332148597962
1872,W01001994,0.0,0.8915332148597962
1873,W01001995,8.0,-2.372125294789273
1874,W01001996,8.0,-2.372125294789273
1875,W01001997,8.5,-2.57610395164234
1876,W01001998,1.0,0.4835759011536625
1877,W01001999,0.0,0.8915332148597962
1878,W01002000,2.0,0.07561858744752888
1879,W01002001,2.0,0.07561858744752888
1880,W01002002,0.3333333333333333,0.7555474436244183
1881,W01002003,0.0,0.8915332148597962
1882,W01002004,1.0,0.4835759011536625
1883,W01002005,0.0,0.8915332148597962
1884,W01002007,0.0,0.8915332148597962
1885,W01002008,0.0,0.8915332148597962
1886,W01002009,2.0,0.07561858744752888
1887,W01002010,2.0,0.07561858744752888
1888,W01002011,2.0,0.07561858744752888
1889,W01002012,2.0,0.07561858744752888
1890,W01002013,1.0,0.4835759011536625
1891,W01002014,1.0,0.4835759011536625
1892,W01002016,2.0,0.07561858744752888
1893,W01002017,2.0,0.07561858744752888
1894,W01002018,2.0,0.07561858744752888
1895,W01002019,18.5,-6.655677088703675
1896,W01002020,7.0,-1.9641679810831394
1897,W01002021,7.0,-1.9641679810831394
1898,W01002022,8.0,-2.372125294789273
1899,W01002023,8.0,-2.372125294789273
1900,W01002024,6.0,-1.5562106673770058
1901,W01002025,6.0,-1.5562106673770058
1902,W01002026,1.0,0.4835759011536625
1903,W01002027,1.0,0.4835759011536625
1904,W01002028,1.0,0.4835759011536625
1905,W01002029,1.0,0.4835759011536625
1906,W01002030,7.0,-1.9641679810831394
1907,W01002031,7.0,-1.9641679810831394
1908,W01002032,5.0,-1.1482533536708721
1909,W01002033,5.0,-1.1482533536708721
1910,W01002034,1.0,0.4835759011536625
1911,W01002035,1.0,0.4835759011536625
1912,W01002036,3.0,-0.3323387262586048
1913,W01002037,3.0,-0.3323387262586048
1914,W01002038,0.0,0.8915332148597962
1915,W01002039,0.0,0.8915332148597962
1916,W01002040,1.0,0.4835759011536625
