lsoa21_code,total_pop,in_mobile_home,mobilehome_perc,z_mobilehome_perc
W01000003,1140,9,0.7894736842105263,0.3746964343131503
W01000004,581,3,0.5163511187607573,0.15702930201931592
W01000005,819,0,0.0,-0.2544806993322118
W01000006,656,2,0.3048780487804878,-0.011505789997620768
W01000007,752,10,1.3297872340425532,0.8053034796803661
W01000008,645,2,0.31007751937984496,-0.007362031853930066
W01000009,783,11,1.40485312899106,0.8651278228634516
W01000010,879,0,0.0,-0.2544806993322118
W01000011,567,3,0.5291005291005291,0.16719004279342767
W01000012,779,0,0.0,-0.2544806993322118
W01000013,959,3,0.31282586027111575,-0.005171720411213275
W01000014,971,0,0.0,-0.2544806993322118
W01000015,647,3,0.46367851622874806,0.11505146571452325
W01000016,584,3,0.5136986301369862,0.15491538077949635
W01000017,730,1,0.136986301369863,-0.14530841130242297
W01000018,584,3,0.5136986301369862,0.15491538077949635
W01000019,647,4,0.6182380216383307,0.23822885406343494
W01000021,1014,6,0.591715976331361,0.21709190576687615
W01000022,678,10,1.4749262536873156,0.9209731393366063
W01000023,634,0,0.0,-0.2544806993322118
W01000024,504,8,1.5873015873015872,1.0105315270447066
W01000025,927,1,0.10787486515641855,-0.16850899462698435
W01000026,577,9,1.559792027729636,0.9886075716482261
W01000027,781,1,0.12804097311139565,-0.15243745956045016
W01000028,812,10,1.2315270935960592,0.7269943038912594
W01000029,714,1,0.1400560224089636,-0.1428619734754249
W01000030,1061,4,0.3770028275212064,0.045974607969374845
W01000031,674,11,1.6320474777448073,1.046192109093908
W01000033,722,1,0.13850415512465375,-0.14409874606109566
W01000034,639,0,0.0,-0.2544806993322118
W01000035,795,8,1.0062893081761006,0.5474893158803252
W01000036,516,1,0.1937984496124031,-0.10003153215828571
W01000037,499,4,0.8016032064128256,0.3843631504613421
W01000038,1014,7,0.6903353057199211,0.29568733995005747
W01000040,498,1,0.2008032128514056,-0.09444903213995107
W01000041,634,0,0.0,-0.2544806993322118
W01000042,909,2,0.22002200220022,-0.07913246993343105
W01000044,514,3,0.5836575875486382,0.2106697107557991
W01000047,565,7,1.238938053097345,0.7329005251495952
W01000050,604,4,0.6622516556291391,0.27330585869259527
W01000051,943,0,0.0,-0.2544806993322118
W01000052,464,1,0.21551724137931033,-0.08272257376810435
W01000053,492,1,0.20325203252032523,-0.09249742644248443
W01000054,454,3,0.6607929515418502,0.2721433332343908
W01000056,811,4,0.4932182490752158,0.13859338333977764
W01000057,631,4,0.6339144215530903,0.25072228172481426
W01000059,953,4,0.4197271773347324,0.08002410764258719
W01000060,602,2,0.33222591362126247,0.010289301537375785
W01000061,766,0,0.0,-0.2544806993322118
W01000062,563,3,0.5328596802841918,0.17018592728455123
W01000063,804,3,0.3731343283582089,0.04289157776385482
W01000064,774,2,0.2583979328165375,-0.04854847643364366
W01000065,532,1,0.18796992481203006,-0.1046766198928399
W01000066,497,2,0.4024144869215292,0.06622662566475346
W01000067,567,2,0.3527336860670194,0.026633128751547833
W01000068,663,0,0.0,-0.2544806993322118
W01000070,535,6,1.1214953271028036,0.6393036400518539
W01000071,1000,1,0.1,-0.17478492907046594
W01000072,693,0,0.0,-0.2544806993322118
W01000073,721,1,0.13869625520110956,-0.1439456504254908
W01000074,897,15,1.6722408026755853,1.0782244889912975
W01000075,637,6,0.9419152276295133,0.4961858965398057
W01000076,492,0,0.0,-0.2544806993322118
W01000077,541,0,0.0,-0.2544806993322118
W01000078,684,7,1.023391812865497,0.5611192887265909
W01000080,706,9,1.2747875354107647,0.7614710462141234
W01000081,881,3,0.340522133938706,0.01690103822197387
W01000082,448,2,0.4464285714285714,0.10130398933629649
W01000083,566,5,0.88339222614841,0.44954553972914746
W01000084,496,3,0.6048387096774194,0.22755016918641238
W01000085,947,2,0.21119324181626187,-0.08616861852599035
W01000086,920,1,0.10869565217391304,-0.16785486209118372
W01000087,759,1,0.13175230566534915,-0.14947968449460197
W01000088,822,1,0.12165450121654502,-0.15752720752960125
W01000089,825,6,0.7272727272727273,0.3251249025713945
W01000090,523,0,0.0,-0.2544806993322118
W01000091,484,1,0.2066115702479339,-0.08982001697323275
W01000092,614,0,0.0,-0.2544806993322118
W01000093,1047,1,0.09551098376313276,-0.17836248513761213
W01000094,526,2,0.38022813688212925,0.04854504310788651
W01000095,562,1,0.1779359430604982,-0.11267327893764623
W01000096,528,2,0.3787878787878788,0.04739721832591646
W01000097,537,1,0.186219739292365,-0.10607144372374652
W01000098,1031,0,0.0,-0.2544806993322118
W01000099,714,3,0.42016806722689076,0.08037547823814897
W01000100,476,2,0.42016806722689076,0.08037547823814897
W01000101,619,0,0.0,-0.2544806993322118
W01000102,761,1,0.1314060446780552,-0.14975563985554183
W01000103,521,0,0.0,-0.2544806993322118
W01000104,799,0,0.0,-0.2544806993322118
W01000105,727,3,0.41265474552957354,0.07438767863922913
W01000106,797,3,0.37641154328732745,0.04550337944474876
W01000107,566,2,0.35335689045936397,0.02712979629233189
W01000108,1033,5,0.48402710551790895,0.13126843068591915
W01000109,812,1,0.12315270935960591,-0.15633319900986467
W01000110,648,0,0.0,-0.2544806993322118
W01000111,745,1,0.1342281879194631,-0.147506511061412
W01000112,843,2,0.2372479240806643,-0.06540413880612435
W01000113,814,0,0.0,-0.2544806993322118
W01000114,643,4,0.6220839813374806,0.2412939212696287
W01000115,890,1,0.11235955056179776,-0.1649348900493513
W01000116,867,0,0.0,-0.2544806993322118
W01000117,697,3,0.430416068866571,0.0885427020813285
W01000118,713,2,0.2805049088359046,-0.03093015161342959
W01000119,1050,2,0.19047619047619047,-0.1026792321669816
W01000121,517,2,0.3868471953578337,0.05382015274417453
W01000122,851,1,0.11750881316098707,-0.16083114555812736
W01000123,827,0,0.0,-0.2544806993322118
W01000124,879,3,0.3412969283276451,0.017518516578183648
W01000125,710,3,0.42253521126760557,0.08226199191460165
W01000126,730,0,0.0,-0.2544806993322118
W01000127,579,0,0.0,-0.2544806993322118
W01000128,649,0,0.0,-0.2544806993322118
W01000129,531,0,0.0,-0.2544806993322118
W01000130,742,58,7.816711590296496,5.9751078116937455
W01000131,696,1,0.14367816091954022,-0.1399752822894735
W01000132,743,0,0.0,-0.2544806993322118
W01000133,826,1,0.12106537530266344,-0.15799671596448076
W01000134,946,0,0.0,-0.2544806993322118
W01000135,996,0,0.0,-0.2544806993322118
W01000136,849,0,0.0,-0.2544806993322118
W01000137,625,0,0.0,-0.2544806993322118
W01000138,948,0,0.0,-0.2544806993322118
W01000139,669,0,0.0,-0.2544806993322118
W01000140,785,0,0.0,-0.2544806993322118
W01000141,817,0,0.0,-0.2544806993322118
W01000142,729,1,0.1371742112482853,-0.1451586550774164
W01000143,653,0,0.0,-0.2544806993322118
W01000144,818,1,0.12224938875305623,-0.1570531073251875
W01000145,570,1,0.17543859649122806,-0.11466355852213135
W01000146,1009,1,0.09910802775024777,-0.17549579322542702
W01000147,769,0,0.0,-0.2544806993322118
W01000148,452,0,0.0,-0.2544806993322118
W01000149,692,1,0.1445086705202312,-0.13931340126610509
W01000150,638,12,1.8808777429467085,1.244499305590908
W01000151,619,0,0.0,-0.2544806993322118
W01000152,606,0,0.0,-0.2544806993322118
W01000153,744,2,0.2688172043010753,-0.04024475776837881
W01000154,600,0,0.0,-0.2544806993322118
W01000155,649,1,0.15408320493066258,-0.1316829023187359
W01000156,836,1,0.11961722488038277,-0.15915083059806603
W01000157,692,0,0.0,-0.2544806993322118
W01000158,777,0,0.0,-0.2544806993322118
W01000159,579,2,0.3454231433506045,0.02080693542338702
W01000162,757,4,0.5284015852047557,0.16663301407199357
W01000163,524,1,0.19083969465648853,-0.10238953471055941
W01000164,547,0,0.0,-0.2544806993322118
W01000165,858,0,0.0,-0.2544806993322118
W01000166,1169,0,0.0,-0.2544806993322118
W01000167,846,0,0.0,-0.2544806993322118
W01000168,753,0,0.0,-0.2544806993322118
W01000169,921,0,0.0,-0.2544806993322118
W01000170,819,0,0.0,-0.2544806993322118
W01000171,689,0,0.0,-0.2544806993322118
W01000172,633,0,0.0,-0.2544806993322118
W01000173,645,6,0.9302325581395349,0.48687530310263344
W01000174,730,0,0.0,-0.2544806993322118
W01000175,760,0,0.0,-0.2544806993322118
W01000176,710,28,3.943661971830986,2.8884510856380476
W01000177,617,1,0.1620745542949757,-0.12531413488853943
W01000178,890,2,0.22471910112359553,-0.07538908076649076
W01000179,922,0,0.0,-0.2544806993322118
W01000180,560,0,0.0,-0.2544806993322118
W01000181,607,0,0.0,-0.2544806993322118
W01000182,1004,0,0.0,-0.2544806993322118
W01000183,664,0,0.0,-0.2544806993322118
W01000184,1057,12,1.1352885525070955,0.6502962572817431
W01000185,546,0,0.0,-0.2544806993322118
W01000186,786,0,0.0,-0.2544806993322118
W01000187,656,0,0.0,-0.2544806993322118
W01000188,749,0,0.0,-0.2544806993322118
W01000189,638,2,0.3134796238244514,-0.004650698511691885
W01000190,605,0,0.0,-0.2544806993322118
W01000191,866,1,0.11547344110854503,-0.16245325099301336
W01000192,447,0,0.0,-0.2544806993322118
W01000193,561,1,0.17825311942959002,-0.11242050278721027
W01000194,914,1,0.10940919037199125,-0.16728620232811348
W01000195,654,0,0.0,-0.2544806993322118
W01000196,557,1,0.17953321364452424,-0.1114003218425424
W01000197,728,0,0.0,-0.2544806993322118
W01000198,614,0,0.0,-0.2544806993322118
W01000199,717,1,0.1394700139470014,-0.14332899743298466
W01000200,535,2,0.3738317757009346,0.043447413795810144
W01000201,725,0,0.0,-0.2544806993322118
W01000202,669,9,1.345291479820628,0.8176597077764769
W01000203,1058,16,1.5122873345935728,0.9507483405429619
W01000204,667,5,0.7496251874062968,0.3429388678472924
W01000205,538,0,0.0,-0.2544806993322118
W01000206,889,1,0.11248593925759282,-0.16483416360471365
W01000207,978,1,0.10224948875255625,-0.1729921816821649
W01000208,623,15,2.4077046548956664,1.6643580710147996
W01000209,665,2,0.30075187969924816,-0.0147941722292167
W01000210,615,2,0.3252032520325203,0.004692537291351968
W01000211,768,6,0.78125,0.36814250583767777
W01000212,945,0,0.0,-0.2544806993322118
W01000213,601,14,2.329450915141431,1.6019931503590399
W01000214,521,1,0.19193857965451055,-0.101513769847095
W01000215,582,0,0.0,-0.2544806993322118
W01000216,582,0,0.0,-0.2544806993322118
W01000217,884,1,0.11312217194570137,-0.16432711306326853
W01000218,738,0,0.0,-0.2544806993322118
W01000219,1091,0,0.0,-0.2544806993322118
W01000220,886,0,0.0,-0.2544806993322118
W01000221,683,0,0.0,-0.2544806993322118
W01000222,864,0,0.0,-0.2544806993322118
W01000223,592,4,0.6756756756756757,0.28400423486877374
W01000224,694,0,0.0,-0.2544806993322118
W01000225,711,2,0.2812939521800281,-0.030301317442631332
W01000226,742,1,0.13477088948787064,-0.14707400086624703
W01000227,726,0,0.0,-0.2544806993322118
W01000228,613,0,0.0,-0.2544806993322118
W01000229,770,1,0.12987012987012986,-0.15097969899228214
W01000230,914,0,0.0,-0.2544806993322118
W01000231,617,0,0.0,-0.2544806993322118
W01000232,703,1,0.1422475106685633,-0.14111545002674117
W01000233,587,1,0.17035775127768313,-0.11871277725087304
W01000234,880,1,0.11363636363636363,-0.16391732403477333
W01000235,578,0,0.0,-0.2544806993322118
W01000236,815,1,0.1226993865030675,-0.15669447815215554
W01000237,654,9,1.3761467889908259,0.8422500840863095
W01000238,700,1,0.14285714285714285,-0.14062959895828916
W01000239,843,3,0.3558718861209964,0.02913414145691935
W01000240,822,4,0.48661800486618007,0.13333326787823035
W01000241,570,0,0.0,-0.2544806993322118
W01000242,954,0,0.0,-0.2544806993322118
W01000243,937,0,0.0,-0.2544806993322118
W01000244,738,0,0.0,-0.2544806993322118
W01000245,840,6,0.7142857142857143,0.31477480253740153
W01000246,731,2,0.27359781121751026,-0.036434816263139685
W01000247,786,2,0.2544529262086514,-0.05169247983667526
W01000248,698,13,1.8624641833810889,1.2298244774624818
W01000249,512,1,0.1953125,-0.09882489803973941
W01000250,630,1,0.15873015873015872,-0.12797947669451998
W01000251,628,0,0.0,-0.2544806993322118
W01000252,732,0,0.0,-0.2544806993322118
W01000253,783,0,0.0,-0.2544806993322118
W01000254,932,3,0.3218884120171674,0.002050750008171878
W01000255,958,3,0.31315240083507306,-0.004911481393550446
W01000256,658,0,0.0,-0.2544806993322118
W01000257,1176,0,0.0,-0.2544806993322118
W01000258,916,1,0.10917030567685589,-0.16747658332593907
W01000259,782,0,0.0,-0.2544806993322118
W01000260,765,0,0.0,-0.2544806993322118
W01000261,633,0,0.0,-0.2544806993322118
W01000262,629,0,0.0,-0.2544806993322118
W01000263,603,1,0.16583747927031509,-0.12231524284507107
W01000264,707,0,0.0,-0.2544806993322118
W01000265,680,0,0.0,-0.2544806993322118
W01000266,772,0,0.0,-0.2544806993322118
W01000267,871,0,0.0,-0.2544806993322118
W01000268,690,0,0.0,-0.2544806993322118
W01000269,729,0,0.0,-0.2544806993322118
W01000270,518,1,0.19305019305019305,-0.10062786098907307
W01000271,590,7,1.1864406779661016,0.6910623376715527
W01000272,768,0,0.0,-0.2544806993322118
W01000273,655,0,0.0,-0.2544806993322118
W01000274,897,6,0.6688963210702341,0.278601375997192
W01000275,490,0,0.0,-0.2544806993322118
W01000276,492,1,0.20325203252032523,-0.09249742644248443
W01000277,552,0,0.0,-0.2544806993322118
W01000278,604,0,0.0,-0.2544806993322118
W01000279,510,0,0.0,-0.2544806993322118
W01000280,692,0,0.0,-0.2544806993322118
W01000281,513,0,0.0,-0.2544806993322118
W01000282,570,0,0.0,-0.2544806993322118
W01000283,949,0,0.0,-0.2544806993322118
W01000284,718,1,0.1392757660167131,-0.14348380481724543
W01000285,678,0,0.0,-0.2544806993322118
W01000286,889,0,0.0,-0.2544806993322118
W01000287,875,48,5.485714285714286,4.117401555026419
W01000288,997,0,0.0,-0.2544806993322118
W01000289,520,1,0.19230769230769232,-0.10121960267500822
W01000290,709,1,0.14104372355430184,-0.1420748174397635
W01000291,586,0,0.0,-0.2544806993322118
W01000292,538,0,0.0,-0.2544806993322118
W01000293,1120,1,0.08928571428571429,-0.18332376159851013
W01000294,749,2,0.26702269692923897,-0.0416749042407676
W01000295,626,0,0.0,-0.2544806993322118
W01000296,643,0,0.0,-0.2544806993322118
W01000297,513,1,0.1949317738791423,-0.09912832065434464
W01000298,679,9,1.3254786450662739,0.8018697165083076
W01000299,828,0,0.0,-0.2544806993322118
W01000300,739,0,0.0,-0.2544806993322118
W01000301,739,1,0.13531799729364005,-0.14663797908627696
W01000302,879,0,0.0,-0.2544806993322118
W01000303,735,0,0.0,-0.2544806993322118
W01000304,959,0,0.0,-0.2544806993322118
W01000305,806,1,0.12406947890818859,-0.1556025724565966
W01000306,993,0,0.0,-0.2544806993322118
W01000307,569,1,0.17574692442882248,-0.11441783419733333
W01000308,503,0,0.0,-0.2544806993322118
W01000309,928,3,0.3232758620689655,0.0031564890139493926
W01000310,792,7,0.8838383838383838,0.4499011085367541
W01000311,755,1,0.13245033112582782,-0.1489233877272504
W01000312,765,126,16.470588235294116,12.87188146142593
W01000313,688,0,0.0,-0.2544806993322118
W01000314,608,0,0.0,-0.2544806993322118
W01000315,900,0,0.0,-0.2544806993322118
W01000316,506,0,0.0,-0.2544806993322118
W01000317,652,0,0.0,-0.2544806993322118
W01000318,504,0,0.0,-0.2544806993322118
W01000319,711,1,0.14064697609001406,-0.14239100838742158
W01000320,789,3,0.38022813688212925,0.04854504310788651
W01000321,713,0,0.0,-0.2544806993322118
W01000322,605,0,0.0,-0.2544806993322118
W01000323,691,2,0.2894356005788712,-0.02381276803917025
W01000324,647,0,0.0,-0.2544806993322118
W01000325,734,1,0.13623978201634876,-0.14590335565135915
W01000326,904,0,0.0,-0.2544806993322118
W01000327,1035,8,0.7729468599033816,0.36152525438176586
W01000328,874,29,3.318077803203661,2.3898869638149622
W01000329,722,0,0.0,-0.2544806993322118
W01000330,906,2,0.22075055187637968,-0.07855184665727614
W01000331,619,0,0.0,-0.2544806993322118
W01000332,757,14,1.8494055482166447,1.2194172975825068
W01000333,650,0,0.0,-0.2544806993322118
W01000334,815,5,0.6134969325153374,0.23445040656806956
W01000335,494,0,0.0,-0.2544806993322118
W01000336,551,0,0.0,-0.2544806993322118
W01000337,970,0,0.0,-0.2544806993322118
W01000338,783,1,0.1277139208173691,-0.15269810640533332
W01000339,705,1,0.14184397163120568,-0.14143705357087016
W01000340,969,4,0.41279669762641896,0.07450080845621279
W01000341,676,0,0.0,-0.2544806993322118
W01000342,694,1,0.1440922190201729,-0.13964529549684312
W01000343,465,0,0.0,-0.2544806993322118
W01000344,583,0,0.0,-0.2544806993322118
W01000345,694,1,0.1440922190201729,-0.13964529549684312
W01000346,627,3,0.4784688995215311,0.12683877560437126
W01000347,1171,0,0.0,-0.2544806993322118
W01000348,610,0,0.0,-0.2544806993322118
W01000349,1045,0,0.0,-0.2544806993322118
W01000350,859,0,0.0,-0.2544806993322118
W01000351,888,2,0.22522522522522523,-0.07498572126521662
W01000354,725,2,0.27586206896551724,-0.03463029861015426
W01000355,826,0,0.0,-0.2544806993322118
W01000356,624,0,0.0,-0.2544806993322118
W01000359,526,0,0.0,-0.2544806993322118
W01000360,513,0,0.0,-0.2544806993322118
W01000361,883,6,0.6795016987542469,0.28705341343163326
W01000362,597,1,0.16750418760469013,-0.12098694679997417
W01000363,675,1,0.14814814814814814,-0.13641289153703276
W01000364,651,2,0.30721966205837176,-0.009639623259259832
W01000365,816,2,0.24509803921568626,-0.0591479290828347
W01000366,629,0,0.0,-0.2544806993322118
W01000367,540,0,0.0,-0.2544806993322118
W01000368,916,0,0.0,-0.2544806993322118
W01000369,606,0,0.0,-0.2544806993322118
W01000370,683,0,0.0,-0.2544806993322118
W01000371,498,0,0.0,-0.2544806993322118
W01000372,710,0,0.0,-0.2544806993322118
W01000373,731,0,0.0,-0.2544806993322118
W01000374,593,1,0.16863406408094433,-0.12008648303921711
W01000375,886,0,0.0,-0.2544806993322118
W01000376,561,0,0.0,-0.2544806993322118
W01000377,625,0,0.0,-0.2544806993322118
W01000378,519,1,0.1926782273603083,-0.10092430191073616
W01000379,717,0,0.0,-0.2544806993322118
W01000380,538,5,0.929368029739777,0.4861863105353148
W01000381,501,0,0.0,-0.2544806993322118
W01000382,673,0,0.0,-0.2544806993322118
W01000384,488,0,0.0,-0.2544806993322118
W01000385,762,0,0.0,-0.2544806993322118
W01000386,661,0,0.0,-0.2544806993322118
W01000387,494,0,0.0,-0.2544806993322118
W01000388,472,0,0.0,-0.2544806993322118
W01000389,863,4,0.4634994206257242,0.11490873409418846
W01000390,756,45,5.952380952380952,4.489315149581232
W01000391,622,0,0.0,-0.2544806993322118
W01000392,646,0,0.0,-0.2544806993322118
W01000393,813,1,0.12300123001230012,-0.1564539216424875
W01000394,499,1,0.2004008016032064,-0.09476973688382333
W01000395,449,1,0.22271714922048996,-0.0769845517559404
W01000398,547,0,0.0,-0.2544806993322118
W01000399,472,1,0.211864406779661,-0.08563372843868244
W01000400,813,0,0.0,-0.2544806993322118
W01000401,866,2,0.23094688221709006,-0.0704258026538149
W01000402,1148,0,0.0,-0.2544806993322118
W01000403,565,4,0.7079646017699115,0.30973714322882084
W01000404,870,2,0.22988505747126436,-0.07127203206383052
W01000405,919,0,0.0,-0.2544806993322118
W01000406,865,0,0.0,-0.2544806993322118
W01000407,628,0,0.0,-0.2544806993322118
W01000408,503,0,0.0,-0.2544806993322118
W01000409,785,0,0.0,-0.2544806993322118
W01000410,747,0,0.0,-0.2544806993322118
W01000411,764,0,0.0,-0.2544806993322118
W01000412,660,0,0.0,-0.2544806993322118
W01000413,517,0,0.0,-0.2544806993322118
W01000414,525,1,0.19047619047619047,-0.1026792321669816
W01000415,668,1,0.14970059880239522,-0.13517565403019705
W01000416,502,0,0.0,-0.2544806993322118
W01000417,675,8,1.1851851851851851,0.6900617630292206
W01000418,736,0,0.0,-0.2544806993322118
W01000419,616,0,0.0,-0.2544806993322118
W01000420,678,0,0.0,-0.2544806993322118
W01000422,971,1,0.10298661174047373,-0.17240472583916766
W01000423,882,0,0.0,-0.2544806993322118
W01000424,599,0,0.0,-0.2544806993322118
W01000425,808,0,0.0,-0.2544806993322118
W01000426,641,0,0.0,-0.2544806993322118
W01000427,598,5,0.8361204013377926,0.4118718948295429
W01000428,608,1,0.1644736842105263,-0.12340212982276139
W01000429,999,3,0.3003003003003003,-0.015154061909551556
W01000430,628,10,1.5923566878980893,1.0145602284025952
W01000431,607,0,0.0,-0.2544806993322118
W01000432,555,0,0.0,-0.2544806993322118
W01000433,1036,1,0.09652509652509653,-0.17755428016064245
W01000434,738,15,2.0325203252032518,1.3653520295650616
W01000438,627,178,28.38915470494418,22.370474813571718
W01000439,862,2,0.23201856148491878,-0.06957171960658337
W01000440,566,0,0.0,-0.2544806993322118
W01000441,662,26,3.927492447129909,2.875564658379861
W01000442,903,9,0.9966777408637874,0.539829303276551
W01000443,1033,5,0.48402710551790895,0.13126843068591915
W01000444,1020,1,0.09803921568627451,-0.17634759123246097
W01000445,641,1,0.15600624024961,-0.13015032450889533
W01000446,897,0,0.0,-0.2544806993322118
W01000447,879,1,0.11376564277588168,-0.16381429402874667
W01000448,624,0,0.0,-0.2544806993322118
W01000449,757,0,0.0,-0.2544806993322118
W01000450,607,12,1.9769357495881383,1.3210534738818744
W01000451,499,1,0.2004008016032064,-0.09476973688382333
W01000452,876,6,0.684931506849315,0.29138074081673243
W01000453,586,7,1.1945392491467577,0.6975165563541722
W01000454,720,3,0.4166666666666667,0.0775850100917293
W01000455,969,1,0.10319917440660474,-0.17223532238510564
W01000456,1110,1,0.09009009009009009,-0.18268270810541373
W01000457,894,1,0.11185682326621924,-0.16533554243987864
W01000458,821,5,0.6090133982947624,0.23087721943603334
W01000459,534,4,0.7490636704119851,0.342491362553525
W01000460,723,5,0.6915629322268326,0.29666570635067796
W01000461,694,7,1.0086455331412103,0.5493671275153689
W01000464,536,7,1.3059701492537312,0.7863222705040214
W01000465,450,1,0.2222222222222222,-0.07737898763944323
W01000466,610,2,0.32786885245901637,0.0068169080833483785
W01000467,808,0,0.0,-0.2544806993322118
W01000470,874,3,0.34324942791762014,0.019074576165771708
W01000471,846,7,0.8274231678486997,0.4049405676089478
W01000472,541,2,0.36968576709796674,0.040143220304556644
W01000473,1031,9,0.8729388942774006,0.44121467637652995
W01000474,771,3,0.38910505836575876,0.055619574059795444
W01000475,1030,17,1.650485436893204,1.0608863826577686
W01000476,618,1,0.16181229773462785,-0.12552314227437059
W01000477,658,13,1.9756838905775076,1.320055795200761
W01000478,770,1,0.12987012987012986,-0.15097969899228214
W01000479,598,2,0.33444816053511706,0.012060338332490074
W01000480,1008,0,0.0,-0.2544806993322118
W01000481,1102,2,0.18148820326678766,-0.10984227780454237
W01000482,894,1,0.11185682326621924,-0.16533554243987864
W01000483,779,1,0.12836970474967907,-0.15217547434922613
W01000484,727,9,1.2379642365887207,0.7321244345821111
W01000485,759,65,8.563899868247695,6.5705852651124275
W01000486,516,1,0.1937984496124031,-0.10003153215828571
W01000487,988,1,0.10121457489878542,-0.17381696424947307
W01000488,925,8,0.8648648648648649,0.43478001644504977
W01000489,807,3,0.37174721189591076,0.041786104614798814
W01000492,846,2,0.2364066193853428,-0.06607462306330905
W01000493,621,2,0.322061191626409,0.0021884480486122166
W01000494,757,3,0.3963011889035667,0.06135458572094219
W01000496,901,1,0.11098779134295228,-0.1660281241249467
W01000497,581,24,4.130808950086059,3.03759931148001
W01000498,700,1,0.14285714285714285,-0.14062959895828916
W01000499,552,4,0.7246376811594203,0.32302488227464227
W01000500,731,0,0.0,-0.2544806993322118
W01000501,1063,13,1.2229539040451554,0.7201618344426671
W01000502,960,1,0.10416666666666667,-0.17146427197622652
W01000503,447,0,0.0,-0.2544806993322118
W01000504,535,1,0.1869158878504673,-0.10551664276820083
W01000505,659,5,0.7587253414264037,0.3501913056886218
W01000506,663,1,0.1508295625942685,-0.13427591764028743
W01000507,525,3,0.5714285714285714,0.20092370216347882
W01000508,506,0,0.0,-0.2544806993322118
W01000509,888,3,0.33783783783783783,0.014761767768280965
W01000510,627,0,0.0,-0.2544806993322118
W01000511,557,1,0.17953321364452424,-0.1114003218425424
W01000512,560,0,0.0,-0.2544806993322118
W01000513,910,3,0.32967032967032966,0.008252609222994329
W01000515,590,0,0.0,-0.2544806993322118
W01000516,689,15,2.1770682148040637,1.4805505835795267
W01000517,529,1,0.1890359168241966,-0.10382706934781509
W01000518,524,45,8.587786259541986,6.589621708642147
W01000519,765,3,0.39215686274509803,0.05805173306679157
W01000522,555,2,0.36036036036036034,0.032711265574980476
W01000523,797,4,0.5018820577164366,0.14549807237040227
W01000524,839,7,0.834326579261025,0.41044229450833775
W01000525,510,0,0.0,-0.2544806993322118
W01000527,431,0,0.0,-0.2544806993322118
W01000528,623,10,1.6051364365971106,1.0247451475657954
W01000531,817,2,0.24479804161566704,-0.05938701448093678
W01000533,654,1,0.1529051987767584,-0.1326217233968206
W01000534,653,1,0.1531393568147014,-0.13243510934485214
W01000535,892,8,0.8968609865470852,0.4602795720735807
W01000536,622,3,0.482315112540193,0.1299040446955014
W01000537,637,7,1.098901098901099,0.6212969958518088
W01000538,662,12,1.812688821752266,1.1901556196118221
W01000539,511,6,1.1741682974559686,0.6812817694945498
W01000540,557,10,1.7953321364452424,1.1763230755644825
W01000541,757,4,0.5284015852047557,0.16663301407199357
W01000542,954,5,0.5241090146750524,0.1632120169243179
W01000543,874,5,0.5720823798627002,0.201444759831094
W01000545,875,3,0.34285714285714286,0.018761941565202583
W01000546,546,2,0.3663003663003663,0.037445199062461666
W01000547,529,2,0.3780718336483932,0.046826560636581624
W01000548,762,8,1.0498687664041995,0.5822203007911043
W01000549,772,2,0.2590673575129534,-0.048014973265512656
W01000550,532,0,0.0,-0.2544806993322118
W01000551,593,4,0.6745362563237773,0.283096165839767
W01000552,851,6,0.7050528789659225,0.3074166233122949
W01000553,554,7,1.263537906137184,0.7525055675129525
W01000554,765,5,0.6535947712418301,0.2664066879994605
W01000555,646,29,4.489164086687306,3.3231931978669054
W01000556,522,12,2.2988505747126435,1.5776059733516012
W01000557,636,11,1.729559748427673,1.1239052643143361
W01000558,909,0,0.0,-0.2544806993322118
W01000559,625,5,0.8,0.38308546276175515
W01000560,574,5,0.8710801393728222,0.43973332733804826
W01000561,568,12,2.112676056338028,1.4292327569018557
W01000562,715,4,0.5594405594405595,0.1913697636705623
W01000563,458,5,1.0917030567685588,0.6155604607305158
W01000564,587,17,2.8960817717206133,2.0535739760505476
W01000565,888,1,0.11261261261261261,-0.1647332102987142
W01000566,750,2,0.26666666666666666,-0.04195864530088951
W01000567,933,0,0.0,-0.2544806993322118
W01000569,471,0,0.0,-0.2544806993322118
W01000570,643,1,0.15552099533437014,-0.1305370441817517
W01000571,1089,0,0.0,-0.2544806993322118
W01000572,846,36,4.25531914893617,3.1368286735080377
W01000573,1156,8,0.6920415224913495,0.29704712254838245
W01000574,772,11,1.4248704663212435,0.8810807940346332
W01000575,1123,2,0.17809439002671415,-0.11254700340746407
W01000576,1048,43,4.103053435114504,3.015479340033315
W01000577,648,4,0.6172839506172839,0.23746849981436757
W01000578,772,6,0.7772020725388601,0.3649164788678856
W01000579,1027,8,0.7789678675754625,0.36632374282354957
W01000580,984,4,0.40650406504065045,0.06948584644724295
W01000581,629,21,3.338632750397456,2.4062683873079522
W01000582,697,11,1.5781922525107603,1.003271772517436
W01000583,594,8,1.3468013468013467,0.8188630078966885
W01000584,873,10,1.145475372279496,0.6584147217645334
W01000585,565,11,1.9469026548672566,1.297118367710628
W01000586,930,1,0.10752688172043011,-0.16878632270667862
W01000587,1051,23,2.1883920076117986,1.4895751674804953
W01000588,1046,14,1.338432122370937,0.8121930900219395
W01000589,547,1,0.18281535648994515,-0.10878459282079342
W01000590,563,1,0.17761989342806395,-0.11292515712662413
W01000591,698,1,0.14326647564469913,-0.1403033780403123
W01000592,519,3,0.5780346820809248,0.20618849293221508
W01000594,1011,2,0.19782393669634024,-0.09682338921995493
W01000595,1177,4,0.33984706881903143,0.016363039875080837
W01000596,734,30,4.087193460490464,3.002839611093369
W01000597,524,1,0.19083969465648853,-0.10238953471055941
W01000598,1020,1,0.09803921568627451,-0.17634759123246097
W01000599,896,0,0.0,-0.2544806993322118
W01000600,839,0,0.0,-0.2544806993322118
W01000601,661,8,1.2102874432677762,0.7100672009612329
W01000602,581,0,0.0,-0.2544806993322118
W01000603,834,0,0.0,-0.2544806993322118
W01000604,752,26,3.4574468085106385,2.5009581661004914
W01000605,770,0,0.0,-0.2544806993322118
W01000606,726,38,5.234159779614325,3.9169232537619245
W01000607,1063,2,0.18814675446848542,-0.1045356941360766
W01000608,732,3,0.4098360655737705,0.07214130993723845
W01000609,1165,2,0.17167381974248927,-0.11766392635067385
W01000610,743,4,0.5383580080753702,0.17456786196924642
W01000611,937,7,0.7470651013874066,0.34089858757517455
W01000612,846,8,0.9456264775413712,0.4991436057433992
W01000613,956,7,0.7322175732217573,0.3290657356387307
W01000614,623,1,0.16051364365971107,-0.12655811464241107
W01000617,633,7,1.1058451816745656,0.6268311361057362
W01000618,683,54,7.906295754026354,6.0465026010108
W01000619,951,2,0.2103049421661409,-0.08687655577438666
W01000622,619,19,3.0694668820678515,2.191754575260957
W01000623,823,4,0.48602673147023084,0.13286204799097584
W01000624,963,2,0.20768431983385255,-0.08896508092775518
W01000625,495,0,0.0,-0.2544806993322118
W01000626,756,1,0.13227513227513227,-0.14906301380080195
W01000627,987,0,0.0,-0.2544806993322118
W01000628,638,4,0.6269592476489028,0.24517930230882803
W01000629,734,2,0.2724795640326975,-0.03732601197050648
W01000630,645,0,0.0,-0.2544806993322118
W01000631,756,2,0.26455026455026454,-0.043645328269392075
W01000632,592,1,0.16891891891891891,-0.11985946578196542
W01000633,705,7,0.9929078014184398,0.5368248209971799
W01000634,636,0,0.0,-0.2544806993322118
W01000635,1000,5,0.5,0.1439981519765175
W01000636,981,0,0.0,-0.2544806993322118
W01000637,643,0,0.0,-0.2544806993322118
W01000638,488,1,0.20491803278688525,-0.09116969469748668
W01000639,679,0,0.0,-0.2544806993322118
W01000640,540,0,0.0,-0.2544806993322118
W01000641,1192,2,0.16778523489932887,-0.12076296399371203
W01000642,773,0,0.0,-0.2544806993322118
W01000643,699,0,0.0,-0.2544806993322118
W01000644,739,0,0.0,-0.2544806993322118
W01000645,847,0,0.0,-0.2544806993322118
W01000646,948,15,1.5822784810126582,1.0065283237966784
W01000647,623,2,0.32102728731942215,0.001364470047389677
W01000648,566,6,1.0600706713780919,0.5903507875414192
W01000649,646,3,0.46439628482972134,0.11562349692976587
W01000650,703,7,0.995732574679943,0.5390760458060827
W01000651,691,0,0.0,-0.2544806993322118
W01000652,720,2,0.2777777777777778,-0.03310355971625107
W01000653,647,0,0.0,-0.2544806993322118
W01000654,750,0,0.0,-0.2544806993322118
W01000655,797,2,0.2509410288582183,-0.05449131348090478
W01000656,886,0,0.0,-0.2544806993322118
W01000657,520,13,2.5,1.7379135572114348
W01000658,583,1,0.17152658662092624,-0.11778126492098392
W01000659,755,1,0.13245033112582782,-0.1489233877272504
W01000660,735,1,0.13605442176870747,-0.14605107992847596
W01000662,941,5,0.5313496280552604,0.1689824795293497
W01000663,1085,2,0.18433179723502305,-0.10757605368844063
W01000664,1067,2,0.18744142455482662,-0.10509781224365349
W01000665,766,0,0.0,-0.2544806993322118
W01000666,723,0,0.0,-0.2544806993322118
W01000667,940,0,0.0,-0.2544806993322118
W01000670,718,0,0.0,-0.2544806993322118
W01000671,885,0,0.0,-0.2544806993322118
W01000672,636,7,1.10062893081761,0.6226740048065005
W01000673,511,5,0.9784735812133072,0.5253213580234228
W01000674,852,17,1.9953051643192488,1.3356931204444074
W01000675,858,5,0.5827505827505828,0.20994686629567785
W01000676,669,1,0.14947683109118087,-0.13535398743124638
W01000677,703,6,0.8534850640113799,0.42571079650061217
W01000678,585,0,0.0,-0.2544806993322118
W01000679,531,4,0.7532956685499058,0.3458640860670037
W01000680,947,1,0.10559662090813093,-0.1703246589291011
W01000681,894,0,0.0,-0.2544806993322118
W01000682,583,4,0.6861063464837049,0.29231703831269973
W01000683,480,28,5.833333333333333,4.394439232602964
W01000684,767,25,3.259452411994785,2.3431650067220864
W01000685,674,0,0.0,-0.2544806993322118
W01000686,544,2,0.3676470588235294,0.03851845604185384
W01000687,820,4,0.4878048780487805,0.13427915560313386
W01000688,767,1,0.1303780964797914,-0.1505748710900399
W01000689,753,7,0.9296148738379815,0.48638303484072454
W01000690,763,4,0.5242463958060288,0.16332150387484384
W01000691,780,0,0.0,-0.2544806993322118
W01000692,639,29,4.538341158059469,3.3623852436891193
W01000693,522,2,0.38314176245210724,0.05086707944842365
W01000694,650,38,5.846153846153846,4.404656639046777
W01000695,968,1,0.10330578512396695,-0.17215035815272228
W01000696,682,7,1.0263929618768328,0.5635110775478777
W01000697,844,19,2.251184834123223,1.5396183942378967
W01000698,810,0,0.0,-0.2544806993322118
W01000699,574,0,0.0,-0.2544806993322118
W01000700,889,5,0.562429696287964,0.193751979305279
W01000701,680,6,0.8823529411764706,0.4487172735655458
W01000702,518,0,0.0,-0.2544806993322118
W01000703,819,0,0.0,-0.2544806993322118
W01000704,714,0,0.0,-0.2544806993322118
W01000705,805,1,0.12422360248447205,-0.15547974248532254
W01000706,669,0,0.0,-0.2544806993322118
W01000707,606,0,0.0,-0.2544806993322118
W01000708,596,2,0.33557046979865773,0.012954771344787744
W01000709,923,44,4.7670639219935,3.5446676121703
W01000710,893,2,0.22396416573348266,-0.07599073234061972
W01000711,887,1,0.11273957158962795,-0.16463202936406543
W01000712,725,1,0.13793103448275862,-0.14455549897118303
W01000713,591,0,0.0,-0.2544806993322118
W01000714,651,0,0.0,-0.2544806993322118
W01000715,563,2,0.3552397868561279,0.028630385078963556
W01000716,570,4,0.7017543859649122,0.30478786390811
W01000717,643,1,0.15552099533437014,-0.1305370441817517
W01000718,627,0,0.0,-0.2544806993322118
W01000719,622,1,0.1607717041800643,-0.1263524513229741
W01000720,783,0,0.0,-0.2544806993322118
W01000721,588,0,0.0,-0.2544806993322118
W01000722,577,18,3.119584055459272,2.2316958426286644
W01000723,644,1,0.15527950310559005,-0.13072950327360022
W01000724,808,1,0.12376237623762376,-0.15584732029539763
W01000725,1023,1,0.09775171065493646,-0.1765767205817271
W01000728,850,7,0.823529411764706,0.40183740870569534
W01000729,522,0,0.0,-0.2544806993322118
W01000730,542,6,1.107011070110701,0.6277602998753069
W01000731,1060,1,0.09433962264150944,-0.17929601040603646
W01000732,609,1,0.16420361247947454,-0.12361736556908232
W01000733,596,1,0.16778523489932887,-0.12076296399371203
W01000734,604,0,0.0,-0.2544806993322118
W01000735,1063,39,3.6688617121354654,2.6694469019924245
W01000736,767,2,0.2607561929595828,-0.04666904284786796
W01000737,686,0,0.0,-0.2544806993322118
W01000738,737,1,0.13568521031207598,-0.14634532584273302
W01000739,1111,0,0.0,-0.2544806993322118
W01000740,622,1,0.1607717041800643,-0.1263524513229741
W01000741,861,0,0.0,-0.2544806993322118
W01000742,804,1,0.12437810945273632,-0.15535660696685627
W01000744,766,0,0.0,-0.2544806993322118
W01000745,1018,1,0.09823182711198428,-0.17619408807312945
W01000746,719,1,0.13908205841446453,-0.14363818158291297
W01000747,670,1,0.1492537313432836,-0.13553178849378514
W01000749,900,0,0.0,-0.2544806993322118
W01000750,672,0,0.0,-0.2544806993322118
W01000751,617,0,0.0,-0.2544806993322118
W01000752,635,0,0.0,-0.2544806993322118
W01000753,598,0,0.0,-0.2544806993322118
W01000754,698,0,0.0,-0.2544806993322118
W01000755,891,0,0.0,-0.2544806993322118
W01000756,726,1,0.13774104683195593,-0.14470691109289244
W01000757,702,1,0.14245014245014245,-0.14095396106761657
W01000758,808,0,0.0,-0.2544806993322118
W01000759,669,61,9.118086696562033,7.012248726626678
W01000760,707,38,5.374823196605375,4.029026047409433
W01000761,637,0,0.0,-0.2544806993322118
W01000762,618,0,0.0,-0.2544806993322118
W01000763,611,0,0.0,-0.2544806993322118
W01000764,713,1,0.1402524544179523,-0.1427054254728207
W01000765,755,1,0.13245033112582782,-0.1489233877272504
W01000766,623,0,0.0,-0.2544806993322118
W01000767,715,0,0.0,-0.2544806993322118
W01000768,610,0,0.0,-0.2544806993322118
W01000769,603,0,0.0,-0.2544806993322118
W01000770,640,0,0.0,-0.2544806993322118
W01000771,539,2,0.3710575139146568,0.041236444496158764
W01000772,619,0,0.0,-0.2544806993322118
W01000774,765,0,0.0,-0.2544806993322118
W01000775,697,6,0.860832137733142,0.4315661034948688
W01000776,724,11,1.5193370165745856,0.9563666388987335
W01000777,767,0,0.0,-0.2544806993322118
W01000778,765,0,0.0,-0.2544806993322118
W01000779,593,0,0.0,-0.2544806993322118
W01000781,704,0,0.0,-0.2544806993322118
W01000782,515,0,0.0,-0.2544806993322118
W01000784,591,0,0.0,-0.2544806993322118
W01000785,737,0,0.0,-0.2544806993322118
W01000786,572,0,0.0,-0.2544806993322118
W01000787,673,0,0.0,-0.2544806993322118
W01000788,715,0,0.0,-0.2544806993322118
W01000789,632,0,0.0,-0.2544806993322118
W01000790,910,0,0.0,-0.2544806993322118
W01000791,619,0,0.0,-0.2544806993322118
W01000792,692,0,0.0,-0.2544806993322118
W01000793,751,0,0.0,-0.2544806993322118
W01000794,925,0,0.0,-0.2544806993322118
W01000795,696,0,0.0,-0.2544806993322118
W01000797,652,1,0.15337423312883436,-0.13224792285714146
W01000798,649,0,0.0,-0.2544806993322118
W01000799,760,1,0.13157894736842105,-0.14961784372465148
W01000800,587,0,0.0,-0.2544806993322118
W01000801,758,0,0.0,-0.2544806993322118
W01000802,1005,0,0.0,-0.2544806993322118
W01000803,795,2,0.25157232704402516,-0.05398819552907756
W01000804,710,32,4.507042253521127,3.337441340633799
W01000805,472,1,0.211864406779661,-0.08563372843868244
W01000806,615,0,0.0,-0.2544806993322118
W01000807,553,0,0.0,-0.2544806993322118
W01000808,618,0,0.0,-0.2544806993322118
W01000809,718,0,0.0,-0.2544806993322118
W01000810,633,1,0.1579778830963665,-0.1285790085553621
W01000811,668,0,0.0,-0.2544806993322118
W01000812,714,1,0.1400560224089636,-0.1428619734754249
W01000813,686,0,0.0,-0.2544806993322118
W01000814,638,0,0.0,-0.2544806993322118
W01000815,646,1,0.15479876160990713,-0.13111263391155256
W01000816,744,1,0.13440860215053765,-0.1473627285502953
W01000817,867,0,0.0,-0.2544806993322118
W01000818,652,0,0.0,-0.2544806993322118
W01000819,639,1,0.1564945226917058,-0.1297611840556142
W01000820,623,0,0.0,-0.2544806993322118
W01000821,629,0,0.0,-0.2544806993322118
W01000822,584,0,0.0,-0.2544806993322118
W01000823,785,0,0.0,-0.2544806993322118
W01000824,757,7,0.9247027741083224,0.4824682991251476
W01000825,647,0,0.0,-0.2544806993322118
W01000826,602,0,0.0,-0.2544806993322118
W01000827,591,1,0.1692047377326565,-0.11963168027680426
W01000828,729,3,0.411522633744856,0.07348543343217447
W01000829,855,0,0.0,-0.2544806993322118
W01000830,710,0,0.0,-0.2544806993322118
W01000831,814,1,0.12285012285012285,-0.15657434765930534
W01000832,748,0,0.0,-0.2544806993322118
W01000833,737,0,0.0,-0.2544806993322118
W01000834,558,0,0.0,-0.2544806993322118
W01000835,603,0,0.0,-0.2544806993322118
W01000836,916,0,0.0,-0.2544806993322118
W01000837,915,0,0.0,-0.2544806993322118
W01000838,558,0,0.0,-0.2544806993322118
W01000839,464,37,7.974137931034483,6.100569946539765
W01000840,701,1,0.14265335235378032,-0.1407920113696642
W01000841,649,0,0.0,-0.2544806993322118
W01000842,590,0,0.0,-0.2544806993322118
W01000843,575,0,0.0,-0.2544806993322118
W01000844,611,0,0.0,-0.2544806993322118
W01000845,836,1,0.11961722488038277,-0.15915083059806603
W01000846,973,1,0.10277492291880781,-0.17257343287615234
W01000847,520,1,0.19230769230769232,-0.10121960267500822
W01000848,503,0,0.0,-0.2544806993322118
W01000849,1021,1,0.0979431929480901,-0.17642411729328344
W01000851,730,0,0.0,-0.2544806993322118
W01000852,616,0,0.0,-0.2544806993322118
W01000853,726,0,0.0,-0.2544806993322118
W01000854,587,0,0.0,-0.2544806993322118
W01000855,638,0,0.0,-0.2544806993322118
W01000856,919,1,0.1088139281828074,-0.1677606011148605
W01000857,978,0,0.0,-0.2544806993322118
W01000858,683,0,0.0,-0.2544806993322118
W01000859,654,0,0.0,-0.2544806993322118
W01000860,652,0,0.0,-0.2544806993322118
W01000861,433,0,0.0,-0.2544806993322118
W01000862,686,1,0.1457725947521866,-0.13830610711392338
W01000863,766,0,0.0,-0.2544806993322118
W01000864,678,0,0.0,-0.2544806993322118
W01000865,582,0,0.0,-0.2544806993322118
W01000866,496,1,0.20161290322580644,-0.0938037431593371
W01000867,567,0,0.0,-0.2544806993322118
W01000868,482,0,0.0,-0.2544806993322118
W01000869,685,0,0.0,-0.2544806993322118
W01000870,587,0,0.0,-0.2544806993322118
W01000871,807,2,0.24783147459727387,-0.05696949670087137
W01000872,630,0,0.0,-0.2544806993322118
W01000873,528,0,0.0,-0.2544806993322118
W01000874,617,1,0.1620745542949757,-0.12531413488853943
W01000875,736,0,0.0,-0.2544806993322118
W01000876,566,0,0.0,-0.2544806993322118
W01000877,721,0,0.0,-0.2544806993322118
W01000878,591,0,0.0,-0.2544806993322118
W01000879,755,0,0.0,-0.2544806993322118
W01000880,749,0,0.0,-0.2544806993322118
W01000881,688,1,0.14534883720930233,-0.13864382395176725
W01000882,818,0,0.0,-0.2544806993322118
W01000883,612,0,0.0,-0.2544806993322118
W01000884,586,0,0.0,-0.2544806993322118
W01000885,666,0,0.0,-0.2544806993322118
W01000886,747,0,0.0,-0.2544806993322118
W01000887,940,0,0.0,-0.2544806993322118
W01000888,1111,0,0.0,-0.2544806993322118
W01000889,807,0,0.0,-0.2544806993322118
W01000890,688,1,0.14534883720930233,-0.13864382395176725
W01000891,634,0,0.0,-0.2544806993322118
W01000892,825,1,0.12121212121212122,-0.15787976568161077
W01000893,815,1,0.1226993865030675,-0.15669447815215554
W01000894,669,0,0.0,-0.2544806993322118
W01000895,797,2,0.2509410288582183,-0.05449131348090478
W01000896,648,1,0.15432098765432098,-0.13149339954556696
W01000897,610,19,3.114754098360656,2.2278465711156104
W01000898,644,3,0.4658385093167702,0.11677288884362295
W01000899,795,0,0.0,-0.2544806993322118
W01000900,796,0,0.0,-0.2544806993322118
W01000901,750,1,0.13333333333333333,-0.14821967231655067
W01000904,658,0,0.0,-0.2544806993322118
W01000905,643,0,0.0,-0.2544806993322118
W01000907,747,0,0.0,-0.2544806993322118
W01000908,740,0,0.0,-0.2544806993322118
W01000909,487,1,0.20533880903490762,-0.09083435382554678
W01000910,648,0,0.0,-0.2544806993322118
W01000911,494,0,0.0,-0.2544806993322118
W01000912,558,0,0.0,-0.2544806993322118
W01000913,544,0,0.0,-0.2544806993322118
W01000914,691,0,0.0,-0.2544806993322118
W01000915,485,0,0.0,-0.2544806993322118
W01000916,488,1,0.20491803278688525,-0.09116969469748668
W01000918,862,0,0.0,-0.2544806993322118
W01000919,508,0,0.0,-0.2544806993322118
W01000921,645,0,0.0,-0.2544806993322118
W01000922,732,0,0.0,-0.2544806993322118
W01000925,667,1,0.14992503748125938,-0.13499678589631095
W01000926,868,1,0.1152073732718894,-0.16266529580485484
W01000927,886,1,0.1128668171557562,-0.1645306200300156
W01000928,702,0,0.0,-0.2544806993322118
W01000929,552,2,0.36231884057971014,0.03427209147121523
W01000930,544,0,0.0,-0.2544806993322118
W01000931,591,1,0.1692047377326565,-0.11963168027680426
W01000932,476,0,0.0,-0.2544806993322118
W01000933,759,12,1.5810276679841897,1.005531478719106
W01000934,642,0,0.0,-0.2544806993322118
W01000935,835,0,0.0,-0.2544806993322118
W01000936,627,0,0.0,-0.2544806993322118
W01000937,937,0,0.0,-0.2544806993322118
W01000938,634,0,0.0,-0.2544806993322118
W01000939,649,0,0.0,-0.2544806993322118
W01000940,580,0,0.0,-0.2544806993322118
W01000941,658,0,0.0,-0.2544806993322118
W01000942,786,0,0.0,-0.2544806993322118
W01000943,609,0,0.0,-0.2544806993322118
W01000944,513,0,0.0,-0.2544806993322118
W01000945,503,0,0.0,-0.2544806993322118
W01000946,719,1,0.13908205841446453,-0.14363818158291297
W01000947,898,0,0.0,-0.2544806993322118
W01000948,872,0,0.0,-0.2544806993322118
W01000949,568,0,0.0,-0.2544806993322118
W01000950,664,0,0.0,-0.2544806993322118
W01000951,825,0,0.0,-0.2544806993322118
W01000952,488,0,0.0,-0.2544806993322118
W01000953,729,0,0.0,-0.2544806993322118
W01000954,629,0,0.0,-0.2544806993322118
W01000955,598,0,0.0,-0.2544806993322118
W01000956,533,0,0.0,-0.2544806993322118
W01000957,831,0,0.0,-0.2544806993322118
W01000958,636,0,0.0,-0.2544806993322118
W01000959,754,0,0.0,-0.2544806993322118
W01000960,812,0,0.0,-0.2544806993322118
W01000961,705,0,0.0,-0.2544806993322118
W01000962,601,0,0.0,-0.2544806993322118
W01000963,792,0,0.0,-0.2544806993322118
W01000964,761,0,0.0,-0.2544806993322118
W01000965,874,0,0.0,-0.2544806993322118
W01000966,660,1,0.15151515151515152,-0.1337295322689605
W01000967,671,0,0.0,-0.2544806993322118
W01000968,858,0,0.0,-0.2544806993322118
W01000969,655,0,0.0,-0.2544806993322118
W01000970,478,0,0.0,-0.2544806993322118
W01000971,598,0,0.0,-0.2544806993322118
W01000973,653,1,0.1531393568147014,-0.13243510934485214
W01000974,1048,0,0.0,-0.2544806993322118
W01000975,876,0,0.0,-0.2544806993322118
W01000976,446,0,0.0,-0.2544806993322118
W01000977,574,0,0.0,-0.2544806993322118
W01000978,779,0,0.0,-0.2544806993322118
W01000979,702,0,0.0,-0.2544806993322118
W01000980,568,0,0.0,-0.2544806993322118
W01000981,500,0,0.0,-0.2544806993322118
W01000982,640,0,0.0,-0.2544806993322118
W01000983,669,0,0.0,-0.2544806993322118
W01000984,954,0,0.0,-0.2544806993322118
W01000985,514,0,0.0,-0.2544806993322118
W01000986,733,0,0.0,-0.2544806993322118
W01000987,1045,2,0.19138755980861244,-0.10195290935757859
W01000989,682,1,0.1466275659824047,-0.13762473120648472
W01000990,676,0,0.0,-0.2544806993322118
W01000991,453,0,0.0,-0.2544806993322118
W01000992,616,0,0.0,-0.2544806993322118
W01000993,584,1,0.17123287671232876,-0.11801533929497575
W01000994,586,0,0.0,-0.2544806993322118
W01000995,647,0,0.0,-0.2544806993322118
W01000996,647,0,0.0,-0.2544806993322118
W01000997,779,0,0.0,-0.2544806993322118
W01000999,610,1,0.16393442622950818,-0.12383189562443171
W01001000,741,1,0.1349527665317139,-0.14692905255522684
W01001001,763,3,0.39318479685452157,0.05887095307307987
W01001002,1059,0,0.0,-0.2544806993322118
W01001003,577,0,0.0,-0.2544806993322118
W01001004,480,1,0.20833333333333334,-0.08844784462024126
W01001005,737,0,0.0,-0.2544806993322118
W01001006,953,0,0.0,-0.2544806993322118
W01001007,753,0,0.0,-0.2544806993322118
W01001008,1142,0,0.0,-0.2544806993322118
W01001009,502,0,0.0,-0.2544806993322118
W01001010,507,0,0.0,-0.2544806993322118
W01001011,567,0,0.0,-0.2544806993322118
W01001012,593,0,0.0,-0.2544806993322118
W01001013,636,2,0.3144654088050315,-0.0038650695782939675
W01001014,780,0,0.0,-0.2544806993322118
W01001015,605,0,0.0,-0.2544806993322118
W01001016,744,0,0.0,-0.2544806993322118
W01001017,612,2,0.32679738562091504,0.005962994333624349
W01001018,631,0,0.0,-0.2544806993322118
W01001019,628,1,0.15923566878980894,-0.12757660655873113
W01001020,633,0,0.0,-0.2544806993322118
W01001021,763,0,0.0,-0.2544806993322118
W01001022,625,0,0.0,-0.2544806993322118
W01001023,822,0,0.0,-0.2544806993322118
W01001024,526,0,0.0,-0.2544806993322118
W01001025,523,1,0.19120458891013384,-0.10209872942447594
W01001026,864,0,0.0,-0.2544806993322118
W01001027,714,2,0.2801120448179272,-0.03124324761863796
W01001028,876,1,0.1141552511415525,-0.1635037926407211
W01001029,817,91,11.138310893512852,8.622281961400803
W01001030,863,4,0.4634994206257242,0.11490873409418846
W01001031,634,0,0.0,-0.2544806993322118
W01001032,825,0,0.0,-0.2544806993322118
W01001033,747,0,0.0,-0.2544806993322118
W01001034,640,1,0.15625,-0.1299560582982339
W01001035,816,1,0.12254901960784313,-0.15681431420752326
W01001036,663,1,0.1508295625942685,-0.13427591764028743
W01001037,741,20,2.699055330634278,1.8965522362074878
W01001038,1140,1,0.08771929824561403,-0.1845721289271716
W01001039,685,1,0.145985401459854,-0.13813650916907919
W01001040,674,1,0.1483679525222552,-0.13623771674801913
W01001041,920,0,0.0,-0.2544806993322118
W01001042,581,0,0.0,-0.2544806993322118
W01001043,514,0,0.0,-0.2544806993322118
W01001044,753,0,0.0,-0.2544806993322118
W01001045,775,1,0.12903225806451613,-0.151647447381572
W01001046,981,1,0.10193679918450561,-0.173241382041951
W01001047,762,0,0.0,-0.2544806993322118
W01001048,652,0,0.0,-0.2544806993322118
W01001049,515,0,0.0,-0.2544806993322118
W01001050,651,0,0.0,-0.2544806993322118
W01001051,743,0,0.0,-0.2544806993322118
W01001052,588,0,0.0,-0.2544806993322118
W01001053,467,0,0.0,-0.2544806993322118
W01001054,553,0,0.0,-0.2544806993322118
W01001055,496,0,0.0,-0.2544806993322118
W01001056,514,0,0.0,-0.2544806993322118
W01001057,806,0,0.0,-0.2544806993322118
W01001058,785,0,0.0,-0.2544806993322118
W01001059,843,0,0.0,-0.2544806993322118
W01001060,648,0,0.0,-0.2544806993322118
W01001062,582,0,0.0,-0.2544806993322118
W01001063,694,0,0.0,-0.2544806993322118
W01001064,600,0,0.0,-0.2544806993322118
W01001065,670,1,0.1492537313432836,-0.13553178849378514
W01001066,795,1,0.12578616352201258,-0.15423444743064468
W01001067,608,0,0.0,-0.2544806993322118
W01001068,711,0,0.0,-0.2544806993322118
W01001069,732,0,0.0,-0.2544806993322118
W01001070,527,0,0.0,-0.2544806993322118
W01001071,650,2,0.3076923076923077,-0.009262944680686063
W01001072,1048,0,0.0,-0.2544806993322118
W01001073,1058,1,0.0945179584120983,-0.17915388434001345
W01001075,479,0,0.0,-0.2544806993322118
W01001076,631,0,0.0,-0.2544806993322118
W01001077,620,0,0.0,-0.2544806993322118
W01001078,509,0,0.0,-0.2544806993322118
W01001079,668,0,0.0,-0.2544806993322118
W01001080,635,0,0.0,-0.2544806993322118
W01001081,717,0,0.0,-0.2544806993322118
W01001082,786,2,0.2544529262086514,-0.05169247983667526
W01001083,713,0,0.0,-0.2544806993322118
W01001084,762,2,0.26246719160104987,-0.04530544930138278
W01001085,631,0,0.0,-0.2544806993322118
W01001086,675,0,0.0,-0.2544806993322118
W01001087,639,2,0.3129890453834116,-0.005041668779016602
W01001088,963,0,0.0,-0.2544806993322118
W01001089,695,2,0.28776978417266186,-0.025140353255245308
W01001090,632,0,0.0,-0.2544806993322118
W01001091,745,0,0.0,-0.2544806993322118
W01001092,829,0,0.0,-0.2544806993322118
W01001093,764,0,0.0,-0.2544806993322118
W01001094,516,1,0.1937984496124031,-0.10003153215828571
W01001095,628,0,0.0,-0.2544806993322118
W01001096,636,0,0.0,-0.2544806993322118
W01001097,588,0,0.0,-0.2544806993322118
W01001098,458,0,0.0,-0.2544806993322118
W01001099,567,1,0.1763668430335097,-0.113923785290332
W01001100,629,1,0.1589825119236884,-0.1277783618731564
W01001101,680,1,0.14705882352941177,-0.13728103718258552
W01001102,678,0,0.0,-0.2544806993322118
W01001103,513,0,0.0,-0.2544806993322118
W01001104,901,0,0.0,-0.2544806993322118
W01001105,1147,2,0.17436791630340018,-0.11551684534486069
W01001106,621,0,0.0,-0.2544806993322118
W01001107,726,0,0.0,-0.2544806993322118
W01001108,854,27,3.161592505854801,2.2651748007464048
W01001109,624,75,12.01923076923077,9.324337841743013
W01001110,660,3,0.45454545454545453,0.10777280185754211
W01001111,564,0,0.0,-0.2544806993322118
W01001112,592,0,0.0,-0.2544806993322118
W01001113,950,1,0.10526315789473684,-0.17059041484616355
W01001114,644,1,0.15527950310559005,-0.13072950327360022
W01001115,860,0,0.0,-0.2544806993322118
W01001116,815,0,0.0,-0.2544806993322118
W01001117,587,2,0.34071550255536626,0.01705514483046574
W01001119,744,22,2.956989247311828,2.1021146578699508
W01001120,595,0,0.0,-0.2544806993322118
W01001121,725,28,3.8620689655172415,2.8234249107765943
W01001122,840,2,0.2380952380952381,-0.06472886537567403
W01001123,785,0,0.0,-0.2544806993322118
W01001124,695,0,0.0,-0.2544806993322118
W01001125,630,0,0.0,-0.2544806993322118
W01001127,713,0,0.0,-0.2544806993322118
W01001128,719,0,0.0,-0.2544806993322118
W01001129,588,0,0.0,-0.2544806993322118
W01001130,494,1,0.20242914979757085,-0.09315322916673435
W01001131,737,0,0.0,-0.2544806993322118
W01001132,583,0,0.0,-0.2544806993322118
W01001133,962,1,0.10395010395010396,-0.17163686330129094
W01001134,522,56,10.727969348659004,8.29525710652558
W01001135,969,1,0.10319917440660474,-0.17223532238510564
W01001136,693,65,9.37950937950938,7.220591547440487
W01001137,1104,0,0.0,-0.2544806993322118
W01001138,643,0,0.0,-0.2544806993322118
W01001139,598,0,0.0,-0.2544806993322118
W01001140,640,0,0.0,-0.2544806993322118
W01001141,674,0,0.0,-0.2544806993322118
W01001142,834,1,0.1199040767386091,-0.15892222180014245
W01001143,636,0,0.0,-0.2544806993322118
W01001144,701,1,0.14265335235378032,-0.1407920113696642
W01001145,778,0,0.0,-0.2544806993322118
W01001146,632,0,0.0,-0.2544806993322118
W01001147,867,0,0.0,-0.2544806993322118
W01001148,833,0,0.0,-0.2544806993322118
W01001149,624,0,0.0,-0.2544806993322118
W01001150,869,0,0.0,-0.2544806993322118
W01001151,789,0,0.0,-0.2544806993322118
W01001152,836,28,3.349282296650718,2.41475562522387
W01001153,685,3,0.43795620437956206,0.09455187115718615
W01001154,685,0,0.0,-0.2544806993322118
W01001155,697,0,0.0,-0.2544806993322118
W01001156,548,0,0.0,-0.2544806993322118
W01001157,589,0,0.0,-0.2544806993322118
W01001158,632,0,0.0,-0.2544806993322118
W01001159,654,0,0.0,-0.2544806993322118
W01001160,679,0,0.0,-0.2544806993322118
W01001162,1063,1,0.09407337723424271,-0.17950819673414423
W01001164,671,0,0.0,-0.2544806993322118
W01001165,581,0,0.0,-0.2544806993322118
W01001166,578,0,0.0,-0.2544806993322118
W01001167,625,0,0.0,-0.2544806993322118
W01001168,610,2,0.32786885245901637,0.0068169080833483785
W01001169,1053,0,0.0,-0.2544806993322118
W01001170,530,0,0.0,-0.2544806993322118
W01001171,617,0,0.0,-0.2544806993322118
W01001172,640,0,0.0,-0.2544806993322118
W01001173,622,0,0.0,-0.2544806993322118
W01001174,628,0,0.0,-0.2544806993322118
W01001175,594,0,0.0,-0.2544806993322118
W01001176,624,2,0.3205128205128205,0.0009544617631274734
W01001177,604,0,0.0,-0.2544806993322118
W01001178,688,0,0.0,-0.2544806993322118
W01001179,738,0,0.0,-0.2544806993322118
W01001180,668,0,0.0,-0.2544806993322118
W01001181,629,0,0.0,-0.2544806993322118
W01001184,944,1,0.1059322033898305,-0.17005721388544712
W01001185,980,0,0.0,-0.2544806993322118
W01001186,695,0,0.0,-0.2544806993322118
W01001187,594,0,0.0,-0.2544806993322118
W01001188,602,0,0.0,-0.2544806993322118
W01001189,680,0,0.0,-0.2544806993322118
W01001190,1171,0,0.0,-0.2544806993322118
W01001192,608,0,0.0,-0.2544806993322118
W01001193,477,0,0.0,-0.2544806993322118
W01001194,875,1,0.1142857142857143,-0.16339981903307368
W01001195,652,2,0.3067484662576687,-0.01001514638207112
W01001196,614,0,0.0,-0.2544806993322118
W01001197,494,1,0.20242914979757085,-0.09315322916673435
W01001198,661,0,0.0,-0.2544806993322118
W01001199,708,0,0.0,-0.2544806993322118
W01001202,815,0,0.0,-0.2544806993322118
W01001203,587,1,0.17035775127768313,-0.11871277725087304
W01001204,677,0,0.0,-0.2544806993322118
W01001205,701,0,0.0,-0.2544806993322118
W01001206,634,1,0.15772870662460567,-0.12877759166384295
W01001207,558,0,0.0,-0.2544806993322118
W01001208,733,0,0.0,-0.2544806993322118
W01001209,582,0,0.0,-0.2544806993322118
W01001210,639,0,0.0,-0.2544806993322118
W01001211,628,0,0.0,-0.2544806993322118
W01001212,582,0,0.0,-0.2544806993322118
W01001214,530,0,0.0,-0.2544806993322118
W01001216,656,0,0.0,-0.2544806993322118
W01001217,467,0,0.0,-0.2544806993322118
W01001218,636,1,0.15723270440251574,-0.12917288445525288
W01001219,602,0,0.0,-0.2544806993322118
W01001220,622,0,0.0,-0.2544806993322118
W01001221,612,25,4.084967320261438,3.00106547149074
W01001222,639,0,0.0,-0.2544806993322118
W01001223,778,1,0.12853470437017994,-0.152043976630739
W01001224,766,0,0.0,-0.2544806993322118
W01001225,655,1,0.15267175572519084,-0.13280776763488988
W01001226,716,0,0.0,-0.2544806993322118
W01001227,550,0,0.0,-0.2544806993322118
W01001228,743,0,0.0,-0.2544806993322118
W01001229,643,0,0.0,-0.2544806993322118
W01001230,630,0,0.0,-0.2544806993322118
W01001231,678,1,0.14749262536873156,-0.13693531546533
W01001232,590,1,0.1694915254237288,-0.11940312261738832
W01001233,782,0,0.0,-0.2544806993322118
W01001234,660,0,0.0,-0.2544806993322118
W01001235,750,0,0.0,-0.2544806993322118
W01001236,661,0,0.0,-0.2544806993322118
W01001237,602,0,0.0,-0.2544806993322118
W01001238,690,3,0.43478260869565216,0.09202264963190063
W01001239,625,1,0.16,-0.12696746691341843
W01001240,859,0,0.0,-0.2544806993322118
W01001241,758,0,0.0,-0.2544806993322118
W01001242,575,0,0.0,-0.2544806993322118
W01001243,683,3,0.43923865300146414,0.09557392846462215
W01001244,628,0,0.0,-0.2544806993322118
W01001245,517,1,0.19342359767891684,-0.10033027329401864
W01001246,621,1,0.1610305958132045,-0.1261461256417998
W01001247,718,0,0.0,-0.2544806993322118
W01001248,860,0,0.0,-0.2544806993322118
W01001249,698,0,0.0,-0.2544806993322118
W01001250,624,1,0.16025641025641024,-0.12676311878454216
W01001251,663,0,0.0,-0.2544806993322118
W01001252,667,0,0.0,-0.2544806993322118
W01001253,602,0,0.0,-0.2544806993322118
W01001255,837,0,0.0,-0.2544806993322118
W01001256,534,0,0.0,-0.2544806993322118
W01001257,532,0,0.0,-0.2544806993322118
W01001258,640,0,0.0,-0.2544806993322118
W01001259,677,0,0.0,-0.2544806993322118
W01001260,510,1,0.19607843137254902,-0.09821448313271013
W01001261,558,1,0.17921146953405018,-0.1116567382896565
W01001262,622,0,0.0,-0.2544806993322118
W01001263,632,0,0.0,-0.2544806993322118
W01001264,514,0,0.0,-0.2544806993322118
W01001265,731,0,0.0,-0.2544806993322118
W01001266,625,0,0.0,-0.2544806993322118
W01001267,681,1,0.14684287812041116,-0.13745313653963345
W01001268,590,1,0.1694915254237288,-0.11940312261738832
W01001269,639,0,0.0,-0.2544806993322118
W01001270,650,0,0.0,-0.2544806993322118
W01001271,721,0,0.0,-0.2544806993322118
W01001272,613,0,0.0,-0.2544806993322118
W01001273,763,1,0.1310615989515072,-0.1500301485304479
W01001274,521,0,0.0,-0.2544806993322118
W01001275,792,0,0.0,-0.2544806993322118
W01001276,635,1,0.15748031496062992,-0.12897554931371438
W01001277,459,0,0.0,-0.2544806993322118
W01001278,435,0,0.0,-0.2544806993322118
W01001279,505,0,0.0,-0.2544806993322118
W01001280,763,0,0.0,-0.2544806993322118
W01001281,742,0,0.0,-0.2544806993322118
W01001282,891,0,0.0,-0.2544806993322118
W01001283,629,0,0.0,-0.2544806993322118
W01001284,436,0,0.0,-0.2544806993322118
W01001285,599,0,0.0,-0.2544806993322118
W01001286,622,0,0.0,-0.2544806993322118
W01001287,642,0,0.0,-0.2544806993322118
W01001288,668,0,0.0,-0.2544806993322118
W01001289,619,1,0.16155088852988692,-0.12573147435362397
W01001290,977,1,0.1023541453428864,-0.17290877480637162
W01001291,796,2,0.25125628140703515,-0.054240070533855385
W01001292,759,0,0.0,-0.2544806993322118
W01001293,794,1,0.12594458438287154,-0.15410819270532786
W01001294,697,0,0.0,-0.2544806993322118
W01001295,711,0,0.0,-0.2544806993322118
W01001296,656,0,0.0,-0.2544806993322118
W01001297,829,0,0.0,-0.2544806993322118
W01001298,849,1,0.11778563015312131,-0.1606105341240306
W01001299,695,0,0.0,-0.2544806993322118
W01001300,693,0,0.0,-0.2544806993322118
W01001301,771,0,0.0,-0.2544806993322118
W01001302,621,1,0.1610305958132045,-0.1261461256417998
W01001305,509,0,0.0,-0.2544806993322118
W01001306,654,1,0.1529051987767584,-0.1326217233968206
W01001307,811,1,0.12330456226880394,-0.15621217866421447
W01001308,486,0,0.0,-0.2544806993322118
W01001309,518,0,0.0,-0.2544806993322118
W01001310,672,1,0.1488095238095238,-0.1358858031093757
W01001311,518,0,0.0,-0.2544806993322118
W01001312,659,0,0.0,-0.2544806993322118
W01001313,692,1,0.1445086705202312,-0.13931340126610509
W01001314,932,6,0.6437768240343348,0.2585821993485556
W01001315,897,1,0.11148272017837235,-0.1656336867773112
W01001317,749,0,0.0,-0.2544806993322118
W01001318,672,0,0.0,-0.2544806993322118
W01001319,676,0,0.0,-0.2544806993322118
W01001320,666,9,1.3513513513513513,0.8224891690697594
W01001321,653,0,0.0,-0.2544806993322118
W01001322,732,17,2.3224043715846996,1.5963773531946732
W01001324,870,0,0.0,-0.2544806993322118
W01001325,658,0,0.0,-0.2544806993322118
W01001326,961,0,0.0,-0.2544806993322118
W01001327,1090,0,0.0,-0.2544806993322118
W01001328,653,0,0.0,-0.2544806993322118
W01001329,654,0,0.0,-0.2544806993322118
W01001330,612,0,0.0,-0.2544806993322118
W01001331,734,1,0.13623978201634876,-0.14590335565135915
W01001332,803,0,0.0,-0.2544806993322118
W01001333,626,1,0.1597444089456869,-0.1271711621728734
W01001334,592,1,0.16891891891891891,-0.11985946578196542
W01001335,530,0,0.0,-0.2544806993322118
W01001336,616,0,0.0,-0.2544806993322118
W01001337,668,0,0.0,-0.2544806993322118
W01001338,800,0,0.0,-0.2544806993322118
W01001339,590,0,0.0,-0.2544806993322118
W01001340,775,0,0.0,-0.2544806993322118
W01001341,762,0,0.0,-0.2544806993322118
W01001342,517,0,0.0,-0.2544806993322118
W01001343,484,0,0.0,-0.2544806993322118
W01001344,714,3,0.42016806722689076,0.08037547823814897
W01001345,577,0,0.0,-0.2544806993322118
W01001346,656,0,0.0,-0.2544806993322118
W01001347,648,0,0.0,-0.2544806993322118
W01001348,726,0,0.0,-0.2544806993322118
W01001349,670,0,0.0,-0.2544806993322118
W01001350,794,0,0.0,-0.2544806993322118
W01001351,644,0,0.0,-0.2544806993322118
W01001352,743,0,0.0,-0.2544806993322118
W01001353,741,0,0.0,-0.2544806993322118
W01001354,720,0,0.0,-0.2544806993322118
W01001355,752,1,0.13297872340425532,-0.148502281430954
W01001356,478,0,0.0,-0.2544806993322118
W01001357,722,0,0.0,-0.2544806993322118
W01001358,619,0,0.0,-0.2544806993322118
W01001359,638,1,0.1567398119122257,-0.12956569892195186
W01001360,559,0,0.0,-0.2544806993322118
W01001361,486,0,0.0,-0.2544806993322118
W01001362,901,0,0.0,-0.2544806993322118
W01001363,710,0,0.0,-0.2544806993322118
W01001364,677,0,0.0,-0.2544806993322118
W01001365,819,0,0.0,-0.2544806993322118
W01001366,701,1,0.14265335235378032,-0.1407920113696642
W01001367,658,0,0.0,-0.2544806993322118
W01001368,646,0,0.0,-0.2544806993322118
W01001369,1056,0,0.0,-0.2544806993322118
W01001370,835,1,0.11976047904191617,-0.1590366630906
W01001371,822,0,0.0,-0.2544806993322118
W01001372,816,1,0.12254901960784313,-0.15681431420752326
W01001373,821,1,0.12180267965895249,-0.1574091155785628
W01001374,595,0,0.0,-0.2544806993322118
W01001375,723,0,0.0,-0.2544806993322118
W01001376,648,0,0.0,-0.2544806993322118
W01001377,672,0,0.0,-0.2544806993322118
W01001378,677,0,0.0,-0.2544806993322118
W01001379,641,0,0.0,-0.2544806993322118
W01001380,770,0,0.0,-0.2544806993322118
W01001381,611,0,0.0,-0.2544806993322118
W01001382,683,1,0.14641288433382138,-0.13779582339993382
W01001383,660,0,0.0,-0.2544806993322118
W01001384,693,1,0.1443001443001443,-0.13947958784340106
W01001385,677,0,0.0,-0.2544806993322118
W01001386,692,0,0.0,-0.2544806993322118
W01001387,531,0,0.0,-0.2544806993322118
W01001388,760,0,0.0,-0.2544806993322118
W01001389,463,0,0.0,-0.2544806993322118
W01001390,803,0,0.0,-0.2544806993322118
W01001391,672,0,0.0,-0.2544806993322118
W01001392,831,0,0.0,-0.2544806993322118
W01001393,537,0,0.0,-0.2544806993322118
W01001394,503,0,0.0,-0.2544806993322118
W01001395,591,0,0.0,-0.2544806993322118
W01001396,643,0,0.0,-0.2544806993322118
W01001397,682,0,0.0,-0.2544806993322118
W01001398,1064,3,0.28195488721804507,-0.02977458017315396
W01001399,562,0,0.0,-0.2544806993322118
W01001400,559,1,0.17889087656529518,-0.1119122373255108
W01001401,887,0,0.0,-0.2544806993322118
W01001402,685,0,0.0,-0.2544806993322118
W01001403,688,0,0.0,-0.2544806993322118
W01001404,592,0,0.0,-0.2544806993322118
W01001405,747,0,0.0,-0.2544806993322118
W01001406,861,0,0.0,-0.2544806993322118
W01001407,606,0,0.0,-0.2544806993322118
W01001408,602,0,0.0,-0.2544806993322118
W01001409,697,0,0.0,-0.2544806993322118
W01001410,830,0,0.0,-0.2544806993322118
W01001411,766,0,0.0,-0.2544806993322118
W01001412,834,8,0.9592326139088728,0.5099871209243432
W01001413,765,0,0.0,-0.2544806993322118
W01001414,689,0,0.0,-0.2544806993322118
W01001415,720,0,0.0,-0.2544806993322118
W01001416,627,0,0.0,-0.2544806993322118
W01001417,580,0,0.0,-0.2544806993322118
W01001418,632,0,0.0,-0.2544806993322118
W01001419,667,0,0.0,-0.2544806993322118
W01001420,556,0,0.0,-0.2544806993322118
W01001421,684,1,0.14619883040935672,-0.13796641532381143
W01001422,658,0,0.0,-0.2544806993322118
W01001423,643,7,1.088646967340591,0.6131248867210091
W01001424,647,1,0.1545595054095827,-0.13130331098330011
W01001425,789,2,0.25348542458808615,-0.05246353770547961
W01001426,575,0,0.0,-0.2544806993322118
W01001427,741,0,0.0,-0.2544806993322118
W01001428,528,0,0.0,-0.2544806993322118
W01001429,528,0,0.0,-0.2544806993322118
W01001430,1014,0,0.0,-0.2544806993322118
W01001431,655,1,0.15267175572519084,-0.13280776763488988
W01001432,1136,2,0.17605633802816903,-0.1141712446460395
W01001433,645,0,0.0,-0.2544806993322118
W01001434,546,0,0.0,-0.2544806993322118
W01001435,618,0,0.0,-0.2544806993322118
W01001436,664,0,0.0,-0.2544806993322118
W01001437,646,0,0.0,-0.2544806993322118
W01001438,685,0,0.0,-0.2544806993322118
W01001439,678,0,0.0,-0.2544806993322118
W01001440,605,0,0.0,-0.2544806993322118
W01001441,486,1,0.205761316872428,-0.09049763295001867
W01001442,476,0,0.0,-0.2544806993322118
W01001443,622,0,0.0,-0.2544806993322118
W01001444,840,0,0.0,-0.2544806993322118
W01001445,608,0,0.0,-0.2544806993322118
W01001446,510,0,0.0,-0.2544806993322118
W01001447,612,3,0.49019607843137253,0.13618484116654242
W01001448,603,0,0.0,-0.2544806993322118
W01001449,695,0,0.0,-0.2544806993322118
W01001450,532,0,0.0,-0.2544806993322118
W01001451,644,0,0.0,-0.2544806993322118
W01001452,635,0,0.0,-0.2544806993322118
W01001453,631,0,0.0,-0.2544806993322118
W01001454,581,0,0.0,-0.2544806993322118
W01001455,768,0,0.0,-0.2544806993322118
W01001456,557,0,0.0,-0.2544806993322118
W01001457,797,0,0.0,-0.2544806993322118
W01001458,722,0,0.0,-0.2544806993322118
W01001459,480,0,0.0,-0.2544806993322118
W01001460,792,0,0.0,-0.2544806993322118
W01001461,622,0,0.0,-0.2544806993322118
W01001462,805,1,0.12422360248447205,-0.15547974248532254
W01001463,860,0,0.0,-0.2544806993322118
W01001464,664,0,0.0,-0.2544806993322118
W01001465,693,0,0.0,-0.2544806993322118
W01001466,735,0,0.0,-0.2544806993322118
W01001467,805,22,2.732919254658385,1.923540351299352
W01001468,605,0,0.0,-0.2544806993322118
W01001469,553,0,0.0,-0.2544806993322118
W01001470,624,0,0.0,-0.2544806993322118
W01001471,736,1,0.1358695652173913,-0.1461984027809267
W01001472,602,0,0.0,-0.2544806993322118
W01001473,567,0,0.0,-0.2544806993322118
W01001474,632,0,0.0,-0.2544806993322118
W01001475,486,0,0.0,-0.2544806993322118
W01001478,646,0,0.0,-0.2544806993322118
W01001479,676,0,0.0,-0.2544806993322118
W01001480,645,0,0.0,-0.2544806993322118
W01001481,828,1,0.12077294685990338,-0.1582297690644028
W01001482,514,0,0.0,-0.2544806993322118
W01001483,585,0,0.0,-0.2544806993322118
W01001484,677,1,0.14771048744460857,-0.13676168860585158
W01001485,554,0,0.0,-0.2544806993322118
W01001486,643,0,0.0,-0.2544806993322118
W01001487,711,0,0.0,-0.2544806993322118
W01001488,648,0,0.0,-0.2544806993322118
W01001489,677,0,0.0,-0.2544806993322118
W01001490,651,0,0.0,-0.2544806993322118
W01001491,798,0,0.0,-0.2544806993322118
W01001492,992,1,0.10080645161290322,-0.17414222124577444
W01001493,880,0,0.0,-0.2544806993322118
W01001494,663,0,0.0,-0.2544806993322118
W01001495,827,0,0.0,-0.2544806993322118
W01001496,643,40,6.2208398133748055,4.7032655066861935
W01001497,588,0,0.0,-0.2544806993322118
W01001498,525,0,0.0,-0.2544806993322118
W01001499,511,0,0.0,-0.2544806993322118
W01001500,498,0,0.0,-0.2544806993322118
W01001501,510,0,0.0,-0.2544806993322118
W01001502,493,0,0.0,-0.2544806993322118
W01001503,488,0,0.0,-0.2544806993322118
W01001504,996,0,0.0,-0.2544806993322118
W01001505,1099,3,0.27297543221110104,-0.03693082600624491
W01001506,779,2,0.25673940949935814,-0.04987024936624041
W01001507,880,0,0.0,-0.2544806993322118
W01001508,517,0,0.0,-0.2544806993322118
W01001509,605,0,0.0,-0.2544806993322118
W01001510,740,0,0.0,-0.2544806993322118
W01001511,716,0,0.0,-0.2544806993322118
W01001512,607,0,0.0,-0.2544806993322118
W01001513,626,1,0.1597444089456869,-0.1271711621728734
W01001514,489,0,0.0,-0.2544806993322118
W01001515,637,0,0.0,-0.2544806993322118
W01001516,627,0,0.0,-0.2544806993322118
W01001517,1017,0,0.0,-0.2544806993322118
W01001518,487,0,0.0,-0.2544806993322118
W01001519,594,0,0.0,-0.2544806993322118
W01001520,1064,0,0.0,-0.2544806993322118
W01001521,614,0,0.0,-0.2544806993322118
W01001522,749,0,0.0,-0.2544806993322118
W01001523,634,0,0.0,-0.2544806993322118
W01001524,890,0,0.0,-0.2544806993322118
W01001525,722,0,0.0,-0.2544806993322118
W01001526,596,0,0.0,-0.2544806993322118
W01001527,627,1,0.1594896331738437,-0.12737420768668412
W01001528,728,0,0.0,-0.2544806993322118
W01001529,949,0,0.0,-0.2544806993322118
W01001530,673,0,0.0,-0.2544806993322118
W01001531,718,0,0.0,-0.2544806993322118
W01001532,751,0,0.0,-0.2544806993322118
W01001533,624,1,0.16025641025641024,-0.12676311878454216
W01001534,628,1,0.15923566878980894,-0.12757660655873113
W01001535,564,0,0.0,-0.2544806993322118
W01001536,473,0,0.0,-0.2544806993322118
W01001537,511,0,0.0,-0.2544806993322118
W01001538,589,0,0.0,-0.2544806993322118
W01001539,599,0,0.0,-0.2544806993322118
W01001540,558,0,0.0,-0.2544806993322118
W01001541,469,29,6.183368869936034,4.6734027496883215
W01001542,884,0,0.0,-0.2544806993322118
W01001543,712,1,0.1404494382022472,-0.14254843772863615
W01001545,671,1,0.14903129657228018,-0.13570905959786628
W01001546,693,0,0.0,-0.2544806993322118
W01001548,902,3,0.3325942350332594,0.010582838123705687
W01001549,606,1,0.16501650165016502,-0.12296952728312623
W01001551,465,0,0.0,-0.2544806993322118
W01001552,633,2,0.315955766192733,-0.002677317778512395
W01001554,765,1,0.130718954248366,-0.15030322186587736
W01001555,495,1,0.20202020202020202,-0.09347914324787673
W01001556,593,0,0.0,-0.2544806993322118
W01001557,941,0,0.0,-0.2544806993322118
W01001558,738,0,0.0,-0.2544806993322118
W01001559,559,0,0.0,-0.2544806993322118
W01001560,544,0,0.0,-0.2544806993322118
W01001561,691,0,0.0,-0.2544806993322118
W01001562,596,0,0.0,-0.2544806993322118
W01001563,516,0,0.0,-0.2544806993322118
W01001565,754,7,0.9283819628647214,0.48540045694394335
W01001568,727,2,0.2751031636863824,-0.03523511401791784
W01001569,604,1,0.16556291390728478,-0.12253405982601004
W01001571,642,0,0.0,-0.2544806993322118
W01001572,708,0,0.0,-0.2544806993322118
W01001573,573,1,0.17452006980802792,-0.11539558543736737
W01001574,603,14,2.321724709784411,1.5958356914877583
W01001575,515,0,0.0,-0.2544806993322118
W01001576,498,0,0.0,-0.2544806993322118
W01001577,620,0,0.0,-0.2544806993322118
W01001578,1083,29,2.677746999076639,1.8795703972427007
W01001579,847,0,0.0,-0.2544806993322118
W01001580,830,2,0.24096385542168677,-0.062442698701498864
W01001581,861,0,0.0,-0.2544806993322118
W01001582,745,0,0.0,-0.2544806993322118
W01001583,666,0,0.0,-0.2544806993322118
W01001584,789,0,0.0,-0.2544806993322118
W01001585,539,0,0.0,-0.2544806993322118
W01001586,1007,1,0.09930486593843098,-0.17533892151518515
W01001587,1051,0,0.0,-0.2544806993322118
W01001588,739,1,0.13531799729364005,-0.14663797908627696
W01001589,665,2,0.30075187969924816,-0.0147941722292167
W01001590,885,2,0.22598870056497175,-0.07437726371244714
W01001591,627,0,0.0,-0.2544806993322118
W01001592,683,0,0.0,-0.2544806993322118
W01001593,756,0,0.0,-0.2544806993322118
W01001594,566,2,0.35335689045936397,0.02712979629233189
W01001595,543,2,0.3683241252302026,0.03905804932983557
W01001596,489,0,0.0,-0.2544806993322118
W01001597,678,1,0.14749262536873156,-0.13693531546533
W01001598,716,0,0.0,-0.2544806993322118
W01001599,1004,28,2.788844621513944,1.968110503186597
W01001600,768,0,0.0,-0.2544806993322118
W01001601,651,0,0.0,-0.2544806993322118
W01001602,686,0,0.0,-0.2544806993322118
W01001603,607,2,0.3294892915980231,0.00810832953680259
W01001604,617,10,1.6207455429497568,1.0371849451045119
W01001605,661,1,0.15128593040847202,-0.13391221179553123
W01001606,518,0,0.0,-0.2544806993322118
W01001607,501,0,0.0,-0.2544806993322118
W01001608,637,0,0.0,-0.2544806993322118
W01001609,710,1,0.14084507042253522,-0.14223313558327397
W01001610,513,0,0.0,-0.2544806993322118
W01001611,521,1,0.19193857965451055,-0.101513769847095
W01001612,676,0,0.0,-0.2544806993322118
W01001613,596,0,0.0,-0.2544806993322118
W01001614,766,0,0.0,-0.2544806993322118
W01001615,611,0,0.0,-0.2544806993322118
W01001616,631,0,0.0,-0.2544806993322118
W01001617,579,0,0.0,-0.2544806993322118
W01001618,489,0,0.0,-0.2544806993322118
W01001619,583,0,0.0,-0.2544806993322118
W01001620,689,0,0.0,-0.2544806993322118
W01001621,597,1,0.16750418760469013,-0.12098694679997417
W01001622,517,0,0.0,-0.2544806993322118
W01001623,644,0,0.0,-0.2544806993322118
W01001624,504,0,0.0,-0.2544806993322118
W01001625,567,0,0.0,-0.2544806993322118
W01001626,603,0,0.0,-0.2544806993322118
W01001627,682,0,0.0,-0.2544806993322118
W01001628,514,1,0.19455252918287938,-0.09943056263620818
W01001629,624,0,0.0,-0.2544806993322118
W01001630,815,0,0.0,-0.2544806993322118
W01001631,599,0,0.0,-0.2544806993322118
W01001632,571,0,0.0,-0.2544806993322118
W01001633,700,0,0.0,-0.2544806993322118
W01001634,628,0,0.0,-0.2544806993322118
W01001635,594,0,0.0,-0.2544806993322118
W01001636,736,0,0.0,-0.2544806993322118
W01001637,903,0,0.0,-0.2544806993322118
W01001638,472,1,0.211864406779661,-0.08563372843868244
W01001639,854,0,0.0,-0.2544806993322118
W01001640,484,1,0.2066115702479339,-0.08982001697323275
W01001641,540,0,0.0,-0.2544806993322118
W01001642,790,0,0.0,-0.2544806993322118
W01001643,732,0,0.0,-0.2544806993322118
W01001645,509,0,0.0,-0.2544806993322118
W01001646,603,0,0.0,-0.2544806993322118
W01001648,646,0,0.0,-0.2544806993322118
W01001650,653,0,0.0,-0.2544806993322118
W01001651,619,1,0.16155088852988692,-0.12573147435362397
W01001652,722,0,0.0,-0.2544806993322118
W01001653,604,0,0.0,-0.2544806993322118
W01001654,685,1,0.145985401459854,-0.13813650916907919
W01001655,647,2,0.3091190108191654,-0.008125922634388433
W01001657,534,0,0.0,-0.2544806993322118
W01001658,776,1,0.12886597938144329,-0.15177996445882797
W01001659,675,0,0.0,-0.2544806993322118
W01001660,1010,0,0.0,-0.2544806993322118
W01001661,1108,0,0.0,-0.2544806993322118
W01001662,627,0,0.0,-0.2544806993322118
W01001663,680,1,0.14705882352941177,-0.13728103718258552
W01001664,550,1,0.18181818181818182,-0.10957929885631024
W01001665,745,0,0.0,-0.2544806993322118
W01001666,592,1,0.16891891891891891,-0.11985946578196542
W01001667,499,0,0.0,-0.2544806993322118
W01001668,479,0,0.0,-0.2544806993322118
W01001669,528,1,0.1893939393939394,-0.10354174050314768
W01001670,858,0,0.0,-0.2544806993322118
W01001671,1049,0,0.0,-0.2544806993322118
W01001673,640,0,0.0,-0.2544806993322118
W01001674,605,0,0.0,-0.2544806993322118
W01001675,659,0,0.0,-0.2544806993322118
W01001676,836,0,0.0,-0.2544806993322118
W01001677,646,0,0.0,-0.2544806993322118
W01001678,692,0,0.0,-0.2544806993322118
W01001679,449,0,0.0,-0.2544806993322118
W01001680,509,0,0.0,-0.2544806993322118
W01001681,637,0,0.0,-0.2544806993322118
W01001682,580,0,0.0,-0.2544806993322118
W01001683,463,0,0.0,-0.2544806993322118
W01001684,633,1,0.1579778830963665,-0.1285790085553621
W01001685,856,1,0.11682242990654204,-0.16137816397970497
W01001686,538,0,0.0,-0.2544806993322118
W01001687,1088,2,0.1838235294117647,-0.10798112164517898
W01001689,782,0,0.0,-0.2544806993322118
W01001690,847,1,0.11806375442739078,-0.16038888084136665
W01001691,706,1,0.141643059490085,-0.14159717204928565
W01001692,832,1,0.1201923076923077,-0.15869251392145955
W01001693,949,0,0.0,-0.2544806993322118
W01001694,885,0,0.0,-0.2544806993322118
W01001695,743,1,0.13458950201884254,-0.14721855900684724
W01001696,668,0,0.0,-0.2544806993322118
W01001697,864,0,0.0,-0.2544806993322118
W01001698,948,0,0.0,-0.2544806993322118
W01001699,1031,0,0.0,-0.2544806993322118
W01001702,739,0,0.0,-0.2544806993322118
W01001703,487,0,0.0,-0.2544806993322118
W01001704,623,2,0.32102728731942215,0.001364470047389677
W01001705,782,0,0.0,-0.2544806993322118
W01001706,587,0,0.0,-0.2544806993322118
W01001707,807,0,0.0,-0.2544806993322118
W01001708,732,0,0.0,-0.2544806993322118
W01001710,803,2,0.24906600249066002,-0.05598563018714117
W01001711,873,0,0.0,-0.2544806993322118
W01001712,714,0,0.0,-0.2544806993322118
W01001713,774,1,0.12919896640826875,-0.15151458788292774
W01001714,611,0,0.0,-0.2544806993322118
W01001715,793,0,0.0,-0.2544806993322118
W01001716,541,0,0.0,-0.2544806993322118
W01001717,744,0,0.0,-0.2544806993322118
W01001718,620,1,0.16129032258064516,-0.12593913439391202
W01001719,566,0,0.0,-0.2544806993322118
W01001720,648,2,0.30864197530864196,-0.008506099758922121
W01001721,573,0,0.0,-0.2544806993322118
W01001722,526,0,0.0,-0.2544806993322118
W01001724,608,0,0.0,-0.2544806993322118
W01001725,520,1,0.19230769230769232,-0.10121960267500822
W01001726,549,1,0.18214936247723132,-0.10931536187912282
W01001727,512,1,0.1953125,-0.09882489803973941
W01001728,595,0,0.0,-0.2544806993322118
W01001729,1170,0,0.0,-0.2544806993322118
W01001730,631,0,0.0,-0.2544806993322118
W01001731,535,0,0.0,-0.2544806993322118
W01001732,674,0,0.0,-0.2544806993322118
W01001733,564,0,0.0,-0.2544806993322118
W01001734,587,0,0.0,-0.2544806993322118
W01001735,611,0,0.0,-0.2544806993322118
W01001736,593,0,0.0,-0.2544806993322118
W01001737,634,0,0.0,-0.2544806993322118
W01001738,520,0,0.0,-0.2544806993322118
W01001739,549,0,0.0,-0.2544806993322118
W01001740,682,1,0.1466275659824047,-0.13762473120648472
W01001741,610,0,0.0,-0.2544806993322118
W01001742,643,1,0.15552099533437014,-0.1305370441817517
W01001743,642,0,0.0,-0.2544806993322118
W01001744,758,4,0.5277044854881267,0.16607745508333366
W01001745,547,0,0.0,-0.2544806993322118
W01001746,655,1,0.15267175572519084,-0.13280776763488988
W01001747,826,0,0.0,-0.2544806993322118
W01001748,648,0,0.0,-0.2544806993322118
W01001749,671,0,0.0,-0.2544806993322118
W01001750,822,0,0.0,-0.2544806993322118
W01001751,820,0,0.0,-0.2544806993322118
W01001752,660,0,0.0,-0.2544806993322118
W01001753,638,0,0.0,-0.2544806993322118
W01001754,793,0,0.0,-0.2544806993322118
W01001755,638,0,0.0,-0.2544806993322118
W01001756,623,0,0.0,-0.2544806993322118
W01001757,600,0,0.0,-0.2544806993322118
W01001758,656,0,0.0,-0.2544806993322118
W01001759,695,0,0.0,-0.2544806993322118
W01001760,678,0,0.0,-0.2544806993322118
W01001761,685,0,0.0,-0.2544806993322118
W01001762,709,1,0.14104372355430184,-0.1420748174397635
W01001764,594,1,0.16835016835016833,-0.12031273592859926
W01001765,519,0,0.0,-0.2544806993322118
W01001766,697,1,0.1434720229555237,-0.14013956552769835
W01001767,742,0,0.0,-0.2544806993322118
W01001768,520,0,0.0,-0.2544806993322118
W01001769,615,0,0.0,-0.2544806993322118
W01001770,491,1,0.20366598778004072,-0.09216752160971516
W01001771,677,1,0.14771048744460857,-0.13676168860585158
W01001772,591,0,0.0,-0.2544806993322118
W01001773,1046,0,0.0,-0.2544806993322118
W01001774,532,0,0.0,-0.2544806993322118
W01001775,707,0,0.0,-0.2544806993322118
W01001776,517,0,0.0,-0.2544806993322118
W01001777,709,0,0.0,-0.2544806993322118
W01001778,686,0,0.0,-0.2544806993322118
W01001779,665,0,0.0,-0.2544806993322118
W01001780,608,0,0.0,-0.2544806993322118
W01001781,823,1,0.12150668286755771,-0.15764501250141488
W01001782,587,0,0.0,-0.2544806993322118
W01001783,502,0,0.0,-0.2544806993322118
W01001784,575,0,0.0,-0.2544806993322118
W01001785,483,0,0.0,-0.2544806993322118
W01001786,624,0,0.0,-0.2544806993322118
W01001787,538,0,0.0,-0.2544806993322118
W01001788,627,0,0.0,-0.2544806993322118
W01001789,724,0,0.0,-0.2544806993322118
W01001790,482,0,0.0,-0.2544806993322118
W01001791,852,0,0.0,-0.2544806993322118
W01001792,687,0,0.0,-0.2544806993322118
W01001793,569,0,0.0,-0.2544806993322118
W01001794,612,0,0.0,-0.2544806993322118
W01001795,656,0,0.0,-0.2544806993322118
W01001796,643,0,0.0,-0.2544806993322118
W01001797,601,0,0.0,-0.2544806993322118
W01001798,651,0,0.0,-0.2544806993322118
W01001799,518,0,0.0,-0.2544806993322118
W01001800,636,0,0.0,-0.2544806993322118
W01001802,745,0,0.0,-0.2544806993322118
W01001803,698,0,0.0,-0.2544806993322118
W01001804,628,1,0.15923566878980894,-0.12757660655873113
W01001805,673,0,0.0,-0.2544806993322118
W01001806,810,0,0.0,-0.2544806993322118
W01001807,619,0,0.0,-0.2544806993322118
W01001808,638,0,0.0,-0.2544806993322118
W01001809,533,0,0.0,-0.2544806993322118
W01001810,632,10,1.5822784810126582,1.0065283237966784
W01001811,547,0,0.0,-0.2544806993322118
W01001812,479,0,0.0,-0.2544806993322118
W01001813,788,0,0.0,-0.2544806993322118
W01001814,684,0,0.0,-0.2544806993322118
W01001815,542,0,0.0,-0.2544806993322118
W01001816,1098,0,0.0,-0.2544806993322118
W01001817,584,0,0.0,-0.2544806993322118
W01001818,627,0,0.0,-0.2544806993322118
W01001819,967,0,0.0,-0.2544806993322118
W01001820,520,0,0.0,-0.2544806993322118
W01001821,551,0,0.0,-0.2544806993322118
W01001822,805,0,0.0,-0.2544806993322118
W01001823,514,0,0.0,-0.2544806993322118
W01001824,725,0,0.0,-0.2544806993322118
W01001825,865,0,0.0,-0.2544806993322118
W01001826,548,0,0.0,-0.2544806993322118
W01001827,627,1,0.1594896331738437,-0.12737420768668412
W01001828,632,0,0.0,-0.2544806993322118
W01001829,713,0,0.0,-0.2544806993322118
W01001830,888,0,0.0,-0.2544806993322118
W01001831,656,1,0.1524390243902439,-0.1329932446649163
W01001832,805,3,0.37267080745341613,0.04252217120845599
W01001833,700,0,0.0,-0.2544806993322118
W01001834,714,0,0.0,-0.2544806993322118
W01001835,978,0,0.0,-0.2544806993322118
W01001836,527,1,0.18975332068311196,-0.103255328816565
W01001837,513,0,0.0,-0.2544806993322118
W01001838,624,0,0.0,-0.2544806993322118
W01001839,603,0,0.0,-0.2544806993322118
W01001840,880,0,0.0,-0.2544806993322118
W01001841,747,0,0.0,-0.2544806993322118
W01001842,729,0,0.0,-0.2544806993322118
W01001844,851,0,0.0,-0.2544806993322118
W01001846,652,0,0.0,-0.2544806993322118
W01001847,638,0,0.0,-0.2544806993322118
W01001848,607,0,0.0,-0.2544806993322118
W01001849,646,0,0.0,-0.2544806993322118
W01001850,783,0,0.0,-0.2544806993322118
W01001851,708,2,0.2824858757062147,-0.029351404807505976
W01001852,738,1,0.13550135501355012,-0.14649185073906024
W01001853,755,0,0.0,-0.2544806993322118
W01001854,796,0,0.0,-0.2544806993322118
W01001855,669,1,0.14947683109118087,-0.13535398743124638
W01001856,684,0,0.0,-0.2544806993322118
W01001857,904,0,0.0,-0.2544806993322118
W01001858,852,0,0.0,-0.2544806993322118
W01001859,770,0,0.0,-0.2544806993322118
W01001860,779,0,0.0,-0.2544806993322118
W01001861,748,0,0.0,-0.2544806993322118
W01001862,761,1,0.1314060446780552,-0.14975563985554183
W01001863,645,1,0.15503875968992248,-0.13092136559307094
W01001864,634,1,0.15772870662460567,-0.12877759166384295
W01001865,516,0,0.0,-0.2544806993322118
W01001866,662,0,0.0,-0.2544806993322118
W01001867,545,0,0.0,-0.2544806993322118
W01001868,598,0,0.0,-0.2544806993322118
W01001869,614,0,0.0,-0.2544806993322118
W01001870,633,0,0.0,-0.2544806993322118
W01001871,686,0,0.0,-0.2544806993322118
W01001872,696,0,0.0,-0.2544806993322118
W01001873,795,1,0.12578616352201258,-0.15423444743064468
W01001874,751,0,0.0,-0.2544806993322118
W01001876,654,0,0.0,-0.2544806993322118
W01001877,816,0,0.0,-0.2544806993322118
W01001878,624,0,0.0,-0.2544806993322118
W01001879,796,0,0.0,-0.2544806993322118
W01001880,611,0,0.0,-0.2544806993322118
W01001881,658,0,0.0,-0.2544806993322118
W01001882,758,0,0.0,-0.2544806993322118
W01001883,697,0,0.0,-0.2544806993322118
W01001884,525,0,0.0,-0.2544806993322118
W01001885,1000,60,6.0,4.52726551637254
W01001886,526,0,0.0,-0.2544806993322118
W01001887,616,1,0.16233766233766234,-0.1251044489072997
W01001888,688,0,0.0,-0.2544806993322118
W01001889,703,0,0.0,-0.2544806993322118
W01001890,605,0,0.0,-0.2544806993322118
W01001891,733,0,0.0,-0.2544806993322118
W01001892,598,0,0.0,-0.2544806993322118
W01001893,799,0,0.0,-0.2544806993322118
W01001894,645,0,0.0,-0.2544806993322118
W01001895,839,0,0.0,-0.2544806993322118
W01001896,603,1,0.16583747927031509,-0.12231524284507107
W01001897,826,4,0.48426150121065376,0.13145523413871246
W01001898,644,0,0.0,-0.2544806993322118
W01001899,936,0,0.0,-0.2544806993322118
W01001900,669,0,0.0,-0.2544806993322118
W01001901,858,1,0.11655011655011654,-0.16159518620663388
W01001902,587,0,0.0,-0.2544806993322118
W01001903,967,2,0.2068252326783868,-0.08964973705352335
W01001904,740,1,0.13513513513513514,-0.1467837124920147
W01001905,918,7,0.7625272331154684,0.35322125255473924
W01001906,883,1,0.11325028312570783,-0.16422501387157096
W01001907,575,2,0.34782608695652173,0.022721979839078144
W01001908,933,0,0.0,-0.2544806993322118
W01001910,808,0,0.0,-0.2544806993322118
W01001911,506,0,0.0,-0.2544806993322118
W01001912,665,110,16.541353383458645,12.928278291332518
W01001913,613,0,0.0,-0.2544806993322118
W01001914,670,0,0.0,-0.2544806993322118
W01001915,603,1,0.16583747927031509,-0.12231524284507107
W01001916,558,0,0.0,-0.2544806993322118
W01001917,620,0,0.0,-0.2544806993322118
W01001918,663,0,0.0,-0.2544806993322118
W01001919,552,0,0.0,-0.2544806993322118
W01001920,460,0,0.0,-0.2544806993322118
W01001921,574,0,0.0,-0.2544806993322118
W01001922,409,0,0.0,-0.2544806993322118
W01001923,821,0,0.0,-0.2544806993322118
W01001924,595,2,0.33613445378151263,0.013404242724076828
W01001925,970,2,0.2061855670103093,-0.09015952353479764
W01001926,999,0,0.0,-0.2544806993322118
W01001927,591,1,0.1692047377326565,-0.11963168027680426
W01001928,639,0,0.0,-0.2544806993322118
W01001929,587,0,0.0,-0.2544806993322118
W01001930,902,1,0.11086474501108648,-0.16612618684690597
W01001931,689,0,0.0,-0.2544806993322118
W01001932,1130,16,1.415929203539823,0.8739549857898536
W01001933,968,8,0.8264462809917356,0.40416203010370444
W01001935,489,0,0.0,-0.2544806993322118
W01001936,417,3,0.7194244604316548,0.31887016586020456
W01001937,920,10,1.0869565217391304,0.6117776730780693
W01001940,667,0,0.0,-0.2544806993322118
W01001942,775,0,0.0,-0.2544806993322118
W01001943,647,0,0.0,-0.2544806993322118
W01001944,625,0,0.0,-0.2544806993322118
W01001946,667,0,0.0,-0.2544806993322118
W01001947,947,0,0.0,-0.2544806993322118
W01001948,891,0,0.0,-0.2544806993322118
W01001949,681,0,0.0,-0.2544806993322118
W01001950,597,1,0.16750418760469013,-0.12098694679997417
W01001951,500,0,0.0,-0.2544806993322118
W01001952,644,2,0.3105590062111801,-0.0069783072149886514
W01001953,633,0,0.0,-0.2544806993322118
W01001954,640,0,0.0,-0.2544806993322118
W01001955,1252,2,0.1597444089456869,-0.1271711621728734
W01001956,816,0,0.0,-0.2544806993322118
W01001958,795,1,0.12578616352201258,-0.15423444743064468
W01001959,609,1,0.16420361247947454,-0.12361736556908232
W01001960,690,0,0.0,-0.2544806993322118
W01001961,1014,1,0.09861932938856016,-0.1758852651490305
W01001962,1181,0,0.0,-0.2544806993322118
W01001963,971,0,0.0,-0.2544806993322118
W01001964,1073,0,0.0,-0.2544806993322118
W01001965,702,0,0.0,-0.2544806993322118
W01001966,650,0,0.0,-0.2544806993322118
W01001967,634,2,0.31545741324921134,-0.003074483995474085
W01001968,600,1,0.16666666666666669,-0.12165441556263536
W01001969,930,0,0.0,-0.2544806993322118
W01001970,927,2,0.2157497303128371,-0.08253728992175689
W01001971,459,2,0.4357298474945534,0.09277755888890309
W01001972,514,1,0.19455252918287938,-0.09943056263620818
W01001973,1061,0,0.0,-0.2544806993322118
W01001974,633,0,0.0,-0.2544806993322118
W01001975,626,2,0.3194888178913738,0.00013837498646505954
W01001976,695,1,0.14388489208633093,-0.13981052629372856
W01001977,604,1,0.16556291390728478,-0.12253405982601004
W01001978,687,1,0.1455604075691412,-0.1384752113238481
W01001979,809,0,0.0,-0.2544806993322118
W01001980,925,1,0.10810810810810811,-0.1683231098600541
W01001981,507,0,0.0,-0.2544806993322118
W01001982,542,1,0.18450184501845018,-0.10744053279762535
W01001983,584,0,0.0,-0.2544806993322118
W01001984,488,0,0.0,-0.2544806993322118
W01001985,918,26,2.832244008714597,2.0026979791050348
W01001986,1127,0,0.0,-0.2544806993322118
W01001987,600,0,0.0,-0.2544806993322118
W01001988,592,0,0.0,-0.2544806993322118
W01001989,587,0,0.0,-0.2544806993322118
W01001990,920,1,0.10869565217391304,-0.16785486209118372
W01001991,652,2,0.3067484662576687,-0.01001514638207112
W01001992,660,4,0.6060606060606061,0.22852396892079344
W01001993,587,0,0.0,-0.2544806993322118
W01001994,625,1,0.16,-0.12696746691341843
W01001995,636,0,0.0,-0.2544806993322118
W01001996,822,1,0.12165450121654502,-0.15752720752960125
W01001997,1100,0,0.0,-0.2544806993322118
W01001998,963,1,0.10384215991692627,-0.17172289012998349
W01001999,1102,0,0.0,-0.2544806993322118
W01002000,528,1,0.1893939393939394,-0.10354174050314768
W01002001,420,0,0.0,-0.2544806993322118
W01002002,1980,42,2.1212121212121215,1.436035639553307
W01002003,1154,22,1.9064124783362217,1.2648494096438792
W01002004,1014,1,0.09861932938856016,-0.1758852651490305
W01002005,1027,17,1.6553067185978578,1.064728740248781
W01002007,994,8,0.8048289738430584,0.3869339506617187
W01002008,969,5,0.5159958720330238,0.156746185403319
W01002009,620,1,0.16129032258064516,-0.12593913439391202
W01002010,603,2,0.33167495854063017,0.009850213642069653
W01002011,709,1,0.14104372355430184,-0.1420748174397635
W01002012,611,0,0.0,-0.2544806993322118
W01002013,1154,2,0.17331022530329288,-0.11635978033438538
W01002014,1079,2,0.18535681186283595,-0.10675916038550957
W01002016,535,1,0.1869158878504673,-0.10551664276820083
W01002017,596,0,0.0,-0.2544806993322118
W01002018,565,0,0.0,-0.2544806993322118
W01002019,1150,0,0.0,-0.2544806993322118
W01002020,624,12,1.9230769230769231,1.278130267239824
W01002021,649,22,3.389830508474576,2.4470708349642583
W01002022,555,0,0.0,-0.2544806993322118
W01002023,688,0,0.0,-0.2544806993322118
W01002024,701,0,0.0,-0.2544806993322118
W01002025,627,0,0.0,-0.2544806993322118
W01002026,755,0,0.0,-0.2544806993322118
W01002027,736,1,0.1358695652173913,-0.1461984027809267
W01002028,778,0,0.0,-0.2544806993322118
W01002029,613,0,0.0,-0.2544806993322118
W01002030,596,0,0.0,-0.2544806993322118
W01002031,705,0,0.0,-0.2544806993322118
W01002032,572,0,0.0,-0.2544806993322118
W01002033,651,3,0.4608294930875576,0.11278091477721613
W01002034,741,1,0.1349527665317139,-0.14692905255522684
W01002035,605,0,0.0,-0.2544806993322118
W01002036,772,0,0.0,-0.2544806993322118
W01002037,563,11,1.9538188277087036,1.3026302649292527
W01002038,579,0,0.0,-0.2544806993322118
W01002039,668,0,0.0,-0.2544806993322118
W01002040,902,2,0.22172949002217296,-0.07777167436160014
