,ltla24_code,total_pop_3plus,english_poor_none,english_poor_none_perc
0,E06000001,89424,589,0.66
1,E06000002,138806,2674,1.93
2,E06000003,132644,409,0.31
3,E06000004,190451,1335,0.7
4,E06000005,104604,904,0.86
5,E06000006,124438,767,0.62
6,E06000007,204699,2001,0.98
7,E06000008,148698,6162,4.14
8,E06000009,136717,1136,0.83
9,E06000010,257563,7532,2.92
10,E06000011,333795,1590,0.48
11,E06000012,152049,1421,0.93
12,E06000013,164779,2756,1.67
13,E06000014,197728,1255,0.63
14,E06000015,252284,8246,3.27
15,E06000016,355567,32037,9.01
16,E06000017,40162,104,0.26
17,E06000018,313263,9464,3.02
18,E06000019,182170,1837,1.01
19,E06000020,179303,2453,1.37
20,E06000021,248999,4838,1.94
21,E06000022,188161,930,0.49
22,E06000023,456963,7161,1.57
23,E06000024,210509,1210,0.57
24,E06000025,280909,2105,0.75
25,E06000026,256930,1818,0.71
26,E06000027,135826,575,0.42
27,E06000030,225531,4010,1.78
28,E06000031,207416,9405,4.53
29,E06000032,215736,11962,5.54
30,E06000033,174710,1646,0.94
31,E06000034,168822,3144,1.86
32,E06000035,269641,3100,1.15
33,E06000036,120408,1134,0.94
34,E06000037,156678,936,0.6
35,E06000038,168168,5126,3.05
36,E06000039,151631,7844,5.17
37,E06000040,148866,1487,1.0
38,E06000041,171949,1432,0.83
39,E06000042,276882,4767,1.72
40,E06000043,270208,3137,1.16
41,E06000044,201293,3107,1.54
42,E06000045,240627,6146,2.55
43,E06000046,137295,379,0.28
44,E06000047,507664,1505,0.3
45,E06000049,387344,3197,0.83
46,E06000050,346937,1945,0.56
47,E06000051,315325,1750,0.55
48,E06000052,555580,1595,0.29
49,E06000053,1986,5,0.25
50,E06000054,495539,2474,0.5
51,E06000055,178705,4817,2.7
52,E06000056,283720,1780,0.63
53,E06000057,312441,758,0.24
54,E06000058,389191,4339,1.11
55,E06000059,371006,863,0.23
56,E06000060,535337,6094,1.14
57,E06000061,347679,6168,1.77
58,E06000062,409874,8939,2.18
59,E06000063,265809,1079,0.41
60,E06000064,221010,799,0.36
61,E06000065,599567,2785,0.46
62,E06000066,555788,3754,0.68
63,E07000008,141880,2506,1.77
64,E07000009,85161,725,0.85
65,E07000010,99433,2483,2.5
66,E07000011,175177,1530,0.87
67,E07000012,157054,943,0.6
68,E07000032,122720,340,0.28
69,E07000033,77799,886,1.14
70,E07000034,100611,473,0.47
71,E07000035,70029,99,0.14
72,E07000036,109743,399,0.36
73,E07000037,88451,189,0.21
74,E07000038,99218,172,0.17
75,E07000039,103766,469,0.45
76,E07000040,147082,399,0.27
77,E07000041,127228,1217,0.96
78,E07000042,80502,471,0.59
79,E07000043,96064,277,0.29
80,E07000044,86646,120,0.14
81,E07000045,131347,235,0.18
82,E07000046,66480,125,0.19
83,E07000047,55883,116,0.21
84,E07000061,98936,1153,1.17
85,E07000062,88130,752,0.85
86,E07000063,97333,337,0.35
87,E07000064,90932,233,0.26
88,E07000065,156029,358,0.23
89,E07000066,180339,1328,0.74
90,E07000067,150417,668,0.44
91,E07000068,74500,326,0.44
92,E07000069,87084,288,0.33
93,E07000070,175888,1140,0.65
94,E07000071,186393,1469,0.79
95,E07000072,130185,1240,0.95
96,E07000073,89668,1545,1.72
97,E07000074,64450,144,0.22
98,E07000075,83196,130,0.16
99,E07000076,144429,456,0.32
100,E07000077,88463,324,0.37
101,E07000078,115431,1090,0.94
102,E07000079,88514,173,0.2
103,E07000080,84673,375,0.44
104,E07000081,128078,1987,1.55
105,E07000082,117858,261,0.22
106,E07000083,91790,399,0.43
107,E07000084,178984,1790,1.0
108,E07000085,122331,476,0.39
109,E07000086,132033,627,0.47
110,E07000087,111626,286,0.26
111,E07000088,79449,268,0.34
112,E07000089,96412,390,0.4
113,E07000090,120665,365,0.3
114,E07000091,171624,373,0.22
115,E07000092,95961,3517,3.67
116,E07000093,126516,755,0.6
117,E07000094,124002,495,0.4
118,E07000095,95516,1788,1.87
119,E07000096,149505,1263,0.84
120,E07000098,104097,1403,1.35
121,E07000099,128770,790,0.61
122,E07000102,90732,753,0.83
123,E07000103,98335,2630,2.67
124,E07000105,128372,1636,1.27
125,E07000106,153467,1054,0.69
126,E07000107,111833,1458,1.3
127,E07000108,113134,719,0.64
128,E07000109,103056,2647,2.57
129,E07000110,169692,2172,1.28
130,E07000111,116656,413,0.35
131,E07000112,106779,860,0.81
132,E07000113,146456,1046,0.71
133,E07000114,136297,1512,1.11
134,E07000115,127828,541,0.42
135,E07000116,111772,724,0.65
136,E07000117,91235,2733,3.0
137,E07000118,114328,548,0.48
138,E07000119,79463,363,0.46
139,E07000120,79348,1566,1.97
140,E07000121,138919,1256,0.9
141,E07000122,92238,4291,4.65
142,E07000123,142530,3862,2.71
143,E07000124,60051,148,0.25
144,E07000125,68706,480,0.7
145,E07000126,107879,455,0.42
146,E07000127,114389,829,0.72
147,E07000128,109070,309,0.28
148,E07000129,99639,903,0.91
149,E07000130,178648,1993,1.12
150,E07000131,94858,377,0.4
151,E07000132,110364,522,0.47
152,E07000133,50371,230,0.46
153,E07000134,101487,532,0.52
154,E07000135,56161,947,1.69
155,E07000136,68430,4512,6.59
156,E07000137,139043,471,0.34
157,E07000138,100756,2099,2.08
158,E07000139,114960,443,0.39
159,E07000140,92348,2686,2.91
160,E07000141,139558,1033,0.74
161,E07000142,92650,207,0.22
162,E07000143,137546,2248,1.63
163,E07000144,128354,352,0.27
164,E07000145,96887,1640,1.69
165,E07000146,150081,1998,1.33
166,E07000147,100935,227,0.22
167,E07000148,139842,2281,1.63
168,E07000149,137976,501,0.36
169,E07000170,122404,668,0.55
170,E07000171,114376,1157,1.01
171,E07000172,107911,781,0.72
172,E07000173,113780,586,0.52
173,E07000174,107000,1884,1.76
174,E07000175,119429,927,0.78
175,E07000176,115718,377,0.33
176,E07000177,157349,2177,1.38
177,E07000178,157728,3603,2.28
178,E07000179,144466,843,0.58
179,E07000180,134381,757,0.56
180,E07000181,110845,500,0.45
181,E07000192,97177,311,0.32
182,E07000193,119941,2419,2.02
183,E07000194,103438,333,0.32
184,E07000195,119924,572,0.48
185,E07000196,107655,262,0.24
186,E07000197,132894,607,0.46
187,E07000198,93471,139,0.15
188,E07000199,76054,459,0.6
189,E07000200,90052,202,0.22
190,E07000202,134760,3636,2.7
191,E07000203,100068,224,0.22
192,E07000207,133978,1008,0.75
193,E07000208,78322,1027,1.31
194,E07000209,139728,1101,0.79
195,E07000210,85065,383,0.45
196,E07000211,145580,1043,0.72
197,E07000212,85236,752,0.88
198,E07000213,99364,1247,1.25
199,E07000214,87874,838,0.95
200,E07000215,84952,280,0.33
201,E07000216,124586,472,0.38
202,E07000217,100261,1763,1.76
203,E07000218,63161,163,0.26
204,E07000219,129586,1737,1.34
205,E07000220,110656,1932,1.75
206,E07000221,131136,634,0.48
207,E07000222,144044,1493,1.04
208,E07000223,62730,339,0.54
209,E07000224,160668,2245,1.4
210,E07000225,120971,666,0.55
211,E07000226,113918,2924,2.57
212,E07000227,142543,549,0.39
213,E07000228,147852,705,0.48
214,E07000229,108121,798,0.74
215,E07000234,96238,211,0.22
216,E07000235,77726,242,0.31
217,E07000236,84096,1163,1.38
218,E07000237,100696,1253,1.24
219,E07000238,128907,1200,0.93
220,E07000239,98856,389,0.39
221,E07000240,143209,1201,0.84
222,E07000241,115971,1540,1.33
223,E07000242,145268,725,0.5
224,E07000243,86192,921,1.07
225,E07000244,239997,806,0.34
226,E07000245,174124,1480,0.85
227,E08000001,285080,9146,3.21
228,E08000002,187203,3177,1.7
229,E08000003,531494,21436,4.03
230,E08000004,232722,8889,3.82
231,E08000005,215152,6251,2.91
232,E08000006,259381,6428,2.48
233,E08000007,285050,2391,0.84
234,E08000008,223041,3599,1.61
235,E08000009,227378,2701,1.19
236,E08000010,319081,2362,0.74
237,E08000011,148769,905,0.61
238,E08000012,470404,10892,2.32
239,E08000013,177631,1128,0.64
240,E08000014,271398,2335,0.86
241,E08000015,310694,1546,0.5
242,E08000016,236707,2053,0.87
243,E08000017,297954,5041,1.69
244,E08000018,257301,2683,1.04
245,E08000019,538835,11038,2.05
246,E08000021,290969,6614,2.27
247,E08000022,202561,1096,0.54
248,E08000023,143314,824,0.57
249,E08000024,266255,1420,0.53
250,E08000025,1100908,50998,4.63
251,E08000026,333238,11388,3.42
252,E08000027,312892,3755,1.2
253,E08000028,328741,16390,4.99
254,E08000029,209538,1360,0.65
255,E08000030,273392,7501,2.74
256,E08000031,254178,10350,4.07
257,E08000032,525085,21788,4.15
258,E08000033,200055,2743,1.37
259,E08000034,418472,9990,2.39
260,E08000035,784391,14889,1.9
261,E08000036,341512,4585,1.34
262,E08000037,190301,1964,1.03
263,E09000001,8451,135,1.6
264,E09000002,208901,10605,5.08
265,E09000003,375119,15510,4.13
266,E09000004,237643,3886,1.64
267,E09000005,327776,24688,7.53
268,E09000006,318632,3163,0.99
269,E09000007,204040,6071,2.98
270,E09000008,375600,11022,2.93
271,E09000009,354370,22875,6.46
272,E09000010,317649,21061,6.63
273,E09000011,277581,9259,3.34
274,E09000012,249208,11847,4.75
275,E09000013,177649,4298,2.42
276,E09000014,255099,18720,7.34
277,E09000015,251832,13990,5.56
278,E09000016,252281,4201,1.67
279,E09000017,294228,11247,3.82
280,E09000018,277404,14171,5.11
281,E09000019,209653,6172,2.94
282,E09000020,139642,3413,2.44
283,E09000021,162488,4405,2.71
284,E09000022,308317,11307,3.67
285,E09000023,288902,9445,3.27
286,E09000024,206962,7657,3.7
287,E09000025,336608,27269,8.1
288,E09000026,297626,15716,5.28
289,E09000027,188886,2435,1.29
290,E09000028,297740,10215,3.43
291,E09000029,202272,3885,1.92
292,E09000030,298742,18669,6.25
293,E09000031,266648,13139,4.93
294,E09000032,315831,7347,2.33
295,E09000033,198958,7269,3.65
