,ltla24_code,total_pop,non_white_british,non_white_british_perc
0,E06000001,92341,4580,4.96
1,E06000002,143936,29512,20.5
2,E06000003,136528,4736,3.47
3,E06000004,196590,19064,9.7
4,E06000005,107787,10465,9.71
5,E06000006,128466,8160,6.35
6,E06000007,210955,25013,11.86
7,E06000008,154762,66763,43.14
8,E06000009,141031,13592,9.64
9,E06000010,267044,43089,16.14
10,E06000011,342233,18386,5.37
11,E06000012,156954,11594,7.39
12,E06000013,169663,19114,11.27
13,E06000014,202866,25899,12.77
14,E06000015,261334,88256,33.77
15,E06000016,368597,246194,66.79
16,E06000017,41059,3687,8.98
17,E06000018,323684,138104,42.67
18,E06000019,187016,16600,8.88
19,E06000020,185572,31641,17.05
20,E06000021,258383,55472,21.47
21,E06000022,193399,27922,14.44
22,E06000023,472479,134017,28.36
23,E06000024,216710,20797,9.6
24,E06000025,290413,41246,14.2
25,E06000026,264718,27916,10.55
26,E06000027,139309,10937,7.85
27,E06000030,233427,60190,25.79
28,E06000031,215654,87302,40.48
29,E06000032,225244,153710,68.24
30,E06000033,180677,33238,18.4
31,E06000034,175996,59569,33.85
32,E06000035,279768,60817,21.74
33,E06000036,124592,27641,22.19
34,E06000037,161422,23168,14.35
35,E06000038,174250,81078,46.53
36,E06000039,158499,120401,75.96
37,E06000040,153515,47520,30.95
38,E06000041,177495,48409,27.27
39,E06000042,287053,108474,37.79
40,E06000043,277107,72274,26.08
41,E06000044,207978,46314,22.27
42,E06000045,248921,79450,31.92
43,E06000046,140463,8776,6.25
44,E06000047,522063,27426,5.25
45,E06000049,398755,41420,10.39
46,E06000050,357157,31534,8.83
47,E06000051,323590,21676,6.7
48,E06000052,570288,36401,6.38
49,E06000053,2055,129,6.28
50,E06000054,510392,50802,9.95
51,E06000055,185241,66459,35.88
52,E06000056,294230,48465,16.47
53,E06000057,320582,12567,3.92
54,E06000058,400247,70638,17.65
55,E06000059,379583,23310,6.14
56,E06000060,553069,151577,27.41
57,E06000061,359494,70227,19.53
58,E06000062,423830,106124,25.04
59,E06000063,273279,13439,4.92
60,E06000064,226586,12249,5.41
61,E06000065,615496,41429,6.73
62,E06000066,571499,49677,8.69
63,E07000008,145670,68470,47.0
64,E07000009,87788,11890,13.54
65,E07000010,102437,14411,14.07
66,E07000011,180820,26735,14.79
67,E07000012,162095,33109,20.43
68,E07000032,126200,6262,4.96
69,E07000033,80275,5421,6.75
70,E07000034,103588,7198,6.95
71,E07000035,71542,3212,4.49
72,E07000036,112892,8487,7.52
73,E07000037,90927,4742,5.22
74,E07000038,102016,4357,4.27
75,E07000039,107213,10576,9.86
76,E07000040,150833,8818,5.85
77,E07000041,130705,22610,17.3
78,E07000042,82860,5165,6.23
79,E07000043,98606,5663,5.74
80,E07000044,88619,5132,5.79
81,E07000045,134790,6851,5.08
82,E07000046,68120,2668,3.92
83,E07000047,57075,2882,5.05
84,E07000061,101691,18227,17.92
85,E07000062,91005,13588,14.93
86,E07000063,99898,11063,11.07
87,E07000064,93108,7744,8.32
88,E07000065,160111,13152,8.21
89,E07000066,187589,33539,17.88
90,E07000067,155240,14957,9.63
91,E07000068,77056,13357,17.33
92,E07000069,89610,6613,7.38
93,E07000070,181488,30727,16.93
94,E07000071,192720,37231,19.32
95,E07000072,134960,32966,24.43
96,E07000073,93338,25341,27.15
97,E07000074,66222,3948,5.96
98,E07000075,85657,5316,6.21
99,E07000076,148294,9686,6.53
100,E07000077,91351,10102,11.06
101,E07000078,118836,19904,16.75
102,E07000079,90824,7280,8.02
103,E07000080,87001,4603,5.29
104,E07000081,132419,29101,21.98
105,E07000082,121112,9218,7.61
106,E07000083,94904,9184,9.68
107,E07000084,185174,33594,18.14
108,E07000085,125709,11901,9.47
109,E07000086,136468,16227,11.89
110,E07000087,114480,8269,7.22
111,E07000088,81933,6174,7.54
112,E07000089,99388,12973,13.05
113,E07000090,124222,8493,6.84
114,E07000091,175780,11935,6.79
115,E07000092,99741,28832,28.91
116,E07000093,130505,15626,11.97
117,E07000094,127470,15162,11.89
118,E07000095,98983,31094,31.41
119,E07000096,155087,32977,21.26
120,E07000098,107842,39812,36.92
121,E07000099,133202,24900,18.69
122,E07000102,93786,30077,32.07
123,E07000103,102247,55430,54.21
124,E07000105,132725,23055,17.37
125,E07000106,157424,27541,17.49
126,E07000107,116760,38206,32.72
127,E07000108,116402,11299,9.71
128,E07000109,106880,33853,31.67
129,E07000110,175779,31664,18.01
130,E07000111,120508,17390,14.43
131,E07000112,109753,13166,12.0
132,E07000113,151663,17275,11.39
133,E07000114,140582,17790,12.65
134,E07000115,132200,15411,11.66
135,E07000116,115293,18240,15.82
136,E07000117,94629,20880,22.07
137,E07000118,117737,8289,7.04
138,E07000119,81375,5583,6.86
139,E07000120,82220,16752,20.37
140,E07000121,142955,17391,12.17
141,E07000122,95749,32428,33.87
142,E07000123,147849,50134,33.91
143,E07000124,61561,3644,5.92
144,E07000125,70863,6794,9.59
145,E07000126,111019,7934,7.15
146,E07000127,117419,8423,7.17
147,E07000128,111926,4758,4.25
148,E07000129,102905,18156,17.64
149,E07000130,183972,40635,22.09
150,E07000131,97625,12147,12.44
151,E07000132,113633,10410,9.16
152,E07000133,51748,3685,7.12
153,E07000134,104704,8273,7.9
154,E07000135,57759,23246,40.25
155,E07000136,70527,17983,25.5
156,E07000137,142319,6282,4.41
157,E07000138,103814,17923,17.26
158,E07000139,118061,6764,5.73
159,E07000140,95133,14883,15.64
160,E07000141,143409,13667,9.53
161,E07000142,95141,5178,5.44
162,E07000143,141477,15959,11.28
163,E07000144,131736,8472,6.43
164,E07000145,99750,11085,11.11
165,E07000146,154326,17357,11.25
166,E07000147,103000,4598,4.46
167,E07000148,143900,32276,22.43
168,E07000149,141970,11675,8.22
169,E07000170,126305,10325,8.17
170,E07000171,117804,9468,8.04
171,E07000172,110925,17211,15.52
172,E07000173,117220,16851,14.38
173,E07000174,110522,14045,12.71
174,E07000175,122955,11018,8.96
175,E07000176,119095,16620,13.96
176,E07000177,162900,35676,21.9
177,E07000178,162058,75384,46.52
178,E07000179,149092,21200,14.22
179,E07000180,138930,23416,16.85
180,E07000181,114233,12588,11.02
181,E07000192,100514,5506,5.48
182,E07000193,124019,27007,21.78
183,E07000194,106444,8489,7.98
184,E07000195,123326,12378,10.04
185,E07000196,110469,8640,7.82
186,E07000197,136853,13649,9.97
187,E07000198,95840,3269,3.41
188,E07000199,78653,7196,9.15
189,E07000200,92350,5935,6.43
190,E07000202,139648,35439,25.38
191,E07000203,102704,6122,5.96
192,E07000207,138762,35895,25.87
193,E07000208,80940,24806,30.65
194,E07000209,143659,32585,22.68
195,E07000210,87370,12387,14.18
196,E07000211,150864,34917,23.14
197,E07000212,88088,24124,27.39
198,E07000213,102962,31700,30.79
199,E07000214,90454,19982,22.09
200,E07000215,87878,14535,16.54
201,E07000216,128242,16921,13.19
202,E07000217,103910,34002,32.72
203,E07000218,65029,4431,6.81
204,E07000219,134212,24400,18.18
205,E07000220,114333,28660,25.07
206,E07000221,134737,13404,9.95
207,E07000222,148451,35799,24.12
208,E07000223,64570,7178,11.12
209,E07000224,164867,18696,11.34
210,E07000225,124060,12232,9.86
211,E07000226,118469,45293,38.23
212,E07000227,146780,17433,11.88
213,E07000228,152578,21606,14.16
214,E07000229,111343,16663,14.97
215,E07000234,99174,9498,9.58
216,E07000235,79477,5275,6.64
217,E07000236,87031,15282,17.56
218,E07000237,103860,17994,17.33
219,E07000238,132492,12442,9.39
220,E07000239,101614,7650,7.53
221,E07000240,148177,39213,26.46
222,E07000241,119836,39284,32.78
223,E07000242,150174,22927,15.27
224,E07000243,89498,22102,24.7
225,E07000244,246044,16979,6.9
226,E07000245,179931,32000,17.78
227,E08000001,295938,92454,31.24
228,E08000002,193880,42356,21.85
229,E08000003,552037,283463,51.35
230,E08000004,242078,84161,34.77
231,E08000005,223809,67131,29.99
232,E08000006,269911,70296,26.04
233,E08000007,294792,48961,16.61
234,E08000008,231087,40783,17.65
235,E08000009,234987,65434,27.85
236,E08000010,329352,26867,8.16
237,E08000011,154537,11838,7.66
238,E08000012,486097,110307,22.69
239,E08000013,183235,11685,6.38
240,E08000014,279247,22921,8.21
241,E08000015,320168,24201,7.56
242,E08000016,244550,18062,7.39
243,E08000017,308087,41203,13.37
244,E08000018,265823,31208,11.74
245,E08000019,556544,141850,25.49
246,E08000021,300113,76545,25.51
247,E08000022,208928,15632,7.48
248,E08000023,147766,10335,6.99
249,E08000024,274197,19535,7.12
250,E08000025,1144941,653724,57.1
251,E08000026,345318,154428,44.72
252,E08000027,323472,56898,17.59
253,E08000028,341811,163880,47.94
254,E08000029,216223,47832,22.12
255,E08000030,284157,92634,32.6
256,E08000031,263717,119420,45.28
257,E08000032,546433,236521,43.28
258,E08000033,206626,35645,17.25
259,E08000034,433166,127585,29.45
260,E08000035,812017,216272,26.63
261,E08000036,353343,41716,11.81
262,E08000037,196158,19021,9.7
263,E09000001,8588,4939,57.51
264,E09000002,218868,151319,69.14
265,E09000003,389365,248583,63.84
266,E09000004,246494,87652,35.56
267,E09000005,339824,288208,84.81
268,E09000006,330007,110513,33.49
269,E09000007,210163,135816,64.62
270,E09000008,390747,244473,62.57
271,E09000009,367130,277860,75.68
272,E09000010,329987,226841,68.74
273,E09000011,289057,169380,58.6
274,E09000012,259112,171185,66.07
275,E09000013,183161,113049,61.72
276,E09000014,264227,179936,68.1
277,E09000015,261217,207653,79.49
278,E09000016,261995,87762,33.5
279,E09000017,305871,192498,62.93
280,E09000018,288200,206277,71.57
281,E09000019,216608,130516,60.25
282,E09000020,143365,96484,67.3
283,E09000021,168033,77754,46.27
284,E09000022,317668,198258,62.41
285,E09000023,300568,188829,62.82
286,E09000024,215172,126503,58.79
287,E09000025,351069,299250,85.24
288,E09000026,310274,238425,76.84
289,E09000027,195306,72211,36.97
290,E09000028,307623,198372,64.49
291,E09000029,209582,89562,42.73
292,E09000030,310322,239145,77.06
293,E09000031,278444,183660,65.96
294,E09000032,327549,170500,52.05
295,E09000033,204214,147060,72.01
