,dz21cd,english_poor_bad_perc
0,N20000001,0.0
1,N20000002,0.0
2,N20000003,0.0
3,N20000004,0.6
4,N20000005,0.0
5,N20000006,0.2
6,N20000007,0.0
7,N20000008,0.2
8,N20000009,0.0
9,N20000010,0.0
10,N20000011,3.6
11,N20000012,1.0
12,N20000013,0.0
13,N20000014,1.8
14,N20000015,1.0
15,N20000016,3.3
16,N20000017,2.2
17,N20000018,0.4
18,N20000019,9.8
19,N20000020,2.1
20,N20000021,0.6
21,N20000022,0.2
22,N20000023,2.0
23,N20000024,0.0
24,N20000025,0.5
25,N20000026,0.0
26,N20000027,0.5
27,N20000028,0.0
28,N20000029,0.2
29,N20000030,0.2
30,N20000031,0.2
31,N20000032,0.2
32,N20000033,0.0
33,N20000034,0.0
34,N20000035,3.7
35,N20000036,6.4
36,N20000037,9.7
37,N20000038,1.1
38,N20000039,0.0
39,N20000040,5.7
40,N20000041,0.9
41,N20000042,2.6
42,N20000043,3.2
43,N20000044,0.8
44,N20000045,0.2
45,N20000046,2.4
46,N20000047,0.8
47,N20000048,1.8
48,N20000049,0.5
49,N20000050,1.9
50,N20000051,2.4
51,N20000052,1.2
52,N20000053,2.5
53,N20000054,2.1
54,N20000055,3.9
55,N20000056,2.1
56,N20000057,2.2
57,N20000058,1.2
58,N20000059,1.7
59,N20000060,0.6
60,N20000061,1.8
61,N20000062,2.3
62,N20000063,4.8
63,N20000064,0.3
64,N20000065,1.4
65,N20000066,1.5
66,N20000067,2.5
67,N20000068,1.9
68,N20000069,0.9
69,N20000070,0.2
70,N20000071,1.8
71,N20000072,0.2
72,N20000073,0.0
73,N20000074,1.1
74,N20000075,2.1
75,N20000076,0.8
76,N20000077,1.3
77,N20000078,0.3
78,N20000079,0.3
79,N20000080,1.6
80,N20000081,0.6
81,N20000082,0.2
82,N20000083,0.4
83,N20000084,0.3
84,N20000085,0.5
85,N20000086,0.0
86,N20000087,0.0
87,N20000088,0.0
88,N20000089,0.0
89,N20000090,0.1
90,N20000091,0.0
91,N20000092,0.1
92,N20000093,0.0
93,N20000094,0.2
94,N20000095,0.0
95,N20000096,0.0
96,N20000097,0.3
97,N20000098,0.0
98,N20000099,0.0
99,N20000100,0.0
100,N20000101,0.2
101,N20000102,0.0
102,N20000103,0.8
103,N20000104,0.2
104,N20000105,0.2
105,N20000106,0.2
106,N20000107,0.0
107,N20000108,0.6
108,N20000109,0.0
109,N20000110,0.2
110,N20000111,0.2
111,N20000112,0.0
112,N20000113,1.5
113,N20000114,0.2
114,N20000115,0.0
115,N20000116,0.3
116,N20000117,0.0
117,N20000118,0.0
118,N20000119,0.3
119,N20000120,0.0
120,N20000121,0.0
121,N20000122,0.0
122,N20000123,0.0
123,N20000124,0.0
124,N20000125,0.2
125,N20000126,0.0
126,N20000127,1.0
127,N20000128,0.1
128,N20000129,0.7
129,N20000130,0.0
130,N20000131,0.0
131,N20000132,0.3
132,N20000133,0.0
133,N20000134,0.6
134,N20000135,0.2
135,N20000136,0.0
136,N20000137,0.0
137,N20000138,0.4
138,N20000139,0.4
139,N20000140,1.2
140,N20000141,0.3
141,N20000142,0.0
142,N20000143,0.5
143,N20000144,2.1
144,N20000145,0.0
145,N20000146,1.5
146,N20000147,0.4
147,N20000148,0.3
148,N20000149,0.5
149,N20000150,0.0
150,N20000151,1.0
151,N20000152,0.3
152,N20000153,0.2
153,N20000154,0.4
154,N20000155,0.0
155,N20000156,0.6
156,N20000157,0.6
157,N20000158,0.3
158,N20000159,0.5
159,N20000160,0.5
160,N20000161,0.5
161,N20000162,0.1
162,N20000163,0.8
163,N20000164,0.5
164,N20000165,1.3
165,N20000166,0.3
166,N20000167,0.0
167,N20000168,0.7
168,N20000169,0.5
169,N20000170,3.6
170,N20000171,0.4
171,N20000172,2.3
172,N20000173,0.2
173,N20000174,0.0
174,N20000175,0.9
175,N20000176,0.5
176,N20000177,0.8
177,N20000178,0.7
178,N20000179,1.0
179,N20000180,1.2
180,N20000181,0.4
181,N20000182,0.3
182,N20000183,0.7
183,N20000184,0.2
184,N20000185,1.2
185,N20000186,1.5
186,N20000187,0.3
187,N20000188,1.0
188,N20000189,1.1
189,N20000190,0.3
190,N20000191,1.2
191,N20000192,0.4
192,N20000193,1.3
193,N20000194,1.4
194,N20000195,0.2
195,N20000196,0.5
196,N20000197,0.0
197,N20000198,0.8
198,N20000199,0.0
199,N20000200,0.2
200,N20000201,1.8
201,N20000202,1.0
202,N20000203,1.3
203,N20000204,2.1
204,N20000205,0.6
205,N20000206,1.1
206,N20000207,1.6
207,N20000208,0.8
208,N20000209,0.4
209,N20000210,0.8
210,N20000211,0.7
211,N20000212,0.2
212,N20000213,0.3
213,N20000214,0.6
214,N20000215,0.8
215,N20000216,1.1
216,N20000217,1.0
217,N20000218,0.5
218,N20000219,0.3
219,N20000220,0.5
220,N20000221,0.2
221,N20000222,0.8
222,N20000223,0.2
223,N20000224,0.7
224,N20000225,0.6
225,N20000226,0.7
226,N20000227,0.2
227,N20000228,1.9
228,N20000229,1.5
229,N20000230,0.8
230,N20000231,0.2
231,N20000232,0.0
232,N20000233,0.4
233,N20000234,0.7
234,N20000235,0.3
235,N20000236,2.3
236,N20000237,0.7
237,N20000238,0.3
238,N20000239,0.6
239,N20000240,0.6
240,N20000241,6.5
241,N20000242,3.3
242,N20000243,0.8
243,N20000244,0.1
244,N20000245,0.5
245,N20000246,0.9
246,N20000247,0.9
247,N20000248,0.4
248,N20000249,0.0
249,N20000250,0.3
250,N20000251,0.8
251,N20000252,0.9
252,N20000253,0.0
253,N20000254,0.0
254,N20000255,0.4
255,N20000256,0.4
256,N20000257,0.3
257,N20000258,0.0
258,N20000259,0.3
259,N20000260,0.3
260,N20000261,0.1
261,N20000262,0.0
262,N20000263,0.4
263,N20000264,0.7
264,N20000265,0.0
265,N20000266,0.0
266,N20000267,1.2
267,N20000268,0.0
268,N20000269,0.3
269,N20000270,1.7
270,N20000271,0.0
271,N20000272,0.8
272,N20000273,0.5
273,N20000274,0.0
274,N20000275,0.2
275,N20000276,0.3
276,N20000277,0.2
277,N20000278,0.0
278,N20000279,0.0
279,N20000280,0.3
280,N20000281,0.0
281,N20000282,0.0
282,N20000283,0.4
283,N20000284,0.2
284,N20000285,0.0
285,N20000286,0.6
286,N20000287,0.1
287,N20000288,3.1
288,N20000289,2.2
289,N20000290,1.3
290,N20000291,0.0
291,N20000292,0.0
292,N20000293,0.0
293,N20000294,0.0
294,N20000295,1.4
295,N20000296,1.3
296,N20000297,3.4
297,N20000298,0.9
298,N20000299,0.9
299,N20000300,0.6
300,N20000301,0.0
301,N20000302,0.9
302,N20000303,1.3
303,N20000304,3.7
304,N20000305,0.7
305,N20000306,0.4
306,N20000307,1.2
307,N20000308,14.7
308,N20000309,6.6
309,N20000310,0.0
310,N20000311,0.6
311,N20000312,2.2
312,N20000313,15.2
313,N20000314,8.1
314,N20000315,4.7
315,N20000316,6.6
316,N20000317,4.2
317,N20000318,4.4
318,N20000319,13.1
319,N20000320,11.0
320,N20000321,2.5
321,N20000322,1.5
322,N20000323,10.7
323,N20000324,8.8
324,N20000325,4.9
325,N20000326,5.5
326,N20000327,1.1
327,N20000328,4.6
328,N20000329,2.0
329,N20000330,2.1
330,N20000331,0.5
331,N20000332,1.2
332,N20000333,2.0
333,N20000334,0.7
334,N20000335,0.0
335,N20000336,0.4
336,N20000337,0.8
337,N20000338,0.0
338,N20000339,1.4
339,N20000340,0.2
340,N20000341,0.1
341,N20000342,1.4
342,N20000343,0.0
343,N20000344,0.2
344,N20000345,0.0
345,N20000346,0.0
346,N20000347,0.2
347,N20000348,3.4
348,N20000349,4.3
349,N20000350,1.4
350,N20000351,5.3
351,N20000352,5.0
352,N20000353,0.0
353,N20000354,0.0
354,N20000355,1.1
355,N20000356,0.6
356,N20000357,0.0
357,N20000358,0.5
358,N20000359,0.4
359,N20000360,0.2
360,N20000361,0.4
361,N20000362,0.5
362,N20000363,0.0
363,N20000364,0.0
364,N20000365,0.6
365,N20000366,0.4
366,N20000367,0.2
367,N20000368,11.1
368,N20000369,1.1
369,N20000370,0.2
370,N20000371,2.5
371,N20000372,1.2
372,N20000373,4.1
373,N20000374,4.1
374,N20000375,9.2
375,N20000376,5.8
376,N20000377,7.8
377,N20000378,1.2
378,N20000379,7.3
379,N20000380,0.5
380,N20000381,9.4
381,N20000382,13.9
382,N20000383,0.6
383,N20000384,2.3
384,N20000385,6.4
385,N20000386,16.1
386,N20000387,3.4
387,N20000388,6.2
388,N20000389,4.6
389,N20000390,6.4
390,N20000391,9.5
391,N20000392,4.3
392,N20000393,8.3
393,N20000394,4.2
394,N20000395,16.3
395,N20000396,5.8
396,N20000397,1.0
397,N20000398,12.7
398,N20000399,6.6
399,N20000400,14.2
400,N20000401,1.6
401,N20000402,5.3
402,N20000403,15.2
403,N20000404,4.5
404,N20000405,4.5
405,N20000406,2.4
406,N20000407,3.2
407,N20000408,0.6
408,N20000409,0.4
409,N20000410,3.4
410,N20000411,12.1
411,N20000412,1.9
412,N20000413,4.1
413,N20000414,0.2
414,N20000415,1.4
415,N20000416,0.2
416,N20000417,1.0
417,N20000418,0.8
418,N20000419,0.0
419,N20000420,0.6
420,N20000421,0.1
421,N20000422,0.1
422,N20000423,0.3
423,N20000424,0.1
424,N20000425,1.9
425,N20000426,0.4
426,N20000427,0.0
427,N20000428,0.7
428,N20000429,1.4
429,N20000430,3.3
430,N20000431,1.2
431,N20000432,0.9
432,N20000433,3.9
433,N20000434,5.6
434,N20000435,2.7
435,N20000436,4.1
436,N20000437,4.6
437,N20000438,6.3
438,N20000439,0.7
439,N20000440,6.1
440,N20000441,3.8
441,N20000442,1.9
442,N20000443,2.9
443,N20000444,8.5
444,N20000445,2.3
445,N20000446,1.7
446,N20000447,4.8
447,N20000448,1.9
448,N20000449,3.4
449,N20000450,1.3
450,N20000451,1.9
451,N20000452,0.5
452,N20000453,2.3
453,N20000454,2.5
454,N20000455,1.3
455,N20000456,0.7
456,N20000457,1.3
457,N20000458,0.7
458,N20000459,3.6
459,N20000460,2.0
460,N20000461,3.0
461,N20000462,0.6
462,N20000463,1.4
463,N20000464,1.1
464,N20000465,0.0
465,N20000466,6.3
466,N20000467,0.6
467,N20000468,4.3
468,N20000469,0.0
469,N20000470,1.1
470,N20000471,2.4
471,N20000472,1.1
472,N20000473,0.6
473,N20000474,0.3
474,N20000475,0.0
475,N20000476,0.0
476,N20000477,0.4
477,N20000478,0.0
478,N20000479,1.0
479,N20000480,0.2
480,N20000481,0.0
481,N20000482,0.0
482,N20000483,0.0
483,N20000484,0.4
484,N20000485,0.2
485,N20000486,0.5
486,N20000487,0.0
487,N20000488,0.2
488,N20000489,0.0
489,N20000490,0.8
490,N20000491,0.7
491,N20000492,0.6
492,N20000493,0.0
493,N20000494,1.1
494,N20000495,0.0
495,N20000496,1.8
496,N20000497,0.4
497,N20000498,12.4
498,N20000499,0.0
499,N20000500,4.0
500,N20000501,0.0
501,N20000502,0.0
502,N20000503,0.7
503,N20000504,11.2
504,N20000505,3.8
505,N20000506,8.8
506,N20000507,0.6
507,N20000508,5.4
508,N20000509,8.9
509,N20000510,1.8
510,N20000511,0.6
511,N20000512,7.2
512,N20000513,0.0
513,N20000514,4.1
514,N20000515,8.1
515,N20000516,1.9
516,N20000517,1.2
517,N20000518,0.4
518,N20000519,8.0
519,N20000520,0.4
520,N20000521,0.1
521,N20000522,0.4
522,N20000523,2.9
523,N20000524,2.7
524,N20000525,7.5
525,N20000526,8.5
526,N20000527,9.3
527,N20000528,0.7
528,N20000529,3.3
529,N20000530,2.1
530,N20000531,1.0
531,N20000532,4.2
532,N20000533,2.1
533,N20000534,5.4
534,N20000535,1.7
535,N20000536,2.5
536,N20000537,2.8
537,N20000538,1.2
538,N20000539,6.9
539,N20000540,9.3
540,N20000541,1.9
541,N20000542,3.0
542,N20000543,0.8
543,N20000544,2.2
544,N20000545,1.3
545,N20000546,4.7
546,N20000547,2.2
547,N20000548,8.8
548,N20000549,1.1
549,N20000550,1.6
550,N20000551,0.0
551,N20000552,0.3
552,N20000553,1.3
553,N20000554,1.5
554,N20000555,0.2
555,N20000556,0.6
556,N20000557,0.2
557,N20000558,0.1
558,N20000559,0.0
559,N20000560,0.3
560,N20000561,0.0
561,N20000562,0.0
562,N20000563,0.0
563,N20000564,0.5
564,N20000565,0.2
565,N20000566,0.8
566,N20000567,0.1
567,N20000568,0.4
568,N20000569,0.3
569,N20000570,1.6
570,N20000571,0.3
571,N20000572,0.1
572,N20000573,1.1
573,N20000574,0.7
574,N20000575,0.8
575,N20000576,0.3
576,N20000577,0.4
577,N20000578,0.2
578,N20000579,0.0
579,N20000580,0.3
580,N20000581,0.0
581,N20000582,0.0
582,N20000583,0.0
583,N20000584,0.0
584,N20000585,0.0
585,N20000586,0.0
586,N20000587,0.4
587,N20000588,0.0
588,N20000589,0.0
589,N20000590,0.0
590,N20000591,0.2
591,N20000592,0.0
592,N20000593,0.0
593,N20000594,0.0
594,N20000595,0.0
595,N20000596,0.0
596,N20000597,0.0
597,N20000598,2.6
598,N20000599,0.4
599,N20000600,0.4
600,N20000601,1.3
601,N20000602,0.0
602,N20000603,0.7
603,N20000604,0.0
604,N20000605,0.0
605,N20000606,0.0
606,N20000607,0.3
607,N20000608,0.0
608,N20000609,0.3
609,N20000610,0.0
610,N20000611,0.2
611,N20000612,2.6
612,N20000613,0.9
613,N20000614,0.0
614,N20000615,2.2
615,N20000616,1.7
616,N20000617,0.0
617,N20000618,1.0
618,N20000619,1.3
619,N20000620,1.0
620,N20000621,0.0
621,N20000622,0.4
622,N20000623,0.0
623,N20000624,0.0
624,N20000625,1.3
625,N20000626,0.4
626,N20000627,0.0
627,N20000628,1.3
628,N20000629,0.0
629,N20000630,0.0
630,N20000631,2.4
631,N20000632,0.9
632,N20000633,0.5
633,N20000634,0.5
634,N20000635,0.2
635,N20000636,0.2
636,N20000637,0.2
637,N20000638,0.6
638,N20000639,0.6
639,N20000640,0.1
640,N20000641,1.1
641,N20000642,0.0
642,N20000643,0.0
643,N20000644,0.0
644,N20000645,0.0
645,N20000646,0.0
646,N20000647,0.0
647,N20000648,0.0
648,N20000649,0.0
649,N20000650,0.0
650,N20000651,0.0
651,N20000652,0.0
652,N20000653,0.0
653,N20000654,0.6
654,N20000655,0.0
655,N20000656,0.0
656,N20000657,0.0
657,N20000658,0.8
658,N20000659,2.4
659,N20000660,2.6
660,N20000661,2.0
661,N20000662,1.1
662,N20000663,1.3
663,N20000664,0.5
664,N20000665,0.2
665,N20000666,1.6
666,N20000667,0.0
667,N20000668,2.3
668,N20000669,1.9
669,N20000670,0.8
670,N20000671,1.2
671,N20000672,0.6
672,N20000673,0.5
673,N20000674,0.2
674,N20000675,0.5
675,N20000676,0.4
676,N20000677,1.4
677,N20000678,0.3
678,N20000679,0.3
679,N20000680,0.2
680,N20000681,0.0
681,N20000682,1.0
682,N20000683,1.7
683,N20000684,1.8
684,N20000685,0.1
685,N20000686,0.5
686,N20000687,3.8
687,N20000688,0.9
688,N20000689,0.0
689,N20000690,0.5
690,N20000691,0.2
691,N20000692,0.0
692,N20000693,0.4
693,N20000694,0.0
694,N20000695,0.0
695,N20000696,4.3
696,N20000697,1.6
697,N20000698,0.8
698,N20000699,0.7
699,N20000700,0.5
700,N20000701,0.0
701,N20000702,0.0
702,N20000703,0.0
703,N20000704,0.5
704,N20000705,1.1
705,N20000706,0.7
706,N20000707,0.6
707,N20000708,0.2
708,N20000709,0.0
709,N20000710,0.6
710,N20000711,0.9
711,N20000712,1.3
712,N20000713,1.0
713,N20000714,2.0
714,N20000715,0.7
715,N20000716,2.1
716,N20000717,0.0
717,N20000718,0.7
718,N20000719,1.3
719,N20000720,1.0
720,N20000721,1.1
721,N20000722,0.2
722,N20000723,1.6
723,N20000724,1.6
724,N20000725,0.5
725,N20000726,1.1
726,N20000727,0.0
727,N20000728,0.0
728,N20000729,0.6
729,N20000730,0.7
730,N20000731,1.0
731,N20000732,0.0
732,N20000733,0.8
733,N20000734,0.3
734,N20000735,0.2
735,N20000736,2.1
736,N20000737,0.8
737,N20000738,3.2
738,N20000739,0.0
739,N20000740,0.2
740,N20000741,2.5
741,N20000742,1.8
742,N20000743,1.1
743,N20000744,1.4
744,N20000745,4.0
745,N20000746,1.9
746,N20000747,2.1
747,N20000748,0.7
748,N20000749,1.7
749,N20000750,0.6
750,N20000751,2.1
751,N20000752,0.8
752,N20000753,1.0
753,N20000754,8.6
754,N20000755,0.0
755,N20000756,1.3
756,N20000757,3.9
757,N20000758,0.5
758,N20000759,7.5
759,N20000760,0.5
760,N20000761,0.0
761,N20000762,2.4
762,N20000763,0.0
763,N20000764,2.8
764,N20000765,0.5
765,N20000766,3.4
766,N20000767,0.4
767,N20000768,0.0
768,N20000769,2.9
769,N20000770,0.9
770,N20000771,2.2
771,N20000772,3.6
772,N20000773,0.2
773,N20000774,1.8
774,N20000775,3.0
775,N20000776,0.9
776,N20000777,0.4
777,N20000778,2.0
778,N20000779,3.2
779,N20000780,0.6
780,N20000781,0.5
781,N20000782,1.8
782,N20000783,1.7
783,N20000784,0.5
784,N20000785,0.0
785,N20000786,3.6
786,N20000787,0.4
787,N20000788,0.3
788,N20000789,0.4
789,N20000790,0.2
790,N20000791,1.2
791,N20000792,0.7
792,N20000793,0.9
793,N20000794,0.7
794,N20000795,3.1
795,N20000796,0.0
796,N20000797,0.8
797,N20000798,1.0
798,N20000799,0.0
799,N20000800,0.5
800,N20000801,0.6
801,N20000802,0.4
802,N20000803,0.4
803,N20000804,0.3
804,N20000805,0.2
805,N20000806,0.2
806,N20000807,0.0
807,N20000808,0.0
808,N20000809,0.7
809,N20000810,0.5
810,N20000811,1.2
811,N20000812,0.0
812,N20000813,0.4
813,N20000814,0.6
814,N20000815,0.0
815,N20000816,0.0
816,N20000817,0.1
817,N20000818,0.5
818,N20000819,0.0
819,N20000820,0.7
820,N20000821,3.5
821,N20000822,0.0
822,N20000823,0.8
823,N20000824,0.9
824,N20000825,1.9
825,N20000826,0.6
826,N20000827,0.0
827,N20000828,1.2
828,N20000829,2.8
829,N20000830,0.8
830,N20000831,1.1
831,N20000832,0.3
832,N20000833,3.4
833,N20000834,0.9
834,N20000835,1.5
835,N20000836,4.8
836,N20000837,1.4
837,N20000838,1.3
838,N20000839,0.8
839,N20000840,2.6
840,N20000841,1.0
841,N20000842,4.1
842,N20000843,2.6
843,N20000844,0.4
844,N20000845,4.9
845,N20000846,0.5
846,N20000847,3.8
847,N20000848,1.9
848,N20000849,4.5
849,N20000850,5.0
850,N20000851,1.5
851,N20000852,3.2
852,N20000853,2.3
853,N20000854,1.5
854,N20000855,1.9
855,N20000856,0.5
856,N20000857,1.6
857,N20000858,0.9
858,N20000859,1.1
859,N20000860,0.4
860,N20000861,1.0
861,N20000862,1.3
862,N20000863,0.0
863,N20000864,0.5
864,N20000865,0.8
865,N20000866,2.2
866,N20000867,0.8
867,N20000868,0.5
868,N20000869,0.5
869,N20000870,1.7
870,N20000871,0.2
871,N20000872,2.4
872,N20000873,1.5
873,N20000874,0.0
874,N20000875,2.4
875,N20000876,1.2
876,N20000877,2.1
877,N20000878,3.1
878,N20000879,1.1
879,N20000880,2.1
880,N20000881,1.3
881,N20000882,2.0
882,N20000883,0.5
883,N20000884,0.7
884,N20000885,0.8
885,N20000886,1.3
886,N20000887,0.0
887,N20000888,0.8
888,N20000889,0.0
889,N20000890,0.0
890,N20000891,2.7
891,N20000892,3.1
892,N20000893,4.2
893,N20000894,1.1
894,N20000895,3.0
895,N20000896,0.0
896,N20000897,0.2
897,N20000898,3.3
898,N20000899,5.9
899,N20000900,0.8
900,N20000901,5.9
901,N20000902,0.7
902,N20000903,0.9
903,N20000904,1.9
904,N20000905,2.7
905,N20000906,1.4
906,N20000907,3.0
907,N20000908,4.9
908,N20000909,0.1
909,N20000910,4.2
910,N20000911,0.7
911,N20000912,4.6
912,N20000913,5.3
913,N20000914,4.1
914,N20000915,3.6
915,N20000916,3.5
916,N20000917,4.1
917,N20000918,4.5
918,N20000919,1.7
919,N20000920,0.9
920,N20000921,0.6
921,N20000922,1.7
922,N20000923,1.3
923,N20000924,4.1
924,N20000925,5.9
925,N20000926,2.5
926,N20000927,2.4
927,N20000928,3.0
928,N20000929,1.9
929,N20000930,0.0
930,N20000931,4.5
931,N20000932,5.9
932,N20000933,9.6
933,N20000934,2.5
934,N20000935,0.2
935,N20000936,3.1
936,N20000937,3.2
937,N20000938,8.2
938,N20000939,2.6
939,N20000940,6.2
940,N20000941,2.9
941,N20000942,3.7
942,N20000943,4.4
943,N20000944,1.4
944,N20000945,0.5
945,N20000946,0.6
946,N20000947,0.8
947,N20000948,0.5
948,N20000949,0.2
949,N20000950,1.4
950,N20000951,0.0
951,N20000952,0.7
952,N20000953,0.2
953,N20000954,0.0
954,N20000955,0.3
955,N20000956,0.5
956,N20000957,0.5
957,N20000958,0.6
958,N20000959,0.0
959,N20000960,0.2
960,N20000961,0.0
961,N20000962,0.0
962,N20000963,0.0
963,N20000964,0.5
964,N20000965,0.2
965,N20000966,0.9
966,N20000967,3.9
967,N20000968,0.8
968,N20000969,0.7
969,N20000970,0.4
970,N20000971,0.0
971,N20000972,1.0
972,N20000973,0.3
973,N20000974,0.0
974,N20000975,0.7
975,N20000976,1.6
976,N20000977,0.9
977,N20000978,1.6
978,N20000979,0.4
979,N20000980,0.6
980,N20000981,0.2
981,N20000982,0.0
982,N20000983,0.0
983,N20000984,0.0
984,N20000985,0.0
985,N20000986,0.6
986,N20000987,0.6
987,N20000988,0.0
988,N20000989,0.7
989,N20000990,0.5
990,N20000991,0.0
991,N20000992,0.0
992,N20000993,0.2
993,N20000994,0.7
994,N20000995,0.3
995,N20000996,0.9
996,N20000997,0.2
997,N20000998,0.0
998,N20000999,0.0
999,N20001000,0.6
1000,N20001001,0.2
1001,N20001002,0.4
1002,N20001003,1.5
1003,N20001004,0.4
1004,N20001005,0.0
1005,N20001006,0.3
1006,N20001007,1.0
1007,N20001008,0.2
1008,N20001009,1.9
1009,N20001010,0.0
1010,N20001011,0.5
1011,N20001012,0.7
1012,N20001013,0.4
1013,N20001014,1.0
1014,N20001015,0.7
1015,N20001016,0.8
1016,N20001017,2.5
1017,N20001018,0.0
1018,N20001019,1.8
1019,N20001020,0.2
1020,N20001021,1.8
1021,N20001022,0.7
1022,N20001023,1.8
1023,N20001024,0.9
1024,N20001025,0.0
1025,N20001026,1.5
1026,N20001027,2.5
1027,N20001028,0.0
1028,N20001029,2.7
1029,N20001030,0.3
1030,N20001031,0.0
1031,N20001032,0.9
1032,N20001033,0.4
1033,N20001034,0.9
1034,N20001035,0.0
1035,N20001036,0.5
1036,N20001037,0.4
1037,N20001038,0.6
1038,N20001039,0.0
1039,N20001040,0.3
1040,N20001041,2.5
1041,N20001042,0.0
1042,N20001043,2.6
1043,N20001044,1.5
1044,N20001045,0.8
1045,N20001046,1.0
1046,N20001047,0.0
1047,N20001048,0.7
1048,N20001049,1.4
1049,N20001050,0.3
1050,N20001051,0.2
1051,N20001052,0.7
1052,N20001053,1.1
1053,N20001054,0.4
1054,N20001055,0.0
1055,N20001056,0.3
1056,N20001057,0.3
1057,N20001058,0.5
1058,N20001059,1.8
1059,N20001060,0.0
1060,N20001061,5.2
1061,N20001062,0.7
1062,N20001063,0.6
1063,N20001064,5.2
1064,N20001065,2.2
1065,N20001066,1.0
1066,N20001067,0.5
1067,N20001068,0.2
1068,N20001069,0.2
1069,N20001070,1.6
1070,N20001071,0.3
1071,N20001072,0.4
1072,N20001073,0.0
1073,N20001074,0.4
1074,N20001075,0.0
1075,N20001076,0.0
1076,N20001077,0.0
1077,N20001078,0.3
1078,N20001079,1.7
1079,N20001080,6.3
1080,N20001081,0.8
1081,N20001082,0.7
1082,N20001083,1.1
1083,N20001084,7.1
1084,N20001085,2.9
1085,N20001086,10.7
1086,N20001087,8.1
1087,N20001088,3.0
1088,N20001089,0.9
1089,N20001090,11.2
1090,N20001091,7.3
1091,N20001092,0.6
1092,N20001093,2.2
1093,N20001094,1.1
1094,N20001095,3.7
1095,N20001096,4.4
1096,N20001097,7.2
1097,N20001098,4.0
1098,N20001099,4.2
1099,N20001100,4.0
1100,N20001101,3.2
1101,N20001102,7.3
1102,N20001103,5.8
1103,N20001104,2.9
1104,N20001105,3.3
1105,N20001106,6.9
1106,N20001107,4.2
1107,N20001108,4.1
1108,N20001109,0.5
1109,N20001110,4.3
1110,N20001111,4.7
1111,N20001112,2.1
1112,N20001113,2.7
1113,N20001114,2.8
1114,N20001115,5.8
1115,N20001116,3.3
1116,N20001117,2.5
1117,N20001118,3.9
1118,N20001119,3.2
1119,N20001120,3.5
1120,N20001121,0.2
1121,N20001122,2.4
1122,N20001123,2.5
1123,N20001124,3.4
1124,N20001125,3.0
1125,N20001126,5.8
1126,N20001127,4.7
1127,N20001128,5.5
1128,N20001129,6.4
1129,N20001130,3.3
1130,N20001131,7.4
1131,N20001132,2.6
1132,N20001133,2.6
1133,N20001134,3.3
1134,N20001135,2.1
1135,N20001136,1.0
1136,N20001137,1.7
1137,N20001138,3.2
1138,N20001139,2.2
1139,N20001140,3.2
1140,N20001141,2.2
1141,N20001142,1.8
1142,N20001143,2.4
1143,N20001144,3.2
1144,N20001145,0.0
1145,N20001146,0.4
1146,N20001147,12.7
1147,N20001148,1.4
1148,N20001149,3.6
1149,N20001150,4.1
1150,N20001151,2.0
1151,N20001152,2.3
1152,N20001153,0.5
1153,N20001154,6.5
1154,N20001155,0.5
1155,N20001156,4.3
1156,N20001157,1.2
1157,N20001158,0.9
1158,N20001159,1.4
1159,N20001160,1.2
1160,N20001161,1.2
1161,N20001162,2.7
1162,N20001163,5.2
1163,N20001164,1.7
1164,N20001165,0.8
1165,N20001166,0.2
1166,N20001167,0.4
1167,N20001168,0.6
1168,N20001169,0.4
1169,N20001170,0.4
1170,N20001171,1.0
1171,N20001172,0.0
1172,N20001173,0.2
1173,N20001174,0.0
1174,N20001175,1.5
1175,N20001176,1.8
1176,N20001177,0.2
1177,N20001178,1.1
1178,N20001179,3.4
1179,N20001180,0.7
1180,N20001181,0.4
1181,N20001182,0.6
1182,N20001183,0.0
1183,N20001184,1.1
1184,N20001185,1.2
1185,N20001186,0.7
1186,N20001187,0.4
1187,N20001188,0.0
1188,N20001189,0.7
1189,N20001190,0.0
1190,N20001191,0.0
1191,N20001192,0.2
1192,N20001193,2.0
1193,N20001194,0.0
1194,N20001195,0.0
1195,N20001196,0.0
1196,N20001197,0.0
1197,N20001198,0.6
1198,N20001199,0.0
1199,N20001200,1.5
1200,N20001201,1.9
1201,N20001202,0.3
1202,N20001203,2.6
1203,N20001204,0.0
1204,N20001205,4.1
1205,N20001206,0.6
1206,N20001207,0.0
1207,N20001208,0.7
1208,N20001209,1.3
1209,N20001210,0.4
1210,N20001211,0.6
1211,N20001212,0.0
1212,N20001213,0.6
1213,N20001214,0.5
1214,N20001215,1.4
1215,N20001216,3.1
1216,N20001217,0.7
1217,N20001218,0.8
1218,N20001219,0.2
1219,N20001220,1.5
1220,N20001221,2.7
1221,N20001222,1.3
1222,N20001223,1.9
1223,N20001224,0.5
1224,N20001225,0.4
1225,N20001226,0.0
1226,N20001227,0.4
1227,N20001228,0.6
1228,N20001229,1.0
1229,N20001230,0.8
1230,N20001231,1.3
1231,N20001232,0.0
1232,N20001233,0.0
1233,N20001234,0.0
1234,N20001235,0.6
1235,N20001236,0.0
1236,N20001237,0.2
1237,N20001238,0.4
1238,N20001239,0.0
1239,N20001240,0.2
1240,N20001241,0.0
1241,N20001242,0.1
1242,N20001243,0.0
1243,N20001244,0.0
1244,N20001245,0.0
1245,N20001246,0.1
1246,N20001247,0.8
1247,N20001248,0.0
1248,N20001249,2.2
1249,N20001250,0.7
1250,N20001251,0.0
1251,N20001252,1.1
1252,N20001253,0.0
1253,N20001254,0.6
1254,N20001255,0.7
1255,N20001256,1.0
1256,N20001257,0.7
1257,N20001258,0.0
1258,N20001259,0.0
1259,N20001260,0.2
1260,N20001261,0.0
1261,N20001262,1.8
1262,N20001263,0.0
1263,N20001264,0.1
1264,N20001265,0.2
1265,N20001266,0.5
1266,N20001267,0.3
1267,N20001268,0.2
1268,N20001269,0.4
1269,N20001270,1.2
1270,N20001271,0.2
1271,N20001272,0.3
1272,N20001273,0.0
1273,N20001274,0.3
1274,N20001275,1.0
1275,N20001276,0.2
1276,N20001277,0.0
1277,N20001278,0.7
1278,N20001279,0.7
1279,N20001280,1.9
1280,N20001281,0.0
1281,N20001282,1.2
1282,N20001283,0.0
1283,N20001284,0.0
1284,N20001285,0.3
1285,N20001286,0.3
1286,N20001287,2.0
1287,N20001288,0.0
1288,N20001289,1.0
1289,N20001290,0.1
1290,N20001291,0.3
1291,N20001292,0.2
1292,N20001293,0.3
1293,N20001294,2.6
1294,N20001295,0.0
1295,N20001296,0.7
1296,N20001297,1.5
1297,N20001298,0.0
1298,N20001299,0.6
1299,N20001300,0.2
1300,N20001301,0.1
1301,N20001302,0.0
1302,N20001303,3.7
1303,N20001304,0.7
1304,N20001305,0.0
1305,N20001306,0.3
1306,N20001307,7.2
1307,N20001308,0.6
1308,N20001309,0.0
1309,N20001310,1.3
1310,N20001311,2.8
1311,N20001312,2.7
1312,N20001313,0.0
1313,N20001314,1.4
1314,N20001315,5.1
1315,N20001316,0.6
1316,N20001317,1.2
1317,N20001318,0.6
1318,N20001319,1.2
1319,N20001320,0.4
1320,N20001321,1.7
1321,N20001322,3.5
1322,N20001323,0.3
1323,N20001324,2.7
1324,N20001325,0.9
1325,N20001326,0.3
1326,N20001327,0.0
1327,N20001328,1.2
1328,N20001329,0.7
1329,N20001330,2.0
1330,N20001331,0.2
1331,N20001332,0.0
1332,N20001333,0.7
1333,N20001334,0.3
1334,N20001335,1.3
1335,N20001336,1.6
1336,N20001337,0.0
1337,N20001338,0.0
1338,N20001339,0.3
1339,N20001340,0.0
1340,N20001341,0.3
1341,N20001342,0.2
1342,N20001343,0.0
1343,N20001344,0.0
1344,N20001345,0.0
1345,N20001346,0.0
1346,N20001347,0.0
1347,N20001348,0.9
1348,N20001349,0.0
1349,N20001350,0.0
1350,N20001351,0.2
1351,N20001352,0.0
1352,N20001353,0.3
1353,N20001354,0.5
1354,N20001355,0.0
1355,N20001356,0.1
1356,N20001357,0.0
1357,N20001358,0.0
1358,N20001359,0.2
1359,N20001360,0.0
1360,N20001361,0.9
1361,N20001362,0.0
1362,N20001363,0.3
1363,N20001364,0.0
1364,N20001365,2.5
1365,N20001366,0.0
1366,N20001367,0.0
1367,N20001368,0.0
1368,N20001369,0.6
1369,N20001370,0.0
1370,N20001371,0.0
1371,N20001372,0.0
1372,N20001373,0.3
1373,N20001374,0.2
1374,N20001375,0.3
1375,N20001376,1.0
1376,N20001377,0.0
1377,N20001378,0.7
1378,N20001379,1.6
1379,N20001380,0.0
1380,N20001381,0.4
1381,N20001382,0.5
1382,N20001383,1.2
1383,N20001384,0.8
1384,N20001385,0.3
1385,N20001386,0.3
1386,N20001387,0.2
1387,N20001388,0.0
1388,N20001389,1.6
1389,N20001390,0.2
1390,N20001391,0.7
1391,N20001392,0.0
1392,N20001393,0.0
1393,N20001394,1.4
1394,N20001395,0.7
1395,N20001396,0.5
1396,N20001397,2.2
1397,N20001398,1.7
1398,N20001399,0.0
1399,N20001400,2.7
1400,N20001401,1.0
1401,N20001402,0.7
1402,N20001403,0.0
1403,N20001404,1.5
1404,N20001405,0.6
1405,N20001406,0.9
1406,N20001407,0.6
1407,N20001408,0.0
1408,N20001409,0.0
1409,N20001410,0.0
1410,N20001411,0.7
1411,N20001412,1.8
1412,N20001413,0.0
1413,N20001414,0.3
1414,N20001415,0.0
1415,N20001416,0.0
1416,N20001417,1.3
1417,N20001418,2.4
1418,N20001419,0.0
1419,N20001420,2.1
1420,N20001421,0.2
1421,N20001422,0.8
1422,N20001423,2.1
1423,N20001424,0.0
1424,N20001425,2.4
1425,N20001426,0.0
1426,N20001427,1.3
1427,N20001428,3.1
1428,N20001429,0.5
1429,N20001430,2.0
1430,N20001431,1.9
1431,N20001432,0.3
1432,N20001433,0.7
1433,N20001434,0.6
1434,N20001435,4.9
1435,N20001436,0.3
1436,N20001437,1.0
1437,N20001438,0.5
1438,N20001439,4.2
1439,N20001440,0.3
1440,N20001441,4.4
1441,N20001442,0.4
1442,N20001443,3.3
1443,N20001444,0.0
1444,N20001445,3.5
1445,N20001446,0.6
1446,N20001447,0.5
1447,N20001448,0.0
1448,N20001449,0.4
1449,N20001450,0.0
1450,N20001451,0.0
1451,N20001452,0.0
1452,N20001453,0.2
1453,N20001454,0.0
1454,N20001455,0.0
1455,N20001456,0.0
1456,N20001457,0.2
1457,N20001458,0.0
1458,N20001459,0.1
1459,N20001460,0.0
1460,N20001461,0.0
1461,N20001462,0.0
1462,N20001463,0.0
1463,N20001464,0.0
1464,N20001465,0.0
1465,N20001466,0.0
1466,N20001467,0.0
1467,N20001468,0.0
1468,N20001469,0.4
1469,N20001470,0.0
1470,N20001471,0.0
1471,N20001472,0.4
1472,N20001473,0.6
1473,N20001474,2.5
1474,N20001475,0.2
1475,N20001476,0.6
1476,N20001477,0.2
1477,N20001478,0.0
1478,N20001479,0.0
1479,N20001480,0.7
1480,N20001481,0.6
1481,N20001482,0.1
1482,N20001483,0.0
1483,N20001484,0.0
1484,N20001485,0.0
1485,N20001486,0.5
1486,N20001487,0.0
1487,N20001488,1.6
1488,N20001489,0.3
1489,N20001490,1.1
1490,N20001491,1.2
1491,N20001492,0.5
1492,N20001493,0.4
1493,N20001494,0.0
1494,N20001495,0.0
1495,N20001496,0.8
1496,N20001497,0.7
1497,N20001498,0.2
1498,N20001499,0.7
1499,N20001500,0.0
1500,N20001501,0.0
1501,N20001502,0.2
1502,N20001503,0.0
1503,N20001504,0.0
1504,N20001505,0.9
1505,N20001506,0.2
1506,N20001507,0.0
1507,N20001508,0.1
1508,N20001509,0.2
1509,N20001510,0.4
1510,N20001511,0.2
1511,N20001512,0.0
1512,N20001513,0.0
1513,N20001514,0.0
1514,N20001515,0.0
1515,N20001516,0.0
1516,N20001517,0.0
1517,N20001518,0.2
1518,N20001519,0.0
1519,N20001520,0.3
1520,N20001521,0.4
1521,N20001522,0.0
1522,N20001523,0.5
1523,N20001524,0.4
1524,N20001525,0.0
1525,N20001526,0.2
1526,N20001527,0.2
1527,N20001528,0.2
1528,N20001529,0.2
1529,N20001530,0.1
1530,N20001531,0.0
1531,N20001532,0.2
1532,N20001533,0.0
1533,N20001534,0.0
1534,N20001535,0.0
1535,N20001536,0.0
1536,N20001537,0.7
1537,N20001538,0.4
1538,N20001539,0.3
1539,N20001540,3.0
1540,N20001541,2.2
1541,N20001542,0.1
1542,N20001543,0.1
1543,N20001544,0.3
1544,N20001545,0.2
1545,N20001546,0.0
1546,N20001547,0.1
1547,N20001548,1.7
1548,N20001549,0.7
1549,N20001550,0.2
1550,N20001551,0.6
1551,N20001552,0.7
1552,N20001553,0.3
1553,N20001554,0.2
1554,N20001555,0.6
1555,N20001556,2.0
1556,N20001557,0.3
1557,N20001558,0.6
1558,N20001559,0.0
1559,N20001560,0.2
1560,N20001561,2.1
1561,N20001562,4.2
1562,N20001563,0.8
1563,N20001564,0.5
1564,N20001565,2.5
1565,N20001566,0.3
1566,N20001567,3.5
1567,N20001568,2.2
1568,N20001569,1.1
1569,N20001570,2.6
1570,N20001571,3.8
1571,N20001572,2.9
1572,N20001573,1.9
1573,N20001574,6.3
1574,N20001575,1.6
1575,N20001576,6.0
1576,N20001577,0.0
1577,N20001578,0.0
1578,N20001579,0.8
1579,N20001580,0.6
1580,N20001581,0.7
1581,N20001582,2.1
1582,N20001583,0.0
1583,N20001584,0.0
1584,N20001585,0.6
1585,N20001586,2.1
1586,N20001587,0.8
1587,N20001588,0.3
1588,N20001589,0.5
1589,N20001590,0.4
1590,N20001591,0.5
1591,N20001592,0.2
1592,N20001593,1.5
1593,N20001594,0.8
1594,N20001595,0.6
1595,N20001596,0.0
1596,N20001597,0.0
1597,N20001598,0.0
1598,N20001599,3.2
1599,N20001600,0.0
1600,N20001601,0.8
1601,N20001602,0.0
1602,N20001603,1.9
1603,N20001604,1.5
1604,N20001605,0.0
1605,N20001606,0.0
1606,N20001607,0.2
1607,N20001608,1.0
1608,N20001609,0.0
1609,N20001610,0.0
1610,N20001611,0.0
1611,N20001612,0.8
1612,N20001613,0.0
1613,N20001614,0.6
1614,N20001615,0.1
1615,N20001616,0.5
1616,N20001617,0.2
1617,N20001618,0.4
1618,N20001619,0.0
1619,N20001620,0.0
1620,N20001621,0.8
1621,N20001622,0.2
1622,N20001623,0.0
1623,N20001624,0.0
1624,N20001625,1.2
1625,N20001626,0.6
1626,N20001627,0.0
1627,N20001628,0.0
1628,N20001629,0.3
1629,N20001630,2.0
1630,N20001631,0.4
1631,N20001632,0.0
1632,N20001633,1.7
1633,N20001634,0.2
1634,N20001635,0.3
1635,N20001636,0.2
1636,N20001637,0.0
1637,N20001638,0.5
1638,N20001639,0.9
1639,N20001640,0.4
1640,N20001641,0.0
1641,N20001642,0.0
1642,N20001643,0.0
1643,N20001644,0.0
1644,N20001645,0.0
1645,N20001646,0.0
1646,N20001647,0.2
1647,N20001648,0.0
1648,N20001649,0.0
1649,N20001650,0.0
1650,N20001651,0.0
1651,N20001652,0.2
1652,N20001653,0.0
1653,N20001654,0.8
1654,N20001655,0.0
1655,N20001656,0.3
1656,N20001657,0.6
1657,N20001658,0.0
1658,N20001659,0.0
1659,N20001660,0.4
1660,N20001661,0.0
1661,N20001662,0.2
1662,N20001663,0.0
1663,N20001664,0.0
1664,N20001665,0.0
1665,N20001666,0.0
1666,N20001667,0.2
1667,N20001668,0.2
1668,N20001669,0.2
1669,N20001670,0.0
1670,N20001671,0.0
1671,N20001672,0.0
1672,N20001673,0.0
1673,N20001674,0.0
1674,N20001675,0.0
1675,N20001676,0.0
1676,N20001677,1.3
1677,N20001678,0.0
1678,N20001679,0.0
1679,N20001680,0.5
1680,N20001681,0.0
1681,N20001682,0.3
1682,N20001683,0.0
1683,N20001684,0.0
1684,N20001685,0.2
1685,N20001686,0.2
1686,N20001687,2.2
1687,N20001688,0.5
1688,N20001689,1.0
1689,N20001690,0.3
1690,N20001691,0.0
1691,N20001692,0.5
1692,N20001693,0.2
1693,N20001694,0.0
1694,N20001695,0.5
1695,N20001696,0.4
1696,N20001697,1.7
1697,N20001698,0.7
1698,N20001699,0.2
1699,N20001700,0.3
1700,N20001701,3.0
1701,N20001702,0.3
1702,N20001703,0.5
1703,N20001704,0.0
1704,N20001705,0.0
1705,N20001706,0.0
1706,N20001707,0.0
1707,N20001708,0.8
1708,N20001709,0.2
1709,N20001710,0.0
1710,N20001711,0.9
1711,N20001712,0.0
1712,N20001713,0.2
1713,N20001714,0.2
1714,N20001715,0.1
1715,N20001716,0.0
1716,N20001717,0.0
1717,N20001718,1.0
1718,N20001719,0.5
1719,N20001720,0.1
1720,N20001721,0.0
1721,N20001722,0.0
1722,N20001723,0.3
1723,N20001724,1.1
1724,N20001725,0.0
1725,N20001726,0.0
1726,N20001727,0.0
1727,N20001728,2.3
1728,N20001729,5.4
1729,N20001730,0.0
1730,N20001731,0.0
1731,N20001732,0.4
1732,N20001733,0.0
1733,N20001734,0.0
1734,N20001735,0.0
1735,N20001736,0.7
1736,N20001737,0.0
1737,N20001738,1.1
1738,N20001739,0.3
1739,N20001740,0.6
1740,N20001741,0.0
1741,N20001742,0.0
1742,N20001743,4.5
1743,N20001744,0.0
1744,N20001745,0.6
1745,N20001746,0.0
1746,N20001747,0.0
1747,N20001748,0.0
1748,N20001749,0.0
1749,N20001750,0.0
1750,N20001751,0.2
1751,N20001752,0.2
1752,N20001753,0.7
1753,N20001754,0.7
1754,N20001755,0.0
1755,N20001756,1.2
1756,N20001757,0.6
1757,N20001758,0.0
1758,N20001759,0.0
1759,N20001760,0.0
1760,N20001761,0.7
1761,N20001762,0.2
1762,N20001763,0.2
1763,N20001764,1.5
1764,N20001765,0.2
1765,N20001766,0.6
1766,N20001767,0.0
1767,N20001768,0.0
1768,N20001769,0.3
1769,N20001770,0.0
1770,N20001771,0.3
1771,N20001772,0.2
1772,N20001773,0.0
1773,N20001774,0.0
1774,N20001775,0.3
1775,N20001776,0.0
1776,N20001777,0.2
1777,N20001778,0.0
1778,N20001779,0.3
1779,N20001780,0.0
1780,N20001781,0.0
1781,N20001782,0.0
1782,N20001783,1.0
1783,N20001784,0.0
1784,N20001785,0.0
1785,N20001786,0.0
1786,N20001787,0.0
1787,N20001788,0.0
1788,N20001789,2.8
1789,N20001790,0.5
1790,N20001791,0.0
1791,N20001792,0.0
1792,N20001793,1.1
1793,N20001794,1.3
1794,N20001795,0.4
1795,N20001796,0.0
1796,N20001797,2.1
1797,N20001798,0.4
1798,N20001799,1.6
1799,N20001800,0.8
1800,N20001801,0.7
1801,N20001802,1.9
1802,N20001803,0.0
1803,N20001804,0.0
1804,N20001805,0.0
1805,N20001806,0.1
1806,N20001807,0.2
1807,N20001808,0.0
1808,N20001809,0.5
1809,N20001810,0.0
1810,N20001811,0.1
1811,N20001812,0.1
1812,N20001813,0.2
1813,N20001814,0.0
1814,N20001815,0.0
1815,N20001816,0.0
1816,N20001817,0.0
1817,N20001818,1.0
1818,N20001819,0.0
1819,N20001820,0.3
1820,N20001821,0.0
1821,N20001822,0.0
1822,N20001823,0.2
1823,N20001824,0.0
1824,N20001825,0.0
1825,N20001826,0.0
1826,N20001827,0.0
1827,N20001828,0.2
1828,N20001829,0.6
1829,N20001830,0.0
1830,N20001831,0.4
1831,N20001832,0.0
1832,N20001833,0.5
1833,N20001834,0.0
1834,N20001835,0.0
1835,N20001836,0.1
1836,N20001837,0.0
1837,N20001838,0.2
1838,N20001839,0.5
1839,N20001840,0.0
1840,N20001841,0.4
1841,N20001842,0.0
1842,N20001843,0.0
1843,N20001844,0.3
1844,N20001845,0.0
1845,N20001846,0.3
1846,N20001847,0.6
1847,N20001848,0.5
1848,N20001849,0.0
1849,N20001850,0.2
1850,N20001851,0.0
1851,N20001852,0.0
1852,N20001853,0.2
1853,N20001854,0.6
1854,N20001855,0.9
1855,N20001856,0.4
1856,N20001857,0.2
1857,N20001858,1.0
1858,N20001859,0.5
1859,N20001860,0.0
1860,N20001861,0.5
1861,N20001862,0.0
1862,N20001863,0.0
1863,N20001864,1.9
1864,N20001865,1.2
1865,N20001866,1.1
1866,N20001867,1.1
1867,N20001868,0.0
1868,N20001869,0.4
1869,N20001870,2.4
1870,N20001871,0.2
1871,N20001872,2.5
1872,N20001873,1.2
1873,N20001874,2.7
1874,N20001875,0.5
1875,N20001876,1.0
1876,N20001877,1.7
1877,N20001878,0.6
1878,N20001879,0.2
1879,N20001880,0.8
1880,N20001881,0.9
1881,N20001882,2.9
1882,N20001883,1.2
1883,N20001884,0.6
1884,N20001885,0.2
1885,N20001886,0.0
1886,N20001887,0.2
1887,N20001888,0.3
1888,N20001889,0.0
1889,N20001890,0.2
1890,N20001891,0.7
1891,N20001892,0.0
1892,N20001893,0.4
1893,N20001894,0.3
1894,N20001895,0.6
1895,N20001896,0.0
1896,N20001897,0.0
1897,N20001898,0.2
1898,N20001899,0.2
1899,N20001900,0.2
1900,N20001901,0.0
1901,N20001902,1.4
1902,N20001903,0.5
1903,N20001904,0.0
1904,N20001905,0.2
1905,N20001906,0.5
1906,N20001907,0.6
1907,N20001908,0.0
1908,N20001909,0.8
1909,N20001910,0.2
1910,N20001911,3.8
1911,N20001912,1.1
1912,N20001913,0.7
1913,N20001914,0.0
1914,N20001915,0.3
1915,N20001916,0.0
1916,N20001917,0.0
1917,N20001918,0.2
1918,N20001919,0.1
1919,N20001920,0.0
1920,N20001921,0.0
1921,N20001922,0.2
1922,N20001923,0.3
1923,N20001924,0.5
1924,N20001925,0.4
1925,N20001926,0.0
1926,N20001927,0.1
1927,N20001928,0.0
1928,N20001929,0.0
1929,N20001930,0.0
1930,N20001931,0.0
1931,N20001932,0.0
1932,N20001933,0.2
1933,N20001934,0.3
1934,N20001935,0.0
1935,N20001936,0.0
1936,N20001937,0.0
1937,N20001938,0.0
1938,N20001939,0.0
1939,N20001940,0.0
1940,N20001941,0.0
1941,N20001942,0.0
1942,N20001943,0.4
1943,N20001944,0.0
1944,N20001945,0.0
1945,N20001946,0.1
1946,N20001947,0.0
1947,N20001948,0.0
1948,N20001949,0.0
1949,N20001950,0.0
1950,N20001951,0.0
1951,N20001952,0.0
1952,N20001953,0.2
1953,N20001954,0.0
1954,N20001955,0.6
1955,N20001956,0.0
1956,N20001957,0.0
1957,N20001958,0.0
1958,N20001959,0.0
1959,N20001960,0.0
1960,N20001961,0.0
1961,N20001962,0.4
1962,N20001963,0.0
1963,N20001964,0.0
1964,N20001965,2.7
1965,N20001966,0.0
1966,N20001967,0.0
1967,N20001968,0.0
1968,N20001969,0.9
1969,N20001970,0.0
1970,N20001971,0.0
1971,N20001972,1.1
1972,N20001973,0.0
1973,N20001974,0.0
1974,N20001975,0.3
1975,N20001976,0.0
1976,N20001977,0.2
1977,N20001978,0.0
1978,N20001979,0.9
1979,N20001980,0.0
1980,N20001981,0.2
1981,N20001982,0.0
1982,N20001983,0.0
1983,N20001984,1.3
1984,N20001985,6.7
1985,N20001986,0.4
1986,N20001987,0.3
1987,N20001988,0.1
1988,N20001989,0.0
1989,N20001990,0.1
1990,N20001991,0.0
1991,N20001992,0.5
1992,N20001993,0.0
1993,N20001994,0.4
1994,N20001995,0.4
1995,N20001996,0.0
1996,N20001997,0.2
1997,N20001998,0.3
1998,N20001999,0.0
1999,N20002000,0.2
2000,N20002001,0.4
2001,N20002002,0.7
2002,N20002003,0.0
2003,N20002004,0.9
2004,N20002005,0.0
2005,N20002006,0.4
2006,N20002007,0.7
2007,N20002008,0.0
2008,N20002009,0.5
2009,N20002010,0.5
2010,N20002011,0.5
2011,N20002012,0.0
2012,N20002013,0.1
2013,N20002014,0.2
2014,N20002015,0.4
2015,N20002016,0.9
2016,N20002017,0.0
2017,N20002018,1.0
2018,N20002019,0.0
2019,N20002020,1.1
2020,N20002021,0.3
2021,N20002022,0.6
2022,N20002023,0.3
2023,N20002024,0.0
2024,N20002025,0.1
2025,N20002026,0.2
2026,N20002027,0.2
2027,N20002028,0.0
2028,N20002029,0.3
2029,N20002030,0.3
2030,N20002031,0.6
2031,N20002032,0.0
2032,N20002033,0.0
2033,N20002034,0.6
2034,N20002035,0.6
2035,N20002036,0.0
2036,N20002037,0.1
2037,N20002038,0.1
2038,N20002039,0.1
2039,N20002040,0.8
2040,N20002041,0.2
2041,N20002042,1.1
2042,N20002043,2.8
2043,N20002044,0.0
2044,N20002045,2.7
2045,N20002046,0.6
2046,N20002047,0.9
2047,N20002048,0.0
2048,N20002049,1.1
2049,N20002050,0.2
2050,N20002051,0.1
2051,N20002052,0.2
2052,N20002053,0.7
2053,N20002054,0.3
2054,N20002055,0.1
2055,N20002056,0.0
2056,N20002057,0.0
2057,N20002058,0.0
2058,N20002059,0.2
2059,N20002060,0.3
2060,N20002061,0.3
2061,N20002062,0.2
2062,N20002063,0.0
2063,N20002064,0.0
2064,N20002065,0.0
2065,N20002066,0.2
2066,N20002067,0.0
2067,N20002068,0.2
2068,N20002069,0.0
2069,N20002070,0.2
2070,N20002071,0.0
2071,N20002072,0.2
2072,N20002073,0.0
2073,N20002074,0.2
2074,N20002075,2.4
2075,N20002076,1.0
2076,N20002077,5.3
2077,N20002078,1.1
2078,N20002079,0.4
2079,N20002080,1.9
2080,N20002081,0.2
2081,N20002082,0.2
2082,N20002083,0.9
2083,N20002084,0.6
2084,N20002085,2.2
2085,N20002086,2.2
2086,N20002087,0.5
2087,N20002088,1.1
2088,N20002089,1.5
2089,N20002090,1.2
2090,N20002091,3.0
2091,N20002092,2.6
2092,N20002093,2.2
2093,N20002094,2.0
2094,N20002095,1.8
2095,N20002096,1.5
2096,N20002097,1.5
2097,N20002098,3.3
2098,N20002099,0.0
2099,N20002100,0.0
2100,N20002101,5.4
2101,N20002102,4.9
2102,N20002103,4.7
2103,N20002104,3.5
2104,N20002105,2.6
2105,N20002106,1.0
2106,N20002107,5.8
2107,N20002108,2.5
2108,N20002109,0.0
2109,N20002110,1.1
2110,N20002111,0.8
2111,N20002112,1.5
2112,N20002113,0.6
2113,N20002114,1.4
2114,N20002115,0.0
2115,N20002116,1.7
2116,N20002117,0.4
2117,N20002118,0.0
2118,N20002119,0.2
2119,N20002120,0.9
2120,N20002121,0.2
2121,N20002122,0.3
2122,N20002123,0.0
2123,N20002124,0.0
2124,N20002125,0.6
2125,N20002126,0.0
2126,N20002127,0.0
2127,N20002128,0.2
2128,N20002129,0.6
2129,N20002130,0.0
2130,N20002131,0.0
2131,N20002132,0.7
2132,N20002133,0.5
2133,N20002134,0.9
2134,N20002135,0.9
2135,N20002136,0.0
2136,N20002137,0.0
2137,N20002138,4.0
2138,N20002139,0.0
2139,N20002140,0.6
2140,N20002141,0.8
2141,N20002142,0.0
2142,N20002143,0.0
2143,N20002144,0.1
2144,N20002145,0.0
2145,N20002146,0.4
2146,N20002147,0.0
2147,N20002148,0.2
2148,N20002149,1.5
2149,N20002150,2.6
2150,N20002151,0.0
2151,N20002152,0.0
2152,N20002153,0.0
2153,N20002154,1.2
2154,N20002155,0.2
2155,N20002156,0.0
2156,N20002157,0.0
2157,N20002158,0.2
2158,N20002159,0.0
2159,N20002160,0.0
2160,N20002161,0.0
2161,N20002162,1.2
2162,N20002163,0.0
2163,N20002164,0.1
2164,N20002165,0.3
2165,N20002166,2.2
2166,N20002167,5.9
2167,N20002168,0.3
2168,N20002169,1.1
2169,N20002170,0.3
2170,N20002171,0.4
2171,N20002172,0.3
2172,N20002173,0.2
2173,N20002174,0.0
2174,N20002175,0.0
2175,N20002176,0.1
2176,N20002177,0.0
2177,N20002178,0.9
2178,N20002179,0.0
2179,N20002180,0.0
2180,N20002181,1.2
2181,N20002182,1.4
2182,N20002183,3.6
2183,N20002184,3.6
2184,N20002185,1.7
2185,N20002186,1.0
2186,N20002187,0.4
2187,N20002188,3.0
2188,N20002189,2.0
2189,N20002190,1.8
2190,N20002191,2.5
2191,N20002192,3.4
2192,N20002193,3.0
2193,N20002194,0.9
2194,N20002195,7.1
2195,N20002196,1.4
2196,N20002197,2.1
2197,N20002198,7.6
2198,N20002199,9.7
2199,N20002200,2.2
2200,N20002201,1.4
2201,N20002202,2.7
2202,N20002203,0.3
2203,N20002204,3.2
2204,N20002205,4.1
2205,N20002206,9.0
2206,N20002207,1.1
2207,N20002208,2.8
2208,N20002209,0.5
2209,N20002210,0.0
2210,N20002211,0.6
2211,N20002212,5.6
2212,N20002213,3.3
2213,N20002214,1.4
2214,N20002215,0.7
2215,N20002216,0.6
2216,N20002217,0.2
2217,N20002218,1.9
2218,N20002219,1.6
2219,N20002220,0.4
2220,N20002221,0.2
2221,N20002222,0.5
2222,N20002223,0.0
2223,N20002224,0.0
2224,N20002225,0.4
2225,N20002226,0.1
2226,N20002227,0.2
2227,N20002228,0.2
2228,N20002229,0.2
2229,N20002230,0.0
2230,N20002231,0.0
2231,N20002232,0.2
2232,N20002233,0.8
2233,N20002234,0.0
2234,N20002235,0.2
2235,N20002236,0.9
2236,N20002237,0.1
2237,N20002238,0.8
2238,N20002239,0.2
2239,N20002240,0.3
2240,N20002241,0.9
2241,N20002242,0.0
2242,N20002243,0.4
2243,N20002244,0.6
2244,N20002245,0.0
2245,N20002246,0.0
2246,N20002247,1.1
2247,N20002248,0.0
2248,N20002249,0.5
2249,N20002250,0.0
2250,N20002251,0.4
2251,N20002252,0.9
2252,N20002253,2.0
2253,N20002254,1.0
2254,N20002255,2.2
2255,N20002256,0.9
2256,N20002257,0.0
2257,N20002258,0.3
2258,N20002259,0.0
2259,N20002260,0.2
2260,N20002261,0.0
2261,N20002262,0.2
2262,N20002263,0.2
2263,N20002264,0.0
2264,N20002265,0.4
2265,N20002266,0.0
2266,N20002267,1.0
2267,N20002268,0.1
2268,N20002269,0.0
2269,N20002270,0.0
2270,N20002271,0.4
2271,N20002272,0.9
2272,N20002273,0.2
2273,N20002274,0.2
2274,N20002275,0.0
2275,N20002276,0.6
2276,N20002277,0.0
2277,N20002278,0.0
2278,N20002279,0.4
2279,N20002280,0.2
2280,N20002281,0.2
2281,N20002282,0.0
2282,N20002283,0.0
2283,N20002284,0.1
2284,N20002285,0.0
2285,N20002286,0.5
2286,N20002287,0.2
2287,N20002288,0.0
2288,N20002289,0.1
2289,N20002290,0.2
2290,N20002291,0.0
2291,N20002292,0.0
2292,N20002293,0.0
2293,N20002294,0.0
2294,N20002295,0.3
2295,N20002296,0.0
2296,N20002297,0.0
2297,N20002298,0.0
2298,N20002299,0.0
2299,N20002300,0.0
2300,N20002301,0.0
2301,N20002302,0.2
2302,N20002303,0.0
2303,N20002304,0.3
2304,N20002305,0.2
2305,N20002306,0.2
2306,N20002307,0.0
2307,N20002308,1.8
2308,N20002309,0.5
2309,N20002310,0.4
2310,N20002311,0.2
2311,N20002312,0.0
2312,N20002313,0.6
2313,N20002314,0.7
2314,N20002315,0.9
2315,N20002316,0.3
2316,N20002317,0.5
2317,N20002318,1.5
2318,N20002319,0.0
2319,N20002320,0.9
2320,N20002321,0.5
2321,N20002322,0.2
2322,N20002323,0.3
2323,N20002324,0.0
2324,N20002325,0.2
2325,N20002326,1.2
2326,N20002327,0.8
2327,N20002328,1.2
2328,N20002329,0.5
2329,N20002330,0.6
2330,N20002331,0.5
2331,N20002332,0.2
2332,N20002333,0.0
2333,N20002334,0.4
2334,N20002335,0.4
2335,N20002336,0.5
2336,N20002337,0.0
2337,N20002338,0.0
2338,N20002339,0.7
2339,N20002340,0.9
2340,N20002341,1.7
2341,N20002342,1.4
2342,N20002343,0.3
2343,N20002344,1.5
2344,N20002345,1.3
2345,N20002346,0.8
2346,N20002347,0.6
2347,N20002348,1.2
2348,N20002349,0.9
2349,N20002350,1.4
2350,N20002351,1.8
2351,N20002352,2.3
2352,N20002353,1.3
2353,N20002354,0.6
2354,N20002355,0.6
2355,N20002356,2.7
2356,N20002357,2.5
2357,N20002358,0.8
2358,N20002359,2.2
2359,N20002360,1.4
2360,N20002361,0.8
2361,N20002362,2.3
2362,N20002363,2.3
2363,N20002364,0.6
2364,N20002365,1.7
2365,N20002366,2.6
2366,N20002367,0.9
2367,N20002368,1.2
2368,N20002369,1.2
2369,N20002370,0.8
2370,N20002371,2.5
2371,N20002372,0.1
2372,N20002373,1.6
2373,N20002374,1.6
2374,N20002375,2.0
2375,N20002376,1.3
2376,N20002377,1.8
2377,N20002378,1.1
2378,N20002379,1.1
2379,N20002380,0.2
2380,N20002381,0.0
2381,N20002382,0.6
2382,N20002383,1.2
2383,N20002384,0.4
2384,N20002385,0.6
2385,N20002386,0.3
2386,N20002387,1.0
2387,N20002388,0.9
2388,N20002389,0.0
2389,N20002390,0.0
2390,N20002391,0.0
2391,N20002392,0.0
2392,N20002393,0.0
2393,N20002394,0.2
2394,N20002395,0.8
2395,N20002396,0.0
2396,N20002397,0.6
2397,N20002398,0.4
2398,N20002399,0.1
2399,N20002400,0.0
2400,N20002401,0.2
2401,N20002402,1.2
2402,N20002403,0.5
2403,N20002404,0.1
2404,N20002405,0.4
2405,N20002406,0.2
2406,N20002407,0.8
2407,N20002408,0.0
2408,N20002409,2.2
2409,N20002410,0.0
2410,N20002411,0.5
2411,N20002412,1.3
2412,N20002413,1.0
2413,N20002414,0.9
2414,N20002415,0.5
2415,N20002416,1.7
2416,N20002417,0.2
2417,N20002418,3.1
2418,N20002419,2.5
2419,N20002420,2.3
2420,N20002421,1.1
2421,N20002422,5.2
2422,N20002423,1.6
2423,N20002424,0.0
2424,N20002425,0.2
2425,N20002426,0.0
2426,N20002427,0.4
2427,N20002428,0.9
2428,N20002429,1.6
2429,N20002430,0.0
2430,N20002431,3.2
2431,N20002432,3.3
2432,N20002433,0.0
2433,N20002434,0.4
2434,N20002435,0.1
2435,N20002436,0.4
2436,N20002437,0.1
2437,N20002438,0.0
2438,N20002439,0.0
2439,N20002440,0.5
2440,N20002441,0.0
2441,N20002442,0.0
2442,N20002443,0.0
2443,N20002444,0.0
2444,N20002445,0.0
2445,N20002446,0.3
2446,N20002447,0.0
2447,N20002448,0.0
2448,N20002449,0.0
2449,N20002450,0.4
2450,N20002451,0.2
2451,N20002452,0.0
2452,N20002453,0.4
2453,N20002454,0.3
2454,N20002455,0.0
2455,N20002456,0.9
2456,N20002457,0.8
2457,N20002458,0.2
2458,N20002459,0.8
2459,N20002460,0.8
2460,N20002461,1.0
2461,N20002462,1.2
2462,N20002463,0.4
2463,N20002464,1.4
2464,N20002465,0.2
2465,N20002466,2.5
2466,N20002467,0.6
2467,N20002468,0.2
2468,N20002469,1.4
2469,N20002470,0.4
2470,N20002471,0.5
2471,N20002472,0.9
2472,N20002473,0.0
2473,N20002474,0.7
2474,N20002475,0.0
2475,N20002476,0.7
2476,N20002477,0.2
2477,N20002478,0.1
2478,N20002479,1.8
2479,N20002480,1.1
2480,N20002481,2.0
2481,N20002482,1.0
2482,N20002483,0.1
2483,N20002484,0.8
2484,N20002485,0.5
2485,N20002486,0.0
2486,N20002487,0.4
2487,N20002488,0.9
2488,N20002489,0.0
2489,N20002490,0.6
2490,N20002491,0.0
2491,N20002492,1.4
2492,N20002493,0.3
2493,N20002494,0.0
2494,N20002495,0.3
2495,N20002496,0.9
2496,N20002497,0.2
2497,N20002498,0.0
2498,N20002499,0.0
2499,N20002500,0.2
2500,N20002501,0.0
2501,N20002502,0.0
2502,N20002503,0.9
2503,N20002504,0.0
2504,N20002505,0.2
2505,N20002506,0.6
2506,N20002507,0.0
2507,N20002508,1.2
2508,N20002509,0.2
2509,N20002510,0.3
2510,N20002511,0.0
2511,N20002512,0.6
2512,N20002513,1.9
2513,N20002514,0.2
2514,N20002515,0.4
2515,N20002516,0.9
2516,N20002517,0.3
2517,N20002518,0.6
2518,N20002519,0.0
2519,N20002520,1.1
2520,N20002521,0.8
2521,N20002522,0.8
2522,N20002523,0.0
2523,N20002524,1.3
2524,N20002525,0.8
2525,N20002526,0.2
2526,N20002527,0.0
2527,N20002528,0.3
2528,N20002529,0.0
2529,N20002530,0.0
2530,N20002531,0.0
2531,N20002532,0.2
2532,N20002533,0.3
2533,N20002534,0.9
2534,N20002535,0.0
2535,N20002536,0.0
2536,N20002537,0.0
2537,N20002538,0.7
2538,N20002539,0.0
2539,N20002540,0.2
2540,N20002541,0.9
2541,N20002542,0.0
2542,N20002543,0.0
2543,N20002544,0.3
2544,N20002545,0.0
2545,N20002546,0.0
2546,N20002547,0.6
2547,N20002548,0.0
2548,N20002549,0.0
2549,N20002550,0.0
2550,N20002551,0.2
2551,N20002552,0.0
2552,N20002553,0.0
2553,N20002554,0.0
2554,N20002555,1.4
2555,N20002556,1.8
2556,N20002557,0.4
2557,N20002558,3.5
2558,N20002559,0.8
2559,N20002560,0.8
2560,N20002561,2.8
2561,N20002562,0.9
2562,N20002563,0.0
2563,N20002564,0.0
2564,N20002565,1.4
2565,N20002566,0.3
2566,N20002567,0.0
2567,N20002568,0.3
2568,N20002569,0.3
2569,N20002570,0.9
2570,N20002571,0.2
2571,N20002572,0.5
2572,N20002573,0.0
2573,N20002574,0.0
2574,N20002575,0.0
2575,N20002576,0.0
2576,N20002577,0.0
2577,N20002578,0.6
2578,N20002579,0.7
2579,N20002580,0.0
2580,N20002581,0.0
2581,N20002582,0.0
2582,N20002583,0.0
2583,N20002584,0.0
2584,N20002585,0.0
2585,N20002586,0.0
2586,N20002587,4.4
2587,N20002588,7.9
2588,N20002589,2.8
2589,N20002590,1.1
2590,N20002591,0.0
2591,N20002592,1.6
2592,N20002593,3.1
2593,N20002594,4.9
2594,N20002595,1.4
2595,N20002596,4.5
2596,N20002597,3.3
2597,N20002598,2.8
2598,N20002599,0.0
2599,N20002600,0.4
2600,N20002601,6.5
2601,N20002602,6.6
2602,N20002603,1.3
2603,N20002604,4.6
2604,N20002605,4.1
2605,N20002606,3.5
2606,N20002607,0.3
2607,N20002608,3.8
2608,N20002609,2.5
2609,N20002610,2.8
2610,N20002611,12.4
2611,N20002612,5.9
2612,N20002613,14.2
2613,N20002614,6.2
2614,N20002615,16.5
2615,N20002616,6.3
2616,N20002617,28.2
2617,N20002618,1.0
2618,N20002619,0.0
2619,N20002620,12.3
2620,N20002621,0.0
2621,N20002622,0.2
2622,N20002623,0.0
2623,N20002624,0.9
2624,N20002625,5.3
2625,N20002626,0.0
2626,N20002627,0.9
2627,N20002628,8.4
2628,N20002629,2.5
2629,N20002630,4.0
2630,N20002631,0.5
2631,N20002632,0.7
2632,N20002633,1.6
2633,N20002634,1.5
2634,N20002635,2.5
2635,N20002636,0.0
2636,N20002637,0.9
2637,N20002638,5.6
2638,N20002639,0.0
2639,N20002640,0.3
2640,N20002641,0.0
2641,N20002642,0.0
2642,N20002643,0.2
2643,N20002644,0.0
2644,N20002645,0.0
2645,N20002646,0.1
2646,N20002647,0.0
2647,N20002648,0.3
2648,N20002649,0.2
2649,N20002650,0.0
2650,N20002651,1.1
2651,N20002652,0.3
2652,N20002653,0.4
2653,N20002654,0.1
2654,N20002655,2.5
2655,N20002656,0.6
2656,N20002657,1.1
2657,N20002658,0.5
2658,N20002659,0.0
2659,N20002660,0.0
2660,N20002661,0.3
2661,N20002662,0.0
2662,N20002663,0.1
2663,N20002664,0.3
2664,N20002665,1.1
2665,N20002666,7.4
2666,N20002667,1.4
2667,N20002668,0.0
2668,N20002669,1.6
2669,N20002670,2.3
2670,N20002671,0.7
2671,N20002672,1.4
2672,N20002673,0.2
2673,N20002674,0.2
2674,N20002675,0.0
2675,N20002676,0.0
2676,N20002677,0.0
2677,N20002678,0.0
2678,N20002679,0.0
2679,N20002680,0.7
2680,N20002681,0.0
2681,N20002682,0.3
2682,N20002683,0.0
2683,N20002684,0.0
2684,N20002685,0.0
2685,N20002686,0.0
2686,N20002687,0.2
2687,N20002688,0.4
2688,N20002689,0.0
2689,N20002690,0.0
2690,N20002691,0.0
2691,N20002692,0.0
2692,N20002693,0.0
2693,N20002694,0.0
2694,N20002695,0.0
2695,N20002696,0.2
2696,N20002697,0.4
2697,N20002698,0.7
2698,N20002699,0.0
2699,N20002700,0.2
2700,N20002701,0.0
2701,N20002702,0.0
2702,N20002703,0.0
2703,N20002704,0.3
2704,N20002705,0.0
2705,N20002706,0.0
2706,N20002707,0.2
2707,N20002708,0.0
2708,N20002709,0.3
2709,N20002710,0.0
2710,N20002711,0.0
2711,N20002712,0.3
2712,N20002713,0.0
2713,N20002714,0.5
2714,N20002715,0.0
2715,N20002716,0.1
2716,N20002717,1.4
2717,N20002718,0.5
2718,N20002719,0.0
2719,N20002720,0.0
2720,N20002721,0.5
2721,N20002722,0.0
2722,N20002723,0.0
2723,N20002724,2.8
2724,N20002725,0.4
2725,N20002726,0.4
2726,N20002727,1.4
2727,N20002728,0.2
2728,N20002729,0.0
2729,N20002730,0.0
2730,N20002731,0.7
2731,N20002732,0.7
2732,N20002733,0.0
2733,N20002734,0.4
2734,N20002735,0.8
2735,N20002736,0.8
2736,N20002737,0.4
2737,N20002738,0.0
2738,N20002739,0.0
2739,N20002740,0.0
2740,N20002741,0.0
2741,N20002742,0.1
2742,N20002743,0.1
2743,N20002744,0.0
2744,N20002745,0.0
2745,N20002746,0.0
2746,N20002747,0.0
2747,N20002748,0.2
2748,N20002749,0.3
2749,N20002750,0.0
2750,N20002751,0.0
2751,N20002752,0.0
2752,N20002753,0.7
2753,N20002754,0.0
2754,N20002755,0.0
2755,N20002756,0.8
2756,N20002757,0.2
2757,N20002758,0.0
2758,N20002759,0.0
2759,N20002760,1.1
2760,N20002761,0.9
2761,N20002762,0.0
2762,N20002763,0.0
2763,N20002764,0.0
2764,N20002765,0.0
2765,N20002766,0.0
2766,N20002767,0.0
2767,N20002768,0.0
2768,N20002769,0.5
2769,N20002770,0.1
2770,N20002771,0.6
2771,N20002772,0.3
2772,N20002773,0.0
2773,N20002774,0.0
2774,N20002775,0.4
2775,N20002776,0.0
2776,N20002777,0.2
2777,N20002778,0.3
2778,N20002779,0.7
2779,N20002780,0.0
2780,N20002781,0.2
2781,N20002782,0.3
2782,N20002783,0.0
2783,N20002784,1.9
2784,N20002785,0.0
2785,N20002786,0.2
2786,N20002787,0.0
2787,N20002788,0.9
2788,N20002789,0.0
2789,N20002790,0.2
2790,N20002791,0.5
2791,N20002792,1.1
2792,N20002793,0.0
2793,N20002794,0.5
2794,N20002795,0.6
2795,N20002796,2.0
2796,N20002797,1.2
2797,N20002798,2.8
2798,N20002799,0.4
2799,N20002800,0.2
2800,N20002801,1.4
2801,N20002802,0.0
2802,N20002803,0.0
2803,N20002804,0.0
2804,N20002805,0.0
2805,N20002806,0.0
2806,N20002807,0.0
2807,N20002808,0.3
2808,N20002809,0.0
2809,N20002810,0.2
2810,N20002811,0.8
2811,N20002812,0.0
2812,N20002813,0.2
2813,N20002814,0.8
2814,N20002815,0.7
2815,N20002816,0.0
2816,N20002817,0.2
2817,N20002818,0.6
2818,N20002819,0.2
2819,N20002820,0.0
2820,N20002821,1.0
2821,N20002822,1.2
2822,N20002823,0.1
2823,N20002824,0.8
2824,N20002825,0.0
2825,N20002826,0.2
2826,N20002827,0.0
2827,N20002828,0.3
2828,N20002829,0.2
2829,N20002830,0.0
2830,N20002831,0.0
2831,N20002832,0.2
2832,N20002833,0.7
2833,N20002834,0.3
2834,N20002835,0.6
2835,N20002836,0.4
2836,N20002837,0.0
2837,N20002838,0.5
2838,N20002839,0.5
2839,N20002840,0.1
2840,N20002841,0.0
2841,N20002842,0.4
2842,N20002843,1.1
2843,N20002844,0.4
2844,N20002845,0.0
2845,N20002846,0.0
2846,N20002847,0.0
2847,N20002848,0.0
2848,N20002849,0.4
2849,N20002850,1.1
2850,N20002851,0.3
2851,N20002852,1.3
2852,N20002853,0.1
2853,N20002854,0.7
2854,N20002855,1.0
2855,N20002856,0.8
2856,N20002857,0.9
2857,N20002858,2.0
2858,N20002859,0.0
2859,N20002860,0.1
2860,N20002861,0.6
2861,N20002862,0.4
2862,N20002863,0.3
2863,N20002864,0.4
2864,N20002865,0.4
2865,N20002866,0.0
2866,N20002867,0.4
2867,N20002868,0.0
2868,N20002869,1.0
2869,N20002870,0.6
2870,N20002871,0.0
2871,N20002872,0.3
2872,N20002873,1.2
2873,N20002874,0.8
2874,N20002875,2.7
2875,N20002876,0.4
2876,N20002877,0.2
2877,N20002878,1.4
2878,N20002879,0.5
2879,N20002880,0.2
2880,N20002881,0.5
2881,N20002882,0.0
2882,N20002883,1.2
2883,N20002884,1.2
2884,N20002885,0.9
2885,N20002886,0.0
2886,N20002887,0.1
2887,N20002888,0.0
2888,N20002889,0.4
2889,N20002890,0.0
2890,N20002891,1.2
2891,N20002892,0.3
2892,N20002893,0.2
2893,N20002894,0.8
2894,N20002895,1.9
2895,N20002896,1.8
2896,N20002897,7.4
2897,N20002898,4.7
2898,N20002899,3.9
2899,N20002900,0.0
2900,N20002901,7.5
2901,N20002902,4.5
2902,N20002903,2.1
2903,N20002904,7.6
2904,N20002905,4.4
2905,N20002906,2.4
2906,N20002907,2.7
2907,N20002908,3.2
2908,N20002909,3.5
2909,N20002910,0.4
2910,N20002911,0.0
2911,N20002912,2.0
2912,N20002913,0.4
2913,N20002914,0.0
2914,N20002915,0.0
2915,N20002916,0.6
2916,N20002917,0.0
2917,N20002918,0.0
2918,N20002919,0.0
2919,N20002920,0.1
2920,N20002921,0.4
2921,N20002922,1.0
2922,N20002923,0.6
2923,N20002924,1.9
2924,N20002925,0.2
2925,N20002926,0.0
2926,N20002927,0.2
2927,N20002928,0.0
2928,N20002929,0.0
2929,N20002930,0.3
2930,N20002931,0.0
2931,N20002932,0.4
2932,N20002933,0.0
2933,N20002934,0.4
2934,N20002935,0.0
2935,N20002936,0.0
2936,N20002937,4.3
2937,N20002938,1.2
2938,N20002939,0.0
2939,N20002940,12.9
2940,N20002941,1.9
2941,N20002942,0.3
2942,N20002943,4.1
2943,N20002944,0.2
2944,N20002945,7.9
2945,N20002946,8.3
2946,N20002947,15.0
2947,N20002948,0.2
2948,N20002949,3.8
2949,N20002950,18.8
2950,N20002951,0.7
2951,N20002952,1.0
2952,N20002953,4.2
2953,N20002954,3.4
2954,N20002955,1.1
2955,N20002956,2.1
2956,N20002957,6.1
2957,N20002958,2.1
2958,N20002959,0.0
2959,N20002960,1.9
2960,N20002961,1.0
2961,N20002962,3.6
2962,N20002963,0.8
2963,N20002964,3.4
2964,N20002965,1.3
2965,N20002966,0.1
2966,N20002967,0.0
2967,N20002968,0.3
2968,N20002969,1.0
2969,N20002970,0.6
2970,N20002971,0.0
2971,N20002972,1.8
2972,N20002973,0.1
2973,N20002974,0.9
2974,N20002975,0.1
2975,N20002976,0.3
2976,N20002977,0.5
2977,N20002978,0.0
2978,N20002979,0.0
2979,N20002980,1.8
2980,N20002981,0.4
2981,N20002982,0.2
2982,N20002983,0.0
2983,N20002984,0.3
2984,N20002985,0.0
2985,N20002986,0.2
2986,N20002987,0.6
2987,N20002988,0.4
2988,N20002989,0.5
2989,N20002990,0.9
2990,N20002991,1.0
2991,N20002992,0.6
2992,N20002993,0.0
2993,N20002994,1.0
2994,N20002995,1.9
2995,N20002996,0.7
2996,N20002997,0.6
2997,N20002998,0.0
2998,N20002999,2.3
2999,N20003000,0.2
3000,N20003001,2.4
3001,N20003002,2.9
3002,N20003003,1.9
3003,N20003004,1.0
3004,N20003005,5.2
3005,N20003006,6.3
3006,N20003007,1.7
3007,N20003008,6.3
3008,N20003009,0.5
3009,N20003010,4.2
3010,N20003011,2.7
3011,N20003012,2.5
3012,N20003013,3.5
3013,N20003014,2.3
3014,N20003015,0.0
3015,N20003016,0.0
3016,N20003017,0.0
3017,N20003018,1.4
3018,N20003019,0.7
3019,N20003020,9.2
3020,N20003021,0.8
3021,N20003022,6.3
3022,N20003023,4.9
3023,N20003024,0.3
3024,N20003025,3.9
3025,N20003026,7.1
3026,N20003027,6.8
3027,N20003028,13.0
3028,N20003029,10.3
3029,N20003030,8.4
3030,N20003031,5.4
3031,N20003032,14.6
3032,N20003033,9.9
3033,N20003034,14.5
3034,N20003035,11.3
3035,N20003036,0.4
3036,N20003037,19.1
3037,N20003038,21.3
3038,N20003039,12.1
3039,N20003040,6.8
3040,N20003041,15.5
3041,N20003042,8.4
3042,N20003043,10.7
3043,N20003044,7.3
3044,N20003045,13.1
3045,N20003046,11.5
3046,N20003047,10.3
3047,N20003048,2.0
3048,N20003049,9.3
3049,N20003050,4.1
3050,N20003051,8.3
3051,N20003052,1.5
3052,N20003053,0.7
3053,N20003054,2.6
3054,N20003055,1.0
3055,N20003056,0.3
3056,N20003057,0.1
3057,N20003058,6.7
3058,N20003059,10.1
3059,N20003060,2.1
3060,N20003061,4.5
3061,N20003062,1.6
3062,N20003063,0.1
3063,N20003064,0.7
3064,N20003065,0.0
3065,N20003066,1.7
3066,N20003067,1.7
3067,N20003068,2.9
3068,N20003069,0.5
3069,N20003070,0.4
3070,N20003071,0.5
3071,N20003072,6.7
3072,N20003073,0.3
3073,N20003074,0.3
3074,N20003075,0.5
3075,N20003076,3.6
3076,N20003077,0.2
3077,N20003078,1.1
3078,N20003079,0.1
3079,N20003080,0.2
3080,N20003081,0.5
3081,N20003082,1.3
3082,N20003083,1.7
3083,N20003084,0.3
3084,N20003085,0.0
3085,N20003086,0.6
3086,N20003087,1.8
3087,N20003088,3.0
3088,N20003089,1.0
3089,N20003090,9.2
3090,N20003091,1.2
3091,N20003092,0.1
3092,N20003093,0.2
3093,N20003094,0.0
3094,N20003095,0.2
3095,N20003096,0.3
3096,N20003097,1.7
3097,N20003098,3.7
3098,N20003099,0.5
3099,N20003100,1.0
3100,N20003101,0.0
3101,N20003102,0.7
3102,N20003103,0.0
3103,N20003104,7.0
3104,N20003105,0.7
3105,N20003106,0.0
3106,N20003107,0.2
3107,N20003108,0.6
3108,N20003109,1.8
3109,N20003110,0.4
3110,N20003111,0.7
3111,N20003112,0.0
3112,N20003113,2.0
3113,N20003114,1.3
3114,N20003115,0.8
3115,N20003116,0.0
3116,N20003117,0.5
3117,N20003118,2.4
3118,N20003119,3.7
3119,N20003120,0.9
3120,N20003121,0.1
3121,N20003122,0.4
3122,N20003123,0.6
3123,N20003124,0.5
3124,N20003125,1.5
3125,N20003126,0.0
3126,N20003127,1.0
3127,N20003128,0.9
3128,N20003129,0.0
3129,N20003130,0.0
3130,N20003131,0.2
3131,N20003132,0.3
3132,N20003133,0.0
3133,N20003134,1.2
3134,N20003135,0.0
3135,N20003136,1.2
3136,N20003137,0.0
3137,N20003138,0.4
3138,N20003139,0.5
3139,N20003140,0.2
3140,N20003141,0.0
3141,N20003142,0.3
3142,N20003143,0.4
3143,N20003144,0.2
3144,N20003145,1.7
3145,N20003146,1.5
3146,N20003147,2.1
3147,N20003148,0.0
3148,N20003149,0.4
3149,N20003150,1.1
3150,N20003151,0.2
3151,N20003152,0.5
3152,N20003153,0.0
3153,N20003154,2.9
3154,N20003155,1.4
3155,N20003156,0.9
3156,N20003157,2.4
3157,N20003158,4.4
3158,N20003159,5.7
3159,N20003160,0.0
3160,N20003161,2.5
3161,N20003162,1.6
3162,N20003163,1.0
3163,N20003164,3.0
3164,N20003165,0.4
3165,N20003166,0.9
3166,N20003167,1.4
3167,N20003168,2.1
3168,N20003169,0.4
3169,N20003170,5.1
3170,N20003171,1.0
3171,N20003172,7.1
3172,N20003173,1.2
3173,N20003174,11.5
3174,N20003175,1.9
3175,N20003176,7.4
3176,N20003177,2.9
3177,N20003178,8.6
3178,N20003179,13.0
3179,N20003180,2.0
3180,N20003181,4.4
3181,N20003182,0.6
3182,N20003183,0.8
3183,N20003184,2.7
3184,N20003185,6.6
3185,N20003186,6.1
3186,N20003187,6.8
3187,N20003188,2.4
3188,N20003189,3.6
3189,N20003190,14.2
3190,N20003191,1.7
3191,N20003192,4.3
3192,N20003193,3.3
3193,N20003194,0.6
3194,N20003195,6.1
3195,N20003196,3.4
3196,N20003197,2.1
3197,N20003198,0.7
3198,N20003199,3.2
3199,N20003200,0.0
3200,N20003201,1.5
3201,N20003202,0.0
3202,N20003203,0.4
3203,N20003204,0.3
3204,N20003205,0.0
3205,N20003206,0.7
3206,N20003207,0.5
3207,N20003208,0.0
3208,N20003209,0.0
3209,N20003210,0.0
3210,N20003211,0.0
3211,N20003212,0.6
3212,N20003213,0.2
3213,N20003214,1.5
3214,N20003215,0.4
3215,N20003216,0.4
3216,N20003217,0.6
3217,N20003218,0.3
3218,N20003219,0.0
3219,N20003220,0.2
3220,N20003221,2.5
3221,N20003222,0.0
3222,N20003223,0.0
3223,N20003224,0.5
3224,N20003225,0.0
3225,N20003226,0.4
3226,N20003227,0.3
3227,N20003228,1.2
3228,N20003229,0.4
3229,N20003230,0.1
3230,N20003231,0.3
3231,N20003232,0.0
3232,N20003233,0.8
3233,N20003234,0.0
3234,N20003235,0.3
3235,N20003236,0.6
3236,N20003237,0.0
3237,N20003238,3.0
3238,N20003239,0.8
3239,N20003240,0.1
3240,N20003241,1.7
3241,N20003242,2.7
3242,N20003243,1.9
3243,N20003244,1.3
3244,N20003245,0.6
3245,N20003246,3.2
3246,N20003247,0.4
3247,N20003248,4.4
3248,N20003249,3.3
3249,N20003250,1.0
3250,N20003251,0.0
3251,N20003252,0.7
3252,N20003253,1.7
3253,N20003254,0.3
3254,N20003255,5.0
3255,N20003256,0.0
3256,N20003257,0.0
3257,N20003258,0.3
3258,N20003259,0.0
3259,N20003260,0.2
3260,N20003261,0.0
3261,N20003262,0.2
3262,N20003263,0.4
3263,N20003264,0.0
3264,N20003265,0.4
3265,N20003266,0.6
3266,N20003267,0.5
3267,N20003268,0.2
3268,N20003269,0.6
3269,N20003270,0.4
3270,N20003271,0.5
3271,N20003272,0.0
3272,N20003273,0.3
3273,N20003274,0.3
3274,N20003275,0.2
3275,N20003276,0.3
3276,N20003277,0.0
3277,N20003278,1.0
3278,N20003279,0.6
3279,N20003280,0.0
3280,N20003281,0.0
3281,N20003282,0.3
3282,N20003283,0.0
3283,N20003284,0.2
3284,N20003285,0.2
3285,N20003286,0.2
3286,N20003287,0.7
3287,N20003288,0.0
3288,N20003289,0.0
3289,N20003290,0.0
3290,N20003291,0.0
3291,N20003292,0.7
3292,N20003293,0.0
3293,N20003294,0.0
3294,N20003295,0.7
3295,N20003296,0.0
3296,N20003297,0.6
3297,N20003298,0.2
3298,N20003299,1.2
3299,N20003300,1.0
3300,N20003301,4.1
3301,N20003302,0.6
3302,N20003303,1.7
3303,N20003304,1.6
3304,N20003305,1.5
3305,N20003306,3.9
3306,N20003307,1.9
3307,N20003308,0.6
3308,N20003309,0.2
3309,N20003310,0.0
3310,N20003311,0.2
3311,N20003312,0.0
3312,N20003313,0.0
3313,N20003314,0.0
3314,N20003315,0.0
3315,N20003316,0.0
3316,N20003317,0.0
3317,N20003318,0.2
3318,N20003319,0.0
3319,N20003320,0.2
3320,N20003321,0.0
3321,N20003322,0.0
3322,N20003323,0.0
3323,N20003324,0.0
3324,N20003325,0.0
3325,N20003326,0.3
3326,N20003327,0.0
3327,N20003328,0.0
3328,N20003329,0.4
3329,N20003330,0.0
3330,N20003331,0.2
3331,N20003332,0.4
3332,N20003333,1.8
3333,N20003334,0.4
3334,N20003335,0.1
3335,N20003336,0.1
3336,N20003337,0.0
3337,N20003338,0.4
3338,N20003339,0.3
3339,N20003340,0.0
3340,N20003341,1.8
3341,N20003342,0.4
3342,N20003343,0.2
3343,N20003344,0.9
3344,N20003345,1.0
3345,N20003346,0.0
3346,N20003347,0.2
3347,N20003348,0.0
3348,N20003349,0.1
3349,N20003350,0.2
3350,N20003351,0.3
3351,N20003352,0.0
3352,N20003353,0.2
3353,N20003354,0.0
3354,N20003355,0.0
3355,N20003356,0.0
3356,N20003357,0.0
3357,N20003358,0.0
3358,N20003359,0.0
3359,N20003360,0.3
3360,N20003361,0.2
3361,N20003362,0.5
3362,N20003363,0.0
3363,N20003364,1.8
3364,N20003365,1.1
3365,N20003366,0.5
3366,N20003367,0.3
3367,N20003368,0.2
3368,N20003369,0.4
3369,N20003370,0.1
3370,N20003371,0.4
3371,N20003372,1.2
3372,N20003373,0.0
3373,N20003374,1.8
3374,N20003375,1.5
3375,N20003376,0.6
3376,N20003377,0.5
3377,N20003378,1.3
3378,N20003379,0.2
3379,N20003380,0.4
3380,N20003381,0.6
3381,N20003382,1.4
3382,N20003383,0.4
3383,N20003384,0.8
3384,N20003385,0.4
3385,N20003386,0.9
3386,N20003387,0.0
3387,N20003388,0.5
3388,N20003389,0.2
3389,N20003390,0.5
3390,N20003391,0.2
3391,N20003392,0.0
3392,N20003393,0.0
3393,N20003394,0.0
3394,N20003395,0.0
3395,N20003396,0.2
3396,N20003397,1.1
3397,N20003398,0.4
3398,N20003399,0.6
3399,N20003400,0.4
3400,N20003401,3.9
3401,N20003402,0.3
3402,N20003403,2.6
3403,N20003404,6.0
3404,N20003405,0.0
3405,N20003406,3.4
3406,N20003407,5.6
3407,N20003408,3.0
3408,N20003409,0.6
3409,N20003410,3.1
3410,N20003411,1.1
3411,N20003412,0.9
3412,N20003413,1.0
3413,N20003414,0.0
3414,N20003415,0.0
3415,N20003416,3.1
3416,N20003417,1.1
3417,N20003418,0.2
3418,N20003419,0.4
3419,N20003420,0.9
3420,N20003421,0.4
3421,N20003422,0.0
3422,N20003423,0.2
3423,N20003424,0.4
3424,N20003425,0.0
3425,N20003426,0.0
3426,N20003427,0.6
3427,N20003428,1.1
3428,N20003429,0.0
3429,N20003430,0.2
3430,N20003431,0.2
3431,N20003432,1.8
3432,N20003433,0.0
3433,N20003434,0.3
3434,N20003435,0.5
3435,N20003436,0.5
3436,N20003437,0.6
3437,N20003438,0.9
3438,N20003439,0.0
3439,N20003440,1.2
3440,N20003441,1.2
3441,N20003442,0.0
3442,N20003443,2.2
3443,N20003444,0.7
3444,N20003445,0.8
3445,N20003446,2.1
3446,N20003447,1.2
3447,N20003448,0.5
3448,N20003449,0.4
3449,N20003450,2.5
3450,N20003451,0.0
3451,N20003452,0.0
3452,N20003453,0.0
3453,N20003454,0.2
3454,N20003455,0.0
3455,N20003456,0.2
3456,N20003457,0.6
3457,N20003458,0.0
3458,N20003459,0.0
3459,N20003460,0.7
3460,N20003461,0.3
3461,N20003462,0.0
3462,N20003463,0.0
3463,N20003464,0.0
3464,N20003465,0.4
3465,N20003466,0.0
3466,N20003467,0.0
3467,N20003468,0.2
3468,N20003469,0.3
3469,N20003470,0.0
3470,N20003471,0.1
3471,N20003472,0.0
3472,N20003473,0.0
3473,N20003474,0.0
3474,N20003475,0.2
3475,N20003476,0.2
3476,N20003477,0.0
3477,N20003478,0.0
3478,N20003479,1.0
3479,N20003480,0.2
3480,N20003481,0.3
3481,N20003482,0.2
3482,N20003483,0.0
3483,N20003484,0.5
3484,N20003485,0.0
3485,N20003486,1.6
3486,N20003487,1.1
3487,N20003488,0.1
3488,N20003489,0.0
3489,N20003490,0.0
3490,N20003491,0.5
3491,N20003492,0.1
3492,N20003493,0.7
3493,N20003494,0.0
3494,N20003495,1.4
3495,N20003496,0.3
3496,N20003497,0.5
3497,N20003498,1.1
3498,N20003499,2.2
3499,N20003500,0.4
3500,N20003501,0.2
3501,N20003502,0.4
3502,N20003503,1.5
3503,N20003504,2.2
3504,N20003505,0.4
3505,N20003506,0.8
3506,N20003507,0.2
3507,N20003508,0.2
3508,N20003509,2.7
3509,N20003510,0.0
3510,N20003511,0.8
3511,N20003512,1.6
3512,N20003513,4.6
3513,N20003514,0.4
3514,N20003515,1.0
3515,N20003516,2.8
3516,N20003517,0.9
3517,N20003518,2.0
3518,N20003519,0.8
3519,N20003520,0.9
3520,N20003521,0.5
3521,N20003522,1.6
3522,N20003523,0.0
3523,N20003524,0.3
3524,N20003525,0.3
3525,N20003526,0.0
3526,N20003527,0.0
3527,N20003528,0.0
3528,N20003529,4.5
3529,N20003530,0.0
3530,N20003531,0.5
3531,N20003532,0.0
3532,N20003533,0.7
3533,N20003534,1.4
3534,N20003535,0.4
3535,N20003536,0.0
3536,N20003537,0.0
3537,N20003538,0.0
3538,N20003539,0.3
3539,N20003540,0.3
3540,N20003541,0.0
3541,N20003542,0.7
3542,N20003543,0.3
3543,N20003544,0.3
3544,N20003545,2.0
3545,N20003546,0.2
3546,N20003547,0.1
3547,N20003548,0.1
3548,N20003549,0.0
3549,N20003550,0.8
3550,N20003551,0.0
3551,N20003552,0.3
3552,N20003553,0.0
3553,N20003554,0.2
3554,N20003555,0.0
3555,N20003556,0.8
3556,N20003557,0.0
3557,N20003558,1.2
3558,N20003559,0.0
3559,N20003560,0.0
3560,N20003561,1.0
3561,N20003562,0.1
3562,N20003563,0.0
3563,N20003564,0.3
3564,N20003565,0.0
3565,N20003566,0.3
3566,N20003567,0.2
3567,N20003568,0.3
3568,N20003569,0.0
3569,N20003570,1.1
3570,N20003571,0.0
3571,N20003572,1.0
3572,N20003573,0.9
3573,N20003574,0.2
3574,N20003575,0.3
3575,N20003576,0.2
3576,N20003577,0.2
3577,N20003578,0.2
3578,N20003579,0.0
3579,N20003580,0.0
3580,N20003581,0.3
3581,N20003582,0.7
3582,N20003583,0.0
3583,N20003584,0.2
3584,N20003585,0.0
3585,N20003586,0.6
3586,N20003587,0.0
3587,N20003588,0.8
3588,N20003589,0.4
3589,N20003590,1.6
3590,N20003591,0.0
3591,N20003592,2.6
3592,N20003593,3.7
3593,N20003594,0.0
3594,N20003595,0.0
3595,N20003596,0.9
3596,N20003597,1.8
3597,N20003598,0.0
3598,N20003599,1.9
3599,N20003600,0.2
3600,N20003601,1.0
3601,N20003602,0.5
3602,N20003603,0.2
3603,N20003604,0.0
3604,N20003605,0.3
3605,N20003606,0.4
3606,N20003607,0.0
3607,N20003608,0.0
3608,N20003609,0.2
3609,N20003610,2.4
3610,N20003611,0.9
3611,N20003612,0.0
3612,N20003613,0.2
3613,N20003614,0.2
3614,N20003615,0.2
3615,N20003616,0.5
3616,N20003617,0.2
3617,N20003618,0.7
3618,N20003619,0.3
3619,N20003620,0.3
3620,N20003621,0.5
3621,N20003622,0.0
3622,N20003623,0.2
3623,N20003624,1.2
3624,N20003625,0.0
3625,N20003626,0.0
3626,N20003627,0.0
3627,N20003628,0.8
3628,N20003629,0.0
3629,N20003630,0.0
3630,N20003631,0.5
3631,N20003632,1.0
3632,N20003633,1.7
3633,N20003634,0.0
3634,N20003635,0.0
3635,N20003636,2.2
3636,N20003637,0.0
3637,N20003638,0.0
3638,N20003639,0.7
3639,N20003640,1.3
3640,N20003641,0.0
3641,N20003642,1.7
3642,N20003643,0.0
3643,N20003644,1.2
3644,N20003645,0.0
3645,N20003646,0.0
3646,N20003647,0.2
3647,N20003648,0.2
3648,N20003649,0.4
3649,N20003650,0.8
3650,N20003651,0.2
3651,N20003652,0.9
3652,N20003653,0.0
3653,N20003654,1.2
3654,N20003655,0.0
3655,N20003656,0.7
3656,N20003657,1.7
3657,N20003658,0.0
3658,N20003659,0.8
3659,N20003660,0.2
3660,N20003661,2.4
3661,N20003662,0.3
3662,N20003663,0.7
3663,N20003664,0.4
3664,N20003665,0.9
3665,N20003666,0.2
3666,N20003667,0.5
3667,N20003668,2.1
3668,N20003669,0.6
3669,N20003670,0.8
3670,N20003671,0.3
3671,N20003672,1.5
3672,N20003673,0.3
3673,N20003674,0.0
3674,N20003675,0.7
3675,N20003676,0.3
3676,N20003677,0.7
3677,N20003678,0.0
3678,N20003679,0.0
3679,N20003680,0.0
3680,N20003681,0.3
3681,N20003682,0.0
3682,N20003683,0.0
3683,N20003684,0.0
3684,N20003685,0.0
3685,N20003686,0.3
3686,N20003687,0.0
3687,N20003688,0.0
3688,N20003689,0.8
3689,N20003690,0.3
3690,N20003691,0.0
3691,N20003692,0.0
3692,N20003693,0.4
3693,N20003694,0.4
3694,N20003695,0.4
3695,N20003696,0.5
3696,N20003697,0.0
3697,N20003698,0.2
3698,N20003699,0.0
3699,N20003700,0.0
3700,N20003701,0.0
3701,N20003702,0.0
3702,N20003703,1.3
3703,N20003704,0.2
3704,N20003705,0.2
3705,N20003706,0.2
3706,N20003707,1.1
3707,N20003708,0.4
3708,N20003709,0.7
3709,N20003710,0.0
3710,N20003711,0.0
3711,N20003712,0.2
3712,N20003713,0.0
3713,N20003714,0.3
3714,N20003715,0.0
3715,N20003716,0.5
3716,N20003717,0.2
3717,N20003718,0.0
3718,N20003719,0.4
3719,N20003720,0.0
3720,N20003721,0.0
3721,N20003722,0.0
3722,N20003723,0.0
3723,N20003724,0.0
3724,N20003725,0.0
3725,N20003726,0.0
3726,N20003727,0.0
3727,N20003728,0.2
3728,N20003729,0.0
3729,N20003730,0.0
3730,N20003731,0.0
3731,N20003732,0.0
3732,N20003733,0.0
3733,N20003734,0.1
3734,N20003735,0.0
3735,N20003736,0.3
3736,N20003737,0.0
3737,N20003738,0.0
3738,N20003739,0.8
3739,N20003740,0.0
3740,N20003741,0.2
3741,N20003742,0.0
3742,N20003743,0.0
3743,N20003744,0.0
3744,N20003745,0.0
3745,N20003746,0.0
3746,N20003747,0.0
3747,N20003748,0.0
3748,N20003749,0.3
3749,N20003750,0.0
3750,N20003751,0.0
3751,N20003752,0.0
3752,N20003753,0.0
3753,N20003754,0.0
3754,N20003755,0.2
3755,N20003756,0.0
3756,N20003757,0.2
3757,N20003758,0.0
3758,N20003759,0.5
3759,N20003760,0.0
3760,N20003761,0.0
3761,N20003762,0.0
3762,N20003763,0.0
3763,N20003764,0.0
3764,N20003765,0.3
3765,N20003766,0.3
3766,N20003767,0.8
3767,N20003768,0.6
3768,N20003769,0.0
3769,N20003770,1.1
3770,N20003771,0.0
3771,N20003772,0.0
3772,N20003773,0.0
3773,N20003774,0.0
3774,N20003775,0.0
3775,N20003776,0.0
3776,N20003777,0.2
3777,N20003778,0.0
3778,N20003779,0.2
3779,N20003780,0.0
