,lsoa_cd,total_hh,overcrowded_hh_count,overcrowded_hh_perc,z_overcrowded_hh_perc
33755,W01000003,1142,20,1.8,-0.25157844491878434
33756,W01000004,581,5,0.9,-0.778016638998079
33757,W01000005,818,11,1.3,-0.5440441082961702
33758,W01000006,656,10,1.5,-0.4270578429452159
33759,W01000007,757,12,1.6,-0.3685647102697387
33760,W01000008,643,10,1.6,-0.3685647102697387
33761,W01000009,781,18,2.3,0.0408872184586014
33762,W01000010,880,13,1.5,-0.4270578429452159
33763,W01000011,566,5,0.9,-0.778016638998079
33764,W01000012,778,12,1.5,-0.4270578429452159
33765,W01000013,958,8,0.8,-0.8365097716735561
33766,W01000014,970,17,1.8,-0.25157844491878434
33767,W01000015,646,5,0.8,-0.8365097716735561
33768,W01000016,587,18,3.1,0.508832279862419
33769,W01000017,729,10,1.4,-0.48555097562069316
33770,W01000018,583,3,0.5,-1.0119891696999876
33771,W01000019,646,4,0.6,-0.9534960370245105
33772,W01000021,1016,11,1.1,-0.6610303736471246
33773,W01000022,678,19,2.8,0.33335288183598727
33774,W01000023,633,11,1.7,-0.31007157759426157
33775,W01000024,506,16,3.2,0.5673254125378963
33776,W01000025,924,15,1.6,-0.3685647102697387
33777,W01000026,576,5,0.9,-0.778016638998079
33778,W01000027,783,12,1.5,-0.4270578429452159
33779,W01000028,813,23,2.8,0.33335288183598727
33780,W01000029,714,21,2.9,0.3918460145114645
33781,W01000030,1062,24,2.3,0.0408872184586014
33782,W01000031,672,10,1.5,-0.4270578429452159
33783,W01000033,723,23,3.2,0.5673254125378963
33784,W01000034,638,4,0.6,-0.9534960370245105
33785,W01000035,794,10,1.3,-0.5440441082961702
33786,W01000036,517,12,2.3,0.0408872184586014
33787,W01000037,501,9,1.8,-0.25157844491878434
33788,W01000038,1012,13,1.3,-0.5440441082961702
33789,W01000040,494,5,1.0,-0.7195235063226018
33790,W01000041,634,26,4.1,1.0937636066171905
33791,W01000042,909,12,1.3,-0.5440441082961702
33792,W01000044,514,4,0.8,-0.8365097716735561
33793,W01000047,566,12,2.1,-0.07609904689235279
33794,W01000050,604,12,2.0,-0.13459217956783004
33795,W01000051,938,17,1.8,-0.25157844491878434
33796,W01000052,464,6,1.3,-0.5440441082961702
33797,W01000053,492,9,1.8,-0.25157844491878434
33798,W01000054,449,6,1.3,-0.5440441082961702
33799,W01000056,812,18,2.2,-0.017605914216875566
33800,W01000057,630,4,0.6,-0.9534960370245105
33801,W01000059,952,31,3.3,0.6258185452133732
33802,W01000060,599,5,0.8,-0.8365097716735561
33803,W01000061,766,10,1.3,-0.5440441082961702
33804,W01000062,554,14,2.5,0.15787348380955585
33805,W01000063,803,21,2.6,0.21636661648503308
33806,W01000064,774,19,2.5,0.15787348380955585
33807,W01000065,533,6,1.1,-0.6610303736471246
33808,W01000066,497,12,2.4,0.09938035113407863
33809,W01000067,569,9,1.6,-0.3685647102697387
33810,W01000068,664,7,1.1,-0.6610303736471246
33811,W01000070,537,8,1.5,-0.4270578429452159
33812,W01000071,1001,13,1.3,-0.5440441082961702
33813,W01000072,692,11,1.6,-0.3685647102697387
33814,W01000073,723,9,1.2,-0.6025372409716475
33815,W01000074,898,12,1.3,-0.5440441082961702
33816,W01000075,636,23,3.6,0.8012979432398049
33817,W01000076,494,14,2.8,0.33335288183598727
33818,W01000077,541,14,2.6,0.21636661648503308
33819,W01000078,685,14,2.0,-0.13459217956783004
33820,W01000080,708,8,1.1,-0.6610303736471246
33821,W01000081,882,24,2.7,0.2748597491605103
33822,W01000082,450,10,2.2,-0.017605914216875566
33823,W01000083,564,9,1.6,-0.3685647102697387
33824,W01000084,497,5,1.0,-0.7195235063226018
33825,W01000085,949,11,1.2,-0.6025372409716475
33826,W01000086,919,21,2.3,0.0408872184586014
33827,W01000087,757,11,1.5,-0.4270578429452159
33828,W01000088,823,17,2.1,-0.07609904689235279
33829,W01000089,826,14,1.7,-0.31007157759426157
33830,W01000090,523,19,3.6,0.8012979432398049
33831,W01000091,484,17,3.5,0.7428048105643277
33832,W01000092,611,19,3.1,0.508832279862419
33833,W01000093,1048,13,1.2,-0.6025372409716475
33834,W01000094,526,6,1.1,-0.6610303736471246
33835,W01000095,562,18,3.2,0.5673254125378963
33836,W01000096,526,15,2.9,0.3918460145114645
33837,W01000097,538,13,2.4,0.09938035113407863
33838,W01000098,1031,42,4.1,1.0937636066171905
33839,W01000099,711,14,2.0,-0.13459217956783004
33840,W01000100,476,9,1.9,-0.19308531224330724
33841,W01000101,622,15,2.4,0.09938035113407863
33842,W01000102,761,10,1.3,-0.5440441082961702
33843,W01000103,521,8,1.5,-0.4270578429452159
33844,W01000104,799,19,2.4,0.09938035113407863
33845,W01000105,727,20,2.8,0.33335288183598727
33846,W01000106,795,6,0.8,-0.8365097716735561
33847,W01000107,566,13,2.3,0.0408872184586014
33848,W01000108,1030,26,2.5,0.15787348380955585
33849,W01000109,814,11,1.4,-0.48555097562069316
33850,W01000110,649,14,2.2,-0.017605914216875566
33851,W01000111,745,14,1.9,-0.19308531224330724
33852,W01000112,843,25,3.0,0.45033914718694174
33853,W01000113,814,17,2.1,-0.07609904689235279
33854,W01000114,641,12,1.9,-0.19308531224330724
33855,W01000115,892,16,1.8,-0.25157844491878434
33856,W01000116,865,4,0.5,-1.0119891696999876
33857,W01000117,699,10,1.4,-0.48555097562069316
33858,W01000118,714,14,2.0,-0.13459217956783004
33859,W01000119,1048,19,1.8,-0.25157844491878434
33860,W01000121,517,4,0.8,-0.8365097716735561
33861,W01000122,851,9,1.1,-0.6610303736471246
33862,W01000123,828,17,2.1,-0.07609904689235279
33863,W01000124,881,9,1.0,-0.7195235063226018
33864,W01000125,711,7,1.0,-0.7195235063226018
33865,W01000126,731,11,1.5,-0.4270578429452159
33866,W01000127,579,22,3.8,0.9182842085907591
33867,W01000128,654,21,3.2,0.5673254125378963
33868,W01000129,529,12,2.3,0.0408872184586014
33869,W01000130,742,14,1.9,-0.19308531224330724
33870,W01000131,696,9,1.3,-0.5440441082961702
33871,W01000132,742,20,2.7,0.2748597491605103
33872,W01000133,826,13,1.6,-0.3685647102697387
33873,W01000134,945,22,2.3,0.0408872184586014
33874,W01000135,996,4,0.4,-1.0704823023754648
33875,W01000136,846,15,1.8,-0.25157844491878434
33876,W01000137,625,8,1.3,-0.5440441082961702
33877,W01000138,948,17,1.8,-0.25157844491878434
33878,W01000139,672,11,1.6,-0.3685647102697387
33879,W01000140,785,18,2.3,0.0408872184586014
33880,W01000141,817,11,1.3,-0.5440441082961702
33881,W01000142,727,6,0.8,-0.8365097716735561
33882,W01000143,655,26,4.0,1.0352704739417136
33883,W01000144,814,28,3.4,0.6843116778888504
33884,W01000145,571,13,2.3,0.0408872184586014
33885,W01000146,1010,40,4.0,1.0352704739417136
33886,W01000147,770,8,1.0,-0.7195235063226018
33887,W01000148,451,15,3.3,0.6258185452133732
33888,W01000149,692,18,2.6,0.21636661648503308
33889,W01000150,638,11,1.7,-0.31007157759426157
33890,W01000151,617,10,1.6,-0.3685647102697387
33891,W01000152,606,9,1.5,-0.4270578429452159
33892,W01000153,743,8,1.1,-0.6610303736471246
33893,W01000154,601,5,0.8,-0.8365097716735561
33894,W01000155,647,9,1.4,-0.48555097562069316
33895,W01000156,835,4,0.5,-1.0119891696999876
33896,W01000157,691,19,2.7,0.2748597491605103
33897,W01000158,776,9,1.2,-0.6025372409716475
33898,W01000159,576,14,2.4,0.09938035113407863
33899,W01000162,756,9,1.2,-0.6025372409716475
33900,W01000163,524,46,8.8,3.8429408423646185
33901,W01000164,547,15,2.7,0.2748597491605103
33902,W01000165,859,8,0.9,-0.778016638998079
33903,W01000166,1173,26,2.2,-0.017605914216875566
33904,W01000167,850,31,3.6,0.8012979432398049
33905,W01000168,755,25,3.3,0.6258185452133732
33906,W01000169,921,16,1.7,-0.31007157759426157
33907,W01000170,818,15,1.8,-0.25157844491878434
33908,W01000171,686,14,2.0,-0.13459217956783004
33909,W01000172,633,16,2.5,0.15787348380955585
33910,W01000173,645,14,2.2,-0.017605914216875566
33911,W01000174,731,10,1.4,-0.48555097562069316
33912,W01000175,764,2,0.3,-1.128975435050942
33913,W01000176,712,20,2.8,0.33335288183598727
33914,W01000177,617,12,1.9,-0.19308531224330724
33915,W01000178,887,43,4.8,1.5032155353455308
33916,W01000179,925,12,1.3,-0.5440441082961702
33917,W01000180,558,5,0.9,-0.778016638998079
33918,W01000181,607,10,1.6,-0.3685647102697387
33919,W01000182,1003,29,2.9,0.3918460145114645
33920,W01000183,663,13,2.0,-0.13459217956783004
33921,W01000184,1055,30,2.8,0.33335288183598727
33922,W01000185,546,8,1.5,-0.4270578429452159
33923,W01000186,785,26,3.3,0.6258185452133732
33924,W01000187,657,30,4.6,1.3862292699945764
33925,W01000188,750,5,0.7,-0.8950029043490334
33926,W01000189,640,13,2.0,-0.13459217956783004
33927,W01000190,605,11,1.8,-0.25157844491878434
33928,W01000191,868,19,2.2,-0.017605914216875566
33929,W01000192,447,9,2.0,-0.13459217956783004
33930,W01000193,565,15,2.7,0.2748597491605103
33931,W01000194,913,12,1.3,-0.5440441082961702
33932,W01000195,654,5,0.8,-0.8365097716735561
33933,W01000196,554,6,1.1,-0.6610303736471246
33934,W01000197,726,10,1.4,-0.48555097562069316
33935,W01000198,615,30,4.9,1.5617086680210084
33936,W01000199,719,26,3.6,0.8012979432398049
33937,W01000200,535,8,1.5,-0.4270578429452159
33938,W01000201,725,7,1.0,-0.7195235063226018
33939,W01000202,668,10,1.5,-0.4270578429452159
33940,W01000203,1053,11,1.0,-0.7195235063226018
33941,W01000204,668,4,0.6,-0.9534960370245105
33942,W01000205,537,8,1.5,-0.4270578429452159
33943,W01000206,889,19,2.1,-0.07609904689235279
33944,W01000207,978,9,0.9,-0.778016638998079
33945,W01000208,622,10,1.6,-0.3685647102697387
33946,W01000209,665,14,2.1,-0.07609904689235279
33947,W01000210,615,4,0.7,-0.8950029043490334
33948,W01000211,769,14,1.8,-0.25157844491878434
33949,W01000212,944,10,1.1,-0.6610303736471246
33950,W01000213,601,16,2.7,0.2748597491605103
33951,W01000214,523,8,1.5,-0.4270578429452159
33952,W01000215,583,5,0.9,-0.778016638998079
33953,W01000216,581,11,1.9,-0.19308531224330724
33954,W01000217,883,20,2.3,0.0408872184586014
33955,W01000218,738,20,2.7,0.2748597491605103
33956,W01000219,1091,31,2.8,0.33335288183598727
33957,W01000220,886,10,1.1,-0.6610303736471246
33958,W01000221,685,21,3.1,0.508832279862419
33959,W01000222,863,3,0.3,-1.128975435050942
33960,W01000223,592,7,1.2,-0.6025372409716475
33961,W01000224,694,9,1.3,-0.5440441082961702
33962,W01000225,712,10,1.4,-0.48555097562069316
33963,W01000226,743,23,3.1,0.508832279862419
33964,W01000227,724,14,1.9,-0.19308531224330724
33965,W01000228,615,12,2.0,-0.13459217956783004
33966,W01000229,770,20,2.6,0.21636661648503308
33967,W01000230,914,8,0.9,-0.778016638998079
33968,W01000231,618,12,1.9,-0.19308531224330724
33969,W01000232,703,11,1.6,-0.3685647102697387
33970,W01000233,585,9,1.5,-0.4270578429452159
33971,W01000234,877,33,3.8,0.9182842085907591
33972,W01000235,578,6,1.0,-0.7195235063226018
33973,W01000236,816,46,5.6,1.9711605967493482
33974,W01000237,653,48,7.4,3.024036984907938
33975,W01000238,699,30,4.3,1.2107498719681449
33976,W01000239,841,33,3.9,0.9767773412662363
33977,W01000240,827,44,5.3,1.7956811987229166
33978,W01000241,570,36,6.3,2.380612525477688
33979,W01000242,956,11,1.2,-0.6025372409716475
33980,W01000243,935,9,1.0,-0.7195235063226018
33981,W01000244,737,3,0.4,-1.0704823023754648
33982,W01000245,839,5,0.6,-0.9534960370245105
33983,W01000246,730,18,2.5,0.15787348380955585
33984,W01000247,788,11,1.4,-0.48555097562069316
33985,W01000248,699,6,0.9,-0.778016638998079
33986,W01000249,513,4,0.8,-0.8365097716735561
33987,W01000250,630,2,0.3,-1.128975435050942
33988,W01000251,631,10,1.6,-0.3685647102697387
33989,W01000252,732,5,0.7,-0.8950029043490334
33990,W01000253,783,17,2.2,-0.017605914216875566
33991,W01000254,932,28,3.0,0.45033914718694174
33992,W01000255,958,21,2.2,-0.017605914216875566
33993,W01000256,654,9,1.4,-0.48555097562069316
33994,W01000257,1173,11,0.9,-0.778016638998079
33995,W01000258,916,14,1.5,-0.4270578429452159
33996,W01000259,782,11,1.4,-0.48555097562069316
33997,W01000260,764,7,0.9,-0.778016638998079
33998,W01000261,634,5,0.8,-0.8365097716735561
33999,W01000262,628,12,1.9,-0.19308531224330724
34000,W01000263,606,17,2.8,0.33335288183598727
34001,W01000264,708,8,1.1,-0.6610303736471246
34002,W01000265,678,7,1.0,-0.7195235063226018
34003,W01000266,773,14,1.8,-0.25157844491878434
34004,W01000267,871,6,0.7,-0.8950029043490334
34005,W01000268,687,3,0.4,-1.0704823023754648
34006,W01000269,728,5,0.7,-0.8950029043490334
34007,W01000270,518,5,1.0,-0.7195235063226018
34008,W01000271,588,5,0.9,-0.778016638998079
34009,W01000272,768,11,1.4,-0.48555097562069316
34010,W01000273,656,19,2.9,0.3918460145114645
34011,W01000274,897,36,4.0,1.0352704739417136
34012,W01000275,491,12,2.4,0.09938035113407863
34013,W01000276,496,5,1.0,-0.7195235063226018
34014,W01000277,552,7,1.3,-0.5440441082961702
34015,W01000278,604,29,4.8,1.5032155353455308
34016,W01000279,510,6,1.2,-0.6025372409716475
34017,W01000280,692,11,1.6,-0.3685647102697387
34018,W01000281,513,7,1.4,-0.48555097562069316
34019,W01000282,570,5,0.9,-0.778016638998079
34020,W01000283,948,25,2.6,0.21636661648503308
34021,W01000284,719,3,0.4,-1.0704823023754648
34022,W01000285,678,4,0.6,-0.9534960370245105
34023,W01000286,890,9,1.0,-0.7195235063226018
34024,W01000287,876,24,2.7,0.2748597491605103
34025,W01000288,997,29,2.9,0.3918460145114645
34026,W01000289,520,10,1.9,-0.19308531224330724
34027,W01000290,711,19,2.7,0.2748597491605103
34028,W01000291,586,13,2.2,-0.017605914216875566
34029,W01000292,542,20,3.7,0.8597910759152821
34030,W01000293,1120,18,1.6,-0.3685647102697387
34031,W01000294,749,8,1.1,-0.6610303736471246
34032,W01000295,625,9,1.4,-0.48555097562069316
34033,W01000296,646,20,3.1,0.508832279862419
34034,W01000297,514,8,1.6,-0.3685647102697387
34035,W01000298,679,17,2.5,0.15787348380955585
34036,W01000299,829,6,0.7,-0.8950029043490334
34037,W01000300,741,5,0.7,-0.8950029043490334
34038,W01000301,738,7,0.9,-0.778016638998079
34039,W01000302,879,10,1.1,-0.6610303736471246
34040,W01000303,735,2,0.3,-1.128975435050942
34041,W01000304,958,30,3.1,0.508832279862419
34042,W01000305,806,18,2.2,-0.017605914216875566
34043,W01000306,994,27,2.7,0.2748597491605103
34044,W01000307,569,6,1.1,-0.6610303736471246
34045,W01000308,502,9,1.8,-0.25157844491878434
34046,W01000309,928,27,2.9,0.3918460145114645
34047,W01000310,792,6,0.8,-0.8365097716735561
34048,W01000311,755,19,2.5,0.15787348380955585
34049,W01000312,761,13,1.7,-0.31007157759426157
34050,W01000313,688,10,1.5,-0.4270578429452159
34051,W01000314,603,9,1.5,-0.4270578429452159
34052,W01000315,900,13,1.4,-0.48555097562069316
34053,W01000316,508,4,0.8,-0.8365097716735561
34054,W01000317,652,2,0.3,-1.128975435050942
34055,W01000318,503,25,5.0,1.6202018006964853
34056,W01000319,710,12,1.7,-0.31007157759426157
34057,W01000320,789,21,2.7,0.2748597491605103
34058,W01000321,711,7,1.0,-0.7195235063226018
34059,W01000322,603,4,0.7,-0.8950029043490334
34060,W01000323,691,4,0.6,-0.9534960370245105
34061,W01000324,647,2,0.3,-1.128975435050942
34062,W01000325,736,6,0.8,-0.8365097716735561
34063,W01000326,903,9,1.0,-0.7195235063226018
34064,W01000327,1034,13,1.3,-0.5440441082961702
34065,W01000328,874,25,2.9,0.3918460145114645
34066,W01000329,721,25,3.5,0.7428048105643277
34067,W01000330,907,35,3.9,0.9767773412662363
34068,W01000331,621,11,1.8,-0.25157844491878434
34069,W01000332,756,16,2.1,-0.07609904689235279
34070,W01000333,650,28,4.3,1.2107498719681449
34071,W01000334,816,26,3.2,0.5673254125378963
34072,W01000335,496,20,4.0,1.0352704739417136
34073,W01000336,551,42,7.6,3.141023250258892
34074,W01000337,971,40,4.1,1.0937636066171905
34075,W01000338,783,11,1.4,-0.48555097562069316
34076,W01000339,703,14,2.0,-0.13459217956783004
34077,W01000340,968,6,0.6,-0.9534960370245105
34078,W01000341,673,17,2.5,0.15787348380955585
34079,W01000342,691,25,3.6,0.8012979432398049
34080,W01000343,465,2,0.4,-1.0704823023754648
34081,W01000344,582,2,0.3,-1.128975435050942
34082,W01000345,697,6,0.9,-0.778016638998079
34083,W01000346,624,8,1.3,-0.5440441082961702
34084,W01000347,1173,17,1.4,-0.48555097562069316
34085,W01000348,611,27,4.4,1.2692430046436225
34086,W01000349,1045,22,2.1,-0.07609904689235279
34087,W01000350,858,41,4.8,1.5032155353455308
34088,W01000351,887,27,3.0,0.45033914718694174
34089,W01000354,725,9,1.2,-0.6025372409716475
34090,W01000355,825,15,1.8,-0.25157844491878434
34091,W01000356,622,28,4.5,1.3277361373190995
34092,W01000359,526,10,1.9,-0.19308531224330724
34093,W01000360,515,16,3.1,0.508832279862419
34094,W01000361,883,17,1.9,-0.19308531224330724
34095,W01000362,597,26,4.4,1.2692430046436225
34096,W01000363,676,9,1.3,-0.5440441082961702
34097,W01000364,650,8,1.2,-0.6025372409716475
34098,W01000365,817,23,2.8,0.33335288183598727
34099,W01000366,628,18,2.9,0.3918460145114645
34100,W01000367,541,13,2.4,0.09938035113407863
34101,W01000368,916,7,0.8,-0.8365097716735561
34102,W01000369,606,8,1.3,-0.5440441082961702
34103,W01000370,683,5,0.7,-0.8950029043490334
34104,W01000371,501,21,4.2,1.152256739292668
34105,W01000372,714,24,3.4,0.6843116778888504
34106,W01000373,730,37,5.1,1.6786949333719623
34107,W01000374,593,18,3.0,0.45033914718694174
34108,W01000375,888,11,1.2,-0.6025372409716475
34109,W01000376,560,5,0.9,-0.778016638998079
34110,W01000377,626,16,2.6,0.21636661648503308
34111,W01000378,518,34,6.6,2.55609192350412
34112,W01000379,719,19,2.6,0.21636661648503308
34113,W01000380,540,10,1.9,-0.19308531224330724
34114,W01000381,498,15,3.0,0.45033914718694174
34115,W01000382,673,26,3.9,0.9767773412662363
34116,W01000384,487,3,0.6,-0.9534960370245105
34117,W01000385,765,10,1.3,-0.5440441082961702
34118,W01000386,660,15,2.3,0.0408872184586014
34119,W01000387,493,2,0.4,-1.0704823023754648
34120,W01000388,472,5,1.1,-0.6610303736471246
34121,W01000389,864,12,1.4,-0.48555097562069316
34122,W01000390,754,4,0.5,-1.0119891696999876
34123,W01000391,622,6,1.0,-0.7195235063226018
34124,W01000392,646,21,3.3,0.6258185452133732
34125,W01000393,809,16,2.0,-0.13459217956783004
34126,W01000394,499,6,1.2,-0.6025372409716475
34127,W01000395,446,7,1.6,-0.3685647102697387
34128,W01000398,545,17,3.1,0.508832279862419
34129,W01000399,473,7,1.5,-0.4270578429452159
34130,W01000400,813,10,1.2,-0.6025372409716475
34131,W01000401,869,23,2.6,0.21636661648503308
34132,W01000402,1147,48,4.2,1.152256739292668
34133,W01000403,567,7,1.2,-0.6025372409716475
34134,W01000404,872,12,1.4,-0.48555097562069316
34135,W01000405,919,38,4.1,1.0937636066171905
34136,W01000406,866,38,4.4,1.2692430046436225
34137,W01000407,624,4,0.6,-0.9534960370245105
34138,W01000408,501,8,1.6,-0.3685647102697387
34139,W01000409,784,56,7.1,2.848557586881506
34140,W01000410,748,13,1.7,-0.31007157759426157
34141,W01000411,762,14,1.8,-0.25157844491878434
34142,W01000412,657,17,2.6,0.21636661648503308
34143,W01000413,514,33,6.4,2.4391056581531663
34144,W01000414,523,27,5.2,1.7371880660474397
34145,W01000415,668,10,1.5,-0.4270578429452159
34146,W01000416,503,3,0.6,-0.9534960370245105
34147,W01000417,675,2,0.3,-1.128975435050942
34148,W01000418,740,9,1.2,-0.6025372409716475
34149,W01000419,614,11,1.8,-0.25157844491878434
34150,W01000420,676,17,2.5,0.15787348380955585
34151,W01000422,969,15,1.5,-0.4270578429452159
34152,W01000423,883,44,5.0,1.6202018006964853
34153,W01000424,599,23,3.8,0.9182842085907591
34154,W01000425,808,37,4.6,1.3862292699945764
34155,W01000426,642,11,1.7,-0.31007157759426157
34156,W01000427,594,12,2.0,-0.13459217956783004
34157,W01000428,607,8,1.3,-0.5440441082961702
34158,W01000429,999,13,1.3,-0.5440441082961702
34159,W01000430,630,4,0.6,-0.9534960370245105
34160,W01000431,606,7,1.2,-0.6025372409716475
34161,W01000432,555,4,0.7,-0.8950029043490334
34162,W01000433,1036,8,0.8,-0.8365097716735561
34163,W01000434,736,11,1.5,-0.4270578429452159
34164,W01000438,624,3,0.5,-1.0119891696999876
34165,W01000439,857,5,0.6,-0.9534960370245105
34166,W01000440,567,4,0.7,-0.8950029043490334
34167,W01000441,660,13,2.0,-0.13459217956783004
34168,W01000442,901,8,0.9,-0.778016638998079
34169,W01000443,1032,4,0.4,-1.0704823023754648
34170,W01000444,1019,5,0.5,-1.0119891696999876
34171,W01000445,643,6,0.9,-0.778016638998079
34172,W01000446,900,12,1.3,-0.5440441082961702
34173,W01000447,879,4,0.5,-1.0119891696999876
34174,W01000448,624,6,1.0,-0.7195235063226018
34175,W01000449,757,5,0.7,-0.8950029043490334
34176,W01000450,606,5,0.8,-0.8365097716735561
34177,W01000451,499,3,0.6,-0.9534960370245105
34178,W01000452,877,10,1.1,-0.6610303736471246
34179,W01000453,586,7,1.2,-0.6025372409716475
34180,W01000454,717,12,1.7,-0.31007157759426157
34181,W01000455,970,14,1.4,-0.48555097562069316
34182,W01000456,1109,13,1.2,-0.6025372409716475
34183,W01000457,893,7,0.8,-0.8365097716735561
34184,W01000458,824,14,1.7,-0.31007157759426157
34185,W01000459,536,3,0.6,-0.9534960370245105
34186,W01000460,721,11,1.5,-0.4270578429452159
34187,W01000461,694,17,2.4,0.09938035113407863
34188,W01000464,534,3,0.6,-0.9534960370245105
34189,W01000465,450,6,1.3,-0.5440441082961702
34190,W01000466,610,7,1.1,-0.6610303736471246
34191,W01000467,811,10,1.2,-0.6025372409716475
34192,W01000470,874,12,1.4,-0.48555097562069316
34193,W01000471,846,11,1.3,-0.5440441082961702
34194,W01000472,541,1,0.2,-1.1874685677264192
34195,W01000473,1031,10,1.0,-0.7195235063226018
34196,W01000474,771,8,1.0,-0.7195235063226018
34197,W01000475,1027,15,1.5,-0.4270578429452159
34198,W01000476,618,8,1.3,-0.5440441082961702
34199,W01000477,657,7,1.1,-0.6610303736471246
34200,W01000478,768,20,2.6,0.21636661648503308
34201,W01000479,600,16,2.7,0.2748597491605103
34202,W01000480,1005,25,2.5,0.15787348380955585
34203,W01000481,1102,8,0.7,-0.8950029043490334
34204,W01000482,896,9,1.0,-0.7195235063226018
34205,W01000483,777,28,3.6,0.8012979432398049
34206,W01000484,726,12,1.7,-0.31007157759426157
34207,W01000485,761,9,1.2,-0.6025372409716475
34208,W01000486,511,10,2.0,-0.13459217956783004
34209,W01000487,989,15,1.5,-0.4270578429452159
34210,W01000488,924,12,1.3,-0.5440441082961702
34211,W01000489,804,7,0.9,-0.778016638998079
34212,W01000492,846,11,1.3,-0.5440441082961702
34213,W01000493,620,7,1.1,-0.6610303736471246
34214,W01000494,754,8,1.1,-0.6610303736471246
34215,W01000496,902,13,1.4,-0.48555097562069316
34216,W01000497,581,12,2.1,-0.07609904689235279
34217,W01000498,703,20,2.8,0.33335288183598727
34218,W01000499,552,14,2.5,0.15787348380955585
34219,W01000500,727,13,1.8,-0.25157844491878434
34220,W01000501,1067,18,1.7,-0.31007157759426157
34221,W01000502,961,10,1.0,-0.7195235063226018
34222,W01000503,451,4,0.9,-0.778016638998079
34223,W01000504,534,6,1.1,-0.6610303736471246
34224,W01000505,659,5,0.8,-0.8365097716735561
34225,W01000506,661,4,0.6,-0.9534960370245105
34226,W01000507,525,4,0.8,-0.8365097716735561
34227,W01000508,506,11,2.2,-0.017605914216875566
34228,W01000509,888,10,1.1,-0.6610303736471246
34229,W01000510,627,4,0.6,-0.9534960370245105
34230,W01000511,558,19,3.4,0.6843116778888504
34231,W01000512,560,13,2.3,0.0408872184586014
34232,W01000513,909,29,3.2,0.5673254125378963
34233,W01000515,591,11,1.9,-0.19308531224330724
34234,W01000516,691,17,2.5,0.15787348380955585
34235,W01000517,530,15,2.8,0.33335288183598727
34236,W01000518,526,9,1.7,-0.31007157759426157
34237,W01000519,766,11,1.4,-0.48555097562069316
34238,W01000522,552,4,0.7,-0.8950029043490334
34239,W01000523,797,14,1.8,-0.25157844491878434
34240,W01000524,840,13,1.5,-0.4270578429452159
34241,W01000525,512,4,0.8,-0.8365097716735561
34242,W01000527,430,8,1.9,-0.19308531224330724
34243,W01000528,622,8,1.3,-0.5440441082961702
34244,W01000531,816,1,0.1,-1.2459617004018964
34245,W01000533,656,9,1.4,-0.48555097562069316
34246,W01000534,653,6,0.9,-0.778016638998079
34247,W01000535,893,14,1.6,-0.3685647102697387
34248,W01000536,622,3,0.5,-1.0119891696999876
34249,W01000537,637,9,1.4,-0.48555097562069316
34250,W01000538,662,8,1.2,-0.6025372409716475
34251,W01000539,511,9,1.8,-0.25157844491878434
34252,W01000540,555,9,1.6,-0.3685647102697387
34253,W01000541,756,11,1.5,-0.4270578429452159
34254,W01000542,957,15,1.6,-0.3685647102697387
34255,W01000543,878,13,1.5,-0.4270578429452159
34256,W01000545,875,12,1.4,-0.48555097562069316
34257,W01000546,546,3,0.5,-1.0119891696999876
34258,W01000547,531,1,0.2,-1.1874685677264192
34259,W01000548,760,14,1.8,-0.25157844491878434
34260,W01000549,770,12,1.6,-0.3685647102697387
34261,W01000550,533,8,1.5,-0.4270578429452159
34262,W01000551,591,9,1.5,-0.4270578429452159
34263,W01000552,849,7,0.8,-0.8365097716735561
34264,W01000553,553,4,0.7,-0.8950029043490334
34265,W01000554,765,6,0.8,-0.8365097716735561
34266,W01000555,649,4,0.6,-0.9534960370245105
34267,W01000556,523,8,1.5,-0.4270578429452159
34268,W01000557,637,10,1.6,-0.3685647102697387
34269,W01000558,910,13,1.4,-0.48555097562069316
34270,W01000559,626,11,1.8,-0.25157844491878434
34271,W01000560,578,12,2.1,-0.07609904689235279
34272,W01000561,568,9,1.6,-0.3685647102697387
34273,W01000562,718,12,1.7,-0.31007157759426157
34274,W01000563,456,3,0.7,-0.8950029043490334
34275,W01000564,585,11,1.9,-0.19308531224330724
34276,W01000565,889,18,2.0,-0.13459217956783004
34277,W01000566,752,19,2.5,0.15787348380955585
34278,W01000567,933,15,1.6,-0.3685647102697387
34279,W01000569,471,2,0.4,-1.0704823023754648
34280,W01000570,643,31,4.8,1.5032155353455308
34281,W01000571,1087,21,1.9,-0.19308531224330724
34282,W01000572,848,8,0.9,-0.778016638998079
34283,W01000573,1157,13,1.1,-0.6610303736471246
34284,W01000574,771,7,0.9,-0.778016638998079
34285,W01000575,1126,29,2.6,0.21636661648503308
34286,W01000576,1048,17,1.6,-0.3685647102697387
34287,W01000577,647,12,1.9,-0.19308531224330724
34288,W01000578,771,7,0.9,-0.778016638998079
34289,W01000579,1025,18,1.8,-0.25157844491878434
34290,W01000580,984,12,1.2,-0.6025372409716475
34291,W01000581,631,5,0.8,-0.8365097716735561
34292,W01000582,697,17,2.4,0.09938035113407863
34293,W01000583,594,8,1.3,-0.5440441082961702
34294,W01000584,873,21,2.4,0.09938035113407863
34295,W01000585,567,6,1.1,-0.6610303736471246
34296,W01000586,929,24,2.6,0.21636661648503308
34297,W01000587,1051,18,1.7,-0.31007157759426157
34298,W01000588,1044,31,3.0,0.45033914718694174
34299,W01000589,546,6,1.1,-0.6610303736471246
34300,W01000590,560,6,1.1,-0.6610303736471246
34301,W01000591,698,16,2.3,0.0408872184586014
34302,W01000592,520,17,3.3,0.6258185452133732
34303,W01000594,1008,18,1.8,-0.25157844491878434
34304,W01000595,1178,15,1.3,-0.5440441082961702
34305,W01000596,733,9,1.2,-0.6025372409716475
34306,W01000597,526,4,0.8,-0.8365097716735561
34307,W01000598,1021,11,1.1,-0.6610303736471246
34308,W01000599,898,14,1.6,-0.3685647102697387
34309,W01000600,838,18,2.1,-0.07609904689235279
34310,W01000601,661,19,2.9,0.3918460145114645
34311,W01000602,581,9,1.5,-0.4270578429452159
34312,W01000603,833,16,1.9,-0.19308531224330724
34313,W01000604,752,25,3.3,0.6258185452133732
34314,W01000605,769,21,2.7,0.2748597491605103
34315,W01000606,724,39,5.4,1.8541743313983943
34316,W01000607,1062,19,1.8,-0.25157844491878434
34317,W01000608,731,14,1.9,-0.19308531224330724
34318,W01000609,1166,8,0.7,-0.8950029043490334
34319,W01000610,740,9,1.2,-0.6025372409716475
34320,W01000611,935,7,0.7,-0.8950029043490334
34321,W01000612,846,11,1.3,-0.5440441082961702
34322,W01000613,958,17,1.8,-0.25157844491878434
34323,W01000614,623,8,1.3,-0.5440441082961702
34324,W01000617,631,11,1.7,-0.31007157759426157
34325,W01000618,685,8,1.2,-0.6025372409716475
34326,W01000619,949,14,1.5,-0.4270578429452159
34327,W01000622,620,8,1.3,-0.5440441082961702
34328,W01000623,820,9,1.1,-0.6610303736471246
34329,W01000624,963,10,1.0,-0.7195235063226018
34330,W01000625,496,14,2.8,0.33335288183598727
34331,W01000626,755,15,2.0,-0.13459217956783004
34332,W01000627,987,14,1.4,-0.48555097562069316
34333,W01000628,638,14,2.2,-0.017605914216875566
34334,W01000629,737,14,1.9,-0.19308531224330724
34335,W01000630,647,15,2.3,0.0408872184586014
34336,W01000631,758,24,3.2,0.5673254125378963
34337,W01000632,592,9,1.5,-0.4270578429452159
34338,W01000633,707,16,2.3,0.0408872184586014
34339,W01000634,638,6,0.9,-0.778016638998079
34340,W01000635,1000,13,1.3,-0.5440441082961702
34341,W01000636,979,13,1.3,-0.5440441082961702
34342,W01000637,643,15,2.3,0.0408872184586014
34343,W01000638,488,23,4.7,1.4447224026700538
34344,W01000639,678,12,1.8,-0.25157844491878434
34345,W01000640,540,7,1.3,-0.5440441082961702
34346,W01000641,1194,25,2.1,-0.07609904689235279
34347,W01000642,775,4,0.5,-1.0119891696999876
34348,W01000643,699,20,2.9,0.3918460145114645
34349,W01000644,738,13,1.8,-0.25157844491878434
34350,W01000645,847,13,1.5,-0.4270578429452159
34351,W01000646,947,25,2.6,0.21636661648503308
34352,W01000647,624,4,0.6,-0.9534960370245105
34353,W01000648,566,8,1.4,-0.48555097562069316
34354,W01000649,647,7,1.1,-0.6610303736471246
34355,W01000650,702,12,1.7,-0.31007157759426157
34356,W01000651,688,8,1.2,-0.6025372409716475
34357,W01000652,721,21,2.9,0.3918460145114645
34358,W01000653,645,8,1.2,-0.6025372409716475
34359,W01000654,750,14,1.9,-0.19308531224330724
34360,W01000655,801,23,2.9,0.3918460145114645
34361,W01000656,887,23,2.6,0.21636661648503308
34362,W01000657,521,10,1.9,-0.19308531224330724
34363,W01000658,582,9,1.5,-0.4270578429452159
34364,W01000659,755,20,2.6,0.21636661648503308
34365,W01000660,732,18,2.5,0.15787348380955585
34366,W01000662,939,16,1.7,-0.31007157759426157
34367,W01000663,1087,9,0.8,-0.8365097716735561
34368,W01000664,1067,9,0.8,-0.8365097716735561
34369,W01000665,767,4,0.5,-1.0119891696999876
34370,W01000666,723,12,1.7,-0.31007157759426157
34371,W01000667,944,10,1.1,-0.6610303736471246
34372,W01000670,718,14,1.9,-0.19308531224330724
34373,W01000671,884,10,1.1,-0.6610303736471246
34374,W01000672,637,12,1.9,-0.19308531224330724
34375,W01000673,512,3,0.6,-0.9534960370245105
34376,W01000674,855,16,1.9,-0.19308531224330724
34377,W01000675,854,12,1.4,-0.48555097562069316
34378,W01000676,669,8,1.2,-0.6025372409716475
34379,W01000677,702,9,1.3,-0.5440441082961702
34380,W01000678,584,9,1.5,-0.4270578429452159
34381,W01000679,534,8,1.5,-0.4270578429452159
34382,W01000680,947,11,1.2,-0.6025372409716475
34383,W01000681,896,14,1.6,-0.3685647102697387
34384,W01000682,581,7,1.2,-0.6025372409716475
34385,W01000683,480,8,1.7,-0.31007157759426157
34386,W01000684,767,8,1.0,-0.7195235063226018
34387,W01000685,675,18,2.7,0.2748597491605103
34388,W01000686,544,6,1.1,-0.6610303736471246
34389,W01000687,820,13,1.6,-0.3685647102697387
34390,W01000688,767,18,2.3,0.0408872184586014
34391,W01000689,753,3,0.4,-1.0704823023754648
34392,W01000690,764,9,1.2,-0.6025372409716475
34393,W01000691,782,13,1.7,-0.31007157759426157
34394,W01000692,638,13,2.0,-0.13459217956783004
34395,W01000693,522,7,1.3,-0.5440441082961702
34396,W01000694,651,7,1.1,-0.6610303736471246
34397,W01000695,973,23,2.4,0.09938035113407863
34398,W01000696,682,9,1.3,-0.5440441082961702
34399,W01000697,844,12,1.4,-0.48555097562069316
34400,W01000698,809,18,2.2,-0.017605914216875566
34401,W01000699,575,7,1.2,-0.6025372409716475
34402,W01000700,890,10,1.1,-0.6610303736471246
34403,W01000701,680,10,1.5,-0.4270578429452159
34404,W01000702,516,17,3.3,0.6258185452133732
34405,W01000703,819,10,1.2,-0.6025372409716475
34406,W01000704,714,11,1.5,-0.4270578429452159
34407,W01000705,804,25,3.1,0.508832279862419
34408,W01000706,669,19,2.8,0.33335288183598727
34409,W01000707,608,22,3.6,0.8012979432398049
34410,W01000708,597,13,2.2,-0.017605914216875566
34411,W01000709,924,13,1.4,-0.48555097562069316
34412,W01000710,892,6,0.7,-0.8950029043490334
34413,W01000711,887,31,3.5,0.7428048105643277
34414,W01000712,727,8,1.1,-0.6610303736471246
34415,W01000713,589,4,0.7,-0.8950029043490334
34416,W01000714,651,12,1.8,-0.25157844491878434
34417,W01000715,562,6,1.1,-0.6610303736471246
34418,W01000716,571,10,1.8,-0.25157844491878434
34419,W01000717,643,12,1.9,-0.19308531224330724
34420,W01000718,627,9,1.4,-0.48555097562069316
34421,W01000719,622,13,2.1,-0.07609904689235279
34422,W01000720,785,14,1.8,-0.25157844491878434
34423,W01000721,586,10,1.7,-0.31007157759426157
34424,W01000722,577,4,0.7,-0.8950029043490334
34425,W01000723,644,7,1.1,-0.6610303736471246
34426,W01000724,809,8,1.0,-0.7195235063226018
34427,W01000725,1026,7,0.7,-0.8950029043490334
34428,W01000728,852,20,2.3,0.0408872184586014
34429,W01000729,520,15,2.9,0.3918460145114645
34430,W01000730,542,4,0.7,-0.8950029043490334
34431,W01000731,1060,12,1.1,-0.6610303736471246
34432,W01000732,611,6,1.0,-0.7195235063226018
34433,W01000733,595,16,2.7,0.2748597491605103
34434,W01000734,603,24,4.0,1.0352704739417136
34435,W01000735,1064,11,1.0,-0.7195235063226018
34436,W01000736,766,2,0.3,-1.128975435050942
34437,W01000737,691,4,0.6,-0.9534960370245105
34438,W01000738,736,28,3.8,0.9182842085907591
34439,W01000739,1111,42,3.8,0.9182842085907591
34440,W01000740,622,12,1.9,-0.19308531224330724
34441,W01000741,861,18,2.1,-0.07609904689235279
34442,W01000742,801,34,4.2,1.152256739292668
34443,W01000744,767,28,3.7,0.8597910759152821
34444,W01000745,1016,69,6.8,2.673078188855074
34445,W01000746,717,26,3.6,0.8012979432398049
34446,W01000747,669,36,5.4,1.8541743313983943
34447,W01000749,900,43,4.8,1.5032155353455308
34448,W01000750,670,18,2.7,0.2748597491605103
34449,W01000751,619,6,1.0,-0.7195235063226018
34450,W01000752,635,15,2.4,0.09938035113407863
34451,W01000753,600,17,2.8,0.33335288183598727
34452,W01000754,698,15,2.1,-0.07609904689235279
34453,W01000755,888,19,2.1,-0.07609904689235279
34454,W01000756,725,14,1.9,-0.19308531224330724
34455,W01000757,701,9,1.3,-0.5440441082961702
34456,W01000758,806,15,1.9,-0.19308531224330724
34457,W01000759,669,7,1.0,-0.7195235063226018
34458,W01000760,707,24,3.4,0.6843116778888504
34459,W01000761,637,20,3.1,0.508832279862419
34460,W01000762,618,32,5.2,1.7371880660474397
34461,W01000763,611,13,2.1,-0.07609904689235279
34462,W01000764,712,17,2.4,0.09938035113407863
34463,W01000765,755,19,2.5,0.15787348380955585
34464,W01000766,624,15,2.4,0.09938035113407863
34465,W01000767,715,18,2.5,0.15787348380955585
34466,W01000768,606,5,0.8,-0.8365097716735561
34467,W01000769,604,6,1.0,-0.7195235063226018
34468,W01000770,639,4,0.6,-0.9534960370245105
34469,W01000771,540,9,1.7,-0.31007157759426157
34470,W01000772,620,8,1.3,-0.5440441082961702
34471,W01000774,762,12,1.6,-0.3685647102697387
34472,W01000775,696,9,1.3,-0.5440441082961702
34473,W01000776,726,11,1.5,-0.4270578429452159
34474,W01000777,766,4,0.5,-1.0119891696999876
34475,W01000778,766,11,1.4,-0.48555097562069316
34476,W01000779,592,12,2.0,-0.13459217956783004
34477,W01000781,704,7,1.0,-0.7195235063226018
34478,W01000782,515,2,0.4,-1.0704823023754648
34479,W01000784,591,10,1.7,-0.31007157759426157
34480,W01000785,734,2,0.3,-1.128975435050942
34481,W01000786,572,3,0.5,-1.0119891696999876
34482,W01000787,672,15,2.2,-0.017605914216875566
34483,W01000788,715,22,3.1,0.508832279862419
34484,W01000789,633,20,3.2,0.5673254125378963
34485,W01000790,908,54,5.9,2.14663999477578
34486,W01000791,618,11,1.8,-0.25157844491878434
34487,W01000792,693,0,0.0,-1.3044548330773735
34488,W01000793,748,8,1.1,-0.6610303736471246
34489,W01000794,926,8,0.9,-0.778016638998079
34490,W01000795,694,5,0.7,-0.8950029043490334
34491,W01000797,652,11,1.7,-0.31007157759426157
34492,W01000798,649,5,0.8,-0.8365097716735561
34493,W01000799,765,30,3.9,0.9767773412662363
34494,W01000800,585,3,0.5,-1.0119891696999876
34495,W01000801,756,13,1.7,-0.31007157759426157
34496,W01000802,1005,19,1.9,-0.19308531224330724
34497,W01000803,795,6,0.8,-0.8365097716735561
34498,W01000804,709,5,0.7,-0.8950029043490334
34499,W01000805,472,3,0.6,-0.9534960370245105
34500,W01000806,618,12,1.9,-0.19308531224330724
34501,W01000807,552,6,1.1,-0.6610303736471246
34502,W01000808,618,11,1.8,-0.25157844491878434
34503,W01000809,716,19,2.7,0.2748597491605103
34504,W01000810,633,32,5.1,1.6786949333719623
34505,W01000811,670,23,3.4,0.6843116778888504
34506,W01000812,712,28,3.9,0.9767773412662363
34507,W01000813,685,10,1.5,-0.4270578429452159
34508,W01000814,636,18,2.8,0.33335288183598727
34509,W01000815,648,8,1.2,-0.6025372409716475
34510,W01000816,744,9,1.2,-0.6025372409716475
34511,W01000817,865,33,3.8,0.9182842085907591
34512,W01000818,651,34,5.2,1.7371880660474397
34513,W01000819,637,6,0.9,-0.778016638998079
34514,W01000820,622,11,1.8,-0.25157844491878434
34515,W01000821,627,13,2.1,-0.07609904689235279
34516,W01000822,584,8,1.4,-0.48555097562069316
34517,W01000823,785,2,0.3,-1.128975435050942
34518,W01000824,756,3,0.4,-1.0704823023754648
34519,W01000825,648,6,0.9,-0.778016638998079
34520,W01000826,604,4,0.7,-0.8950029043490334
34521,W01000827,591,7,1.2,-0.6025372409716475
34522,W01000828,729,7,1.0,-0.7195235063226018
34523,W01000829,853,8,0.9,-0.778016638998079
34524,W01000830,711,40,5.6,1.9711605967493482
34525,W01000831,812,33,4.1,1.0937636066171905
34526,W01000832,746,29,3.9,0.9767773412662363
34527,W01000833,736,21,2.9,0.3918460145114645
34528,W01000834,560,27,4.8,1.5032155353455308
34529,W01000835,604,26,4.3,1.2107498719681449
34530,W01000836,913,47,5.1,1.6786949333719623
34531,W01000837,913,4,0.4,-1.0704823023754648
34532,W01000838,557,13,2.3,0.0408872184586014
34533,W01000839,465,1,0.2,-1.1874685677264192
34534,W01000840,701,5,0.7,-0.8950029043490334
34535,W01000841,648,19,2.9,0.3918460145114645
34536,W01000842,592,8,1.4,-0.48555097562069316
34537,W01000843,575,8,1.4,-0.48555097562069316
34538,W01000844,612,12,2.0,-0.13459217956783004
34539,W01000845,834,8,1.0,-0.7195235063226018
34540,W01000846,972,9,0.9,-0.778016638998079
34541,W01000847,519,8,1.5,-0.4270578429452159
34542,W01000848,503,21,4.2,1.152256739292668
34543,W01000849,1023,30,2.9,0.3918460145114645
34544,W01000851,730,23,3.2,0.5673254125378963
34545,W01000852,616,22,3.6,0.8012979432398049
34546,W01000853,724,10,1.4,-0.48555097562069316
34547,W01000854,587,5,0.9,-0.778016638998079
34548,W01000855,638,5,0.8,-0.8365097716735561
34549,W01000856,923,30,3.3,0.6258185452133732
34550,W01000857,977,14,1.4,-0.48555097562069316
34551,W01000858,686,12,1.7,-0.31007157759426157
34552,W01000859,654,2,0.3,-1.128975435050942
34553,W01000860,651,9,1.4,-0.48555097562069316
34554,W01000861,434,5,1.2,-0.6025372409716475
34555,W01000862,685,26,3.8,0.9182842085907591
34556,W01000863,766,37,4.8,1.5032155353455308
34557,W01000864,678,37,5.5,1.9126674640738712
34558,W01000865,580,30,5.2,1.7371880660474397
34559,W01000866,495,16,3.2,0.5673254125378963
34560,W01000867,570,29,5.1,1.6786949333719623
34561,W01000868,483,7,1.4,-0.48555097562069316
34562,W01000869,685,17,2.5,0.15787348380955585
34563,W01000870,585,13,2.2,-0.017605914216875566
34564,W01000871,807,35,4.3,1.2107498719681449
34565,W01000872,629,10,1.6,-0.3685647102697387
34566,W01000873,529,25,4.7,1.4447224026700538
34567,W01000874,614,13,2.1,-0.07609904689235279
34568,W01000875,737,40,5.4,1.8541743313983943
34569,W01000876,566,15,2.7,0.2748597491605103
34570,W01000877,723,3,0.4,-1.0704823023754648
34571,W01000878,590,8,1.4,-0.48555097562069316
34572,W01000879,753,1,0.1,-1.2459617004018964
34573,W01000880,748,2,0.3,-1.128975435050942
34574,W01000881,688,8,1.2,-0.6025372409716475
34575,W01000882,816,24,2.9,0.3918460145114645
34576,W01000883,614,3,0.5,-1.0119891696999876
34577,W01000884,585,15,2.6,0.21636661648503308
34578,W01000885,662,12,1.8,-0.25157844491878434
34579,W01000886,747,21,2.8,0.33335288183598727
34580,W01000887,943,21,2.2,-0.017605914216875566
34581,W01000888,1111,9,0.8,-0.8365097716735561
34582,W01000889,808,5,0.6,-0.9534960370245105
34583,W01000890,689,6,0.9,-0.778016638998079
34584,W01000891,631,8,1.3,-0.5440441082961702
34585,W01000892,825,10,1.2,-0.6025372409716475
34586,W01000893,815,17,2.1,-0.07609904689235279
34587,W01000894,668,11,1.6,-0.3685647102697387
34588,W01000895,797,10,1.3,-0.5440441082961702
34589,W01000896,647,28,4.3,1.2107498719681449
34590,W01000897,608,19,3.1,0.508832279862419
34591,W01000898,644,12,1.9,-0.19308531224330724
34592,W01000899,796,7,0.9,-0.778016638998079
34593,W01000900,795,17,2.1,-0.07609904689235279
34594,W01000901,749,14,1.9,-0.19308531224330724
34595,W01000904,656,1,0.2,-1.1874685677264192
34596,W01000905,643,8,1.2,-0.6025372409716475
34597,W01000907,751,19,2.5,0.15787348380955585
34598,W01000908,742,2,0.3,-1.128975435050942
34599,W01000909,488,9,1.8,-0.25157844491878434
34600,W01000910,648,7,1.1,-0.6610303736471246
34601,W01000911,494,4,0.8,-0.8365097716735561
34602,W01000912,563,14,2.5,0.15787348380955585
34603,W01000913,545,11,2.0,-0.13459217956783004
34604,W01000914,692,21,3.0,0.45033914718694174
34605,W01000915,487,4,0.8,-0.8365097716735561
34606,W01000916,491,11,2.2,-0.017605914216875566
34607,W01000918,863,12,1.4,-0.48555097562069316
34608,W01000919,507,5,1.0,-0.7195235063226018
34609,W01000921,643,18,2.8,0.33335288183598727
34610,W01000922,732,15,2.0,-0.13459217956783004
34611,W01000925,667,20,3.0,0.45033914718694174
34612,W01000926,869,5,0.6,-0.9534960370245105
34613,W01000927,884,13,1.5,-0.4270578429452159
34614,W01000928,701,14,2.0,-0.13459217956783004
34615,W01000929,553,15,2.7,0.2748597491605103
34616,W01000930,542,6,1.1,-0.6610303736471246
34617,W01000931,591,9,1.5,-0.4270578429452159
34618,W01000932,476,8,1.7,-0.31007157759426157
34619,W01000933,759,9,1.2,-0.6025372409716475
34620,W01000934,640,13,2.0,-0.13459217956783004
34621,W01000935,837,26,3.1,0.508832279862419
34622,W01000936,628,12,1.9,-0.19308531224330724
34623,W01000937,935,26,2.8,0.33335288183598727
34624,W01000938,634,1,0.2,-1.1874685677264192
34625,W01000939,651,15,2.3,0.0408872184586014
34626,W01000940,578,11,1.9,-0.19308531224330724
34627,W01000941,658,21,3.2,0.5673254125378963
34628,W01000942,786,16,2.0,-0.13459217956783004
34629,W01000943,609,8,1.3,-0.5440441082961702
34630,W01000944,513,13,2.5,0.15787348380955585
34631,W01000945,505,10,2.0,-0.13459217956783004
34632,W01000946,720,13,1.8,-0.25157844491878434
34633,W01000947,900,29,3.2,0.5673254125378963
34634,W01000948,872,11,1.3,-0.5440441082961702
34635,W01000949,566,7,1.2,-0.6025372409716475
34636,W01000950,666,14,2.1,-0.07609904689235279
34637,W01000951,824,18,2.2,-0.017605914216875566
34638,W01000952,488,10,2.0,-0.13459217956783004
34639,W01000953,730,14,1.9,-0.19308531224330724
34640,W01000954,631,8,1.3,-0.5440441082961702
34641,W01000955,597,8,1.3,-0.5440441082961702
34642,W01000956,532,4,0.8,-0.8365097716735561
34643,W01000957,833,20,2.4,0.09938035113407863
34644,W01000958,636,22,3.5,0.7428048105643277
34645,W01000959,756,5,0.7,-0.8950029043490334
34646,W01000960,812,15,1.8,-0.25157844491878434
34647,W01000961,704,20,2.8,0.33335288183598727
34648,W01000962,603,23,3.8,0.9182842085907591
34649,W01000963,790,25,3.2,0.5673254125378963
34650,W01000964,764,21,2.7,0.2748597491605103
34651,W01000965,872,21,2.4,0.09938035113407863
34652,W01000966,659,11,1.7,-0.31007157759426157
34653,W01000967,672,20,3.0,0.45033914718694174
34654,W01000968,858,11,1.3,-0.5440441082961702
34655,W01000969,655,3,0.5,-1.0119891696999876
34656,W01000970,479,9,1.9,-0.19308531224330724
34657,W01000971,596,18,3.0,0.45033914718694174
34658,W01000973,653,9,1.4,-0.48555097562069316
34659,W01000974,1047,6,0.6,-0.9534960370245105
34660,W01000975,874,34,3.9,0.9767773412662363
34661,W01000976,444,15,3.4,0.6843116778888504
34662,W01000977,576,12,2.1,-0.07609904689235279
34663,W01000978,779,14,1.8,-0.25157844491878434
34664,W01000979,702,12,1.7,-0.31007157759426157
34665,W01000980,567,9,1.6,-0.3685647102697387
34666,W01000981,503,30,6.0,2.205133127451257
34667,W01000982,640,11,1.7,-0.31007157759426157
34668,W01000983,669,5,0.7,-0.8950029043490334
34669,W01000984,955,17,1.8,-0.25157844491878434
34670,W01000985,512,3,0.6,-0.9534960370245105
34671,W01000986,732,6,0.8,-0.8365097716735561
34672,W01000987,1047,33,3.2,0.5673254125378963
34673,W01000989,683,8,1.2,-0.6025372409716475
34674,W01000990,679,18,2.7,0.2748597491605103
34675,W01000991,454,21,4.6,1.3862292699945764
34676,W01000992,616,15,2.4,0.09938035113407863
34677,W01000993,586,11,1.9,-0.19308531224330724
34678,W01000994,587,17,2.9,0.3918460145114645
34679,W01000995,646,12,1.9,-0.19308531224330724
34680,W01000996,646,13,2.0,-0.13459217956783004
34681,W01000997,780,18,2.3,0.0408872184586014
34682,W01000999,611,21,3.4,0.6843116778888504
34683,W01001000,739,6,0.8,-0.8365097716735561
34684,W01001001,765,18,2.4,0.09938035113407863
34685,W01001002,1059,41,3.9,0.9767773412662363
34686,W01001003,578,5,0.9,-0.778016638998079
34687,W01001004,480,15,3.1,0.508832279862419
34688,W01001005,736,5,0.7,-0.8950029043490334
34689,W01001006,954,5,0.5,-1.0119891696999876
34690,W01001007,754,18,2.4,0.09938035113407863
34691,W01001008,1141,4,0.4,-1.0704823023754648
34692,W01001009,501,14,2.8,0.33335288183598727
34693,W01001010,506,16,3.2,0.5673254125378963
34694,W01001011,567,9,1.6,-0.3685647102697387
34695,W01001012,593,13,2.2,-0.017605914216875566
34696,W01001013,634,11,1.7,-0.31007157759426157
34697,W01001014,776,10,1.3,-0.5440441082961702
34698,W01001015,604,9,1.5,-0.4270578429452159
34699,W01001016,741,14,1.9,-0.19308531224330724
34700,W01001017,611,10,1.6,-0.3685647102697387
34701,W01001018,627,6,1.0,-0.7195235063226018
34702,W01001019,628,17,2.7,0.2748597491605103
34703,W01001020,633,10,1.6,-0.3685647102697387
34704,W01001021,761,22,2.9,0.3918460145114645
34705,W01001022,626,26,4.2,1.152256739292668
34706,W01001023,821,13,1.6,-0.3685647102697387
34707,W01001024,528,14,2.7,0.2748597491605103
34708,W01001025,525,14,2.7,0.2748597491605103
34709,W01001026,867,32,3.7,0.8597910759152821
34710,W01001027,713,6,0.8,-0.8365097716735561
34711,W01001028,880,16,1.8,-0.25157844491878434
34712,W01001029,817,7,0.9,-0.778016638998079
34713,W01001030,861,11,1.3,-0.5440441082961702
34714,W01001031,637,4,0.6,-0.9534960370245105
34715,W01001032,824,8,1.0,-0.7195235063226018
34716,W01001033,748,11,1.5,-0.4270578429452159
34717,W01001034,640,9,1.4,-0.48555097562069316
34718,W01001035,819,18,2.2,-0.017605914216875566
34719,W01001036,663,2,0.3,-1.128975435050942
34720,W01001037,742,7,0.9,-0.778016638998079
34721,W01001038,1140,23,2.0,-0.13459217956783004
34722,W01001039,685,16,2.3,0.0408872184586014
34723,W01001040,675,8,1.2,-0.6025372409716475
34724,W01001041,921,2,0.2,-1.1874685677264192
34725,W01001042,582,12,2.1,-0.07609904689235279
34726,W01001043,513,14,2.7,0.2748597491605103
34727,W01001044,755,16,2.1,-0.07609904689235279
34728,W01001045,772,20,2.6,0.21636661648503308
34729,W01001046,980,10,1.0,-0.7195235063226018
34730,W01001047,760,8,1.1,-0.6610303736471246
34731,W01001048,651,10,1.5,-0.4270578429452159
34732,W01001049,515,22,4.3,1.2107498719681449
34733,W01001050,651,16,2.5,0.15787348380955585
34734,W01001051,744,24,3.2,0.5673254125378963
34735,W01001052,588,19,3.2,0.5673254125378963
34736,W01001053,468,0,0.0,-1.3044548330773735
34737,W01001054,555,7,1.3,-0.5440441082961702
34738,W01001055,496,11,2.2,-0.017605914216875566
34739,W01001056,517,5,1.0,-0.7195235063226018
34740,W01001057,806,23,2.9,0.3918460145114645
34741,W01001058,786,8,1.0,-0.7195235063226018
34742,W01001059,842,5,0.6,-0.9534960370245105
34743,W01001060,648,3,0.5,-1.0119891696999876
34744,W01001062,582,11,1.9,-0.19308531224330724
34745,W01001063,695,16,2.3,0.0408872184586014
34746,W01001064,600,15,2.5,0.15787348380955585
34747,W01001065,668,16,2.4,0.09938035113407863
34748,W01001066,795,16,2.0,-0.13459217956783004
34749,W01001067,606,20,3.3,0.6258185452133732
34750,W01001068,712,13,1.8,-0.25157844491878434
34751,W01001069,731,23,3.1,0.508832279862419
34752,W01001070,527,14,2.7,0.2748597491605103
34753,W01001071,648,17,2.6,0.21636661648503308
34754,W01001072,1048,13,1.2,-0.6025372409716475
34755,W01001073,1059,45,4.2,1.152256739292668
34756,W01001075,479,7,1.5,-0.4270578429452159
34757,W01001076,628,13,2.1,-0.07609904689235279
34758,W01001077,620,10,1.6,-0.3685647102697387
34759,W01001078,509,6,1.2,-0.6025372409716475
34760,W01001079,669,17,2.5,0.15787348380955585
34761,W01001080,635,15,2.4,0.09938035113407863
34762,W01001081,716,18,2.5,0.15787348380955585
34763,W01001082,783,6,0.8,-0.8365097716735561
34764,W01001083,713,2,0.3,-1.128975435050942
34765,W01001084,758,5,0.7,-0.8950029043490334
34766,W01001085,631,1,0.2,-1.1874685677264192
34767,W01001086,673,5,0.7,-0.8950029043490334
34768,W01001087,639,3,0.5,-1.0119891696999876
34769,W01001088,963,15,1.6,-0.3685647102697387
34770,W01001089,692,10,1.4,-0.48555097562069316
34771,W01001090,632,7,1.1,-0.6610303736471246
34772,W01001091,746,3,0.4,-1.0704823023754648
34773,W01001092,828,18,2.2,-0.017605914216875566
34774,W01001093,765,17,2.2,-0.017605914216875566
34775,W01001094,513,21,4.1,1.0937636066171905
34776,W01001095,629,25,4.0,1.0352704739417136
34777,W01001096,639,8,1.3,-0.5440441082961702
34778,W01001097,587,26,4.4,1.2692430046436225
34779,W01001098,457,3,0.7,-0.8950029043490334
34780,W01001099,567,8,1.4,-0.48555097562069316
34781,W01001100,633,3,0.5,-1.0119891696999876
34782,W01001101,680,16,2.4,0.09938035113407863
34783,W01001102,675,10,1.5,-0.4270578429452159
34784,W01001103,513,4,0.8,-0.8365097716735561
34785,W01001104,901,20,2.2,-0.017605914216875566
34786,W01001105,1147,1,0.1,-1.2459617004018964
34787,W01001106,623,10,1.6,-0.3685647102697387
34788,W01001107,727,9,1.2,-0.6025372409716475
34789,W01001108,850,12,1.4,-0.48555097562069316
34790,W01001109,624,7,1.1,-0.6610303736471246
34791,W01001110,662,5,0.8,-0.8365097716735561
34792,W01001111,566,10,1.8,-0.25157844491878434
34793,W01001112,591,3,0.5,-1.0119891696999876
34794,W01001113,948,4,0.4,-1.0704823023754648
34795,W01001114,645,3,0.5,-1.0119891696999876
34796,W01001115,860,8,0.9,-0.778016638998079
34797,W01001116,815,9,1.1,-0.6610303736471246
34798,W01001117,589,9,1.5,-0.4270578429452159
34799,W01001119,738,7,0.9,-0.778016638998079
34800,W01001120,595,7,1.2,-0.6025372409716475
34801,W01001121,727,12,1.7,-0.31007157759426157
34802,W01001122,840,21,2.5,0.15787348380955585
34803,W01001123,785,8,1.0,-0.7195235063226018
34804,W01001124,695,11,1.6,-0.3685647102697387
34805,W01001125,633,11,1.7,-0.31007157759426157
34806,W01001127,712,5,0.7,-0.8950029043490334
34807,W01001128,717,8,1.1,-0.6610303736471246
34808,W01001129,588,15,2.6,0.21636661648503308
34809,W01001130,495,6,1.2,-0.6025372409716475
34810,W01001131,735,16,2.2,-0.017605914216875566
34811,W01001132,582,1,0.2,-1.1874685677264192
34812,W01001133,963,16,1.7,-0.31007157759426157
34813,W01001134,519,5,1.0,-0.7195235063226018
34814,W01001135,971,2,0.2,-1.1874685677264192
34815,W01001136,696,8,1.1,-0.6610303736471246
34816,W01001137,1104,13,1.2,-0.6025372409716475
34817,W01001138,642,19,3.0,0.45033914718694174
34818,W01001139,599,9,1.5,-0.4270578429452159
34819,W01001140,642,11,1.7,-0.31007157759426157
34820,W01001141,673,17,2.5,0.15787348380955585
34821,W01001142,835,26,3.1,0.508832279862419
34822,W01001143,635,14,2.2,-0.017605914216875566
34823,W01001144,702,30,4.3,1.2107498719681449
34824,W01001145,779,21,2.7,0.2748597491605103
34825,W01001146,634,11,1.7,-0.31007157759426157
34826,W01001147,867,9,1.0,-0.7195235063226018
34827,W01001148,832,10,1.2,-0.6025372409716475
34828,W01001149,624,12,1.9,-0.19308531224330724
34829,W01001150,869,20,2.3,0.0408872184586014
34830,W01001151,788,8,1.0,-0.7195235063226018
34831,W01001152,839,6,0.7,-0.8950029043490334
34832,W01001153,682,9,1.3,-0.5440441082961702
34833,W01001154,685,11,1.6,-0.3685647102697387
34834,W01001155,699,8,1.1,-0.6610303736471246
34835,W01001156,547,1,0.2,-1.1874685677264192
34836,W01001157,591,8,1.4,-0.48555097562069316
34837,W01001158,634,17,2.7,0.2748597491605103
34838,W01001159,652,1,0.2,-1.1874685677264192
34839,W01001160,680,11,1.6,-0.3685647102697387
34840,W01001162,1061,24,2.3,0.0408872184586014
34841,W01001164,673,17,2.5,0.15787348380955585
34842,W01001165,581,11,1.9,-0.19308531224330724
34843,W01001166,578,19,3.3,0.6258185452133732
34844,W01001167,627,16,2.6,0.21636661648503308
34845,W01001168,610,13,2.1,-0.07609904689235279
34846,W01001169,1053,24,2.3,0.0408872184586014
34847,W01001170,529,7,1.3,-0.5440441082961702
34848,W01001171,620,11,1.8,-0.25157844491878434
34849,W01001172,639,14,2.2,-0.017605914216875566
34850,W01001173,622,15,2.4,0.09938035113407863
34851,W01001174,628,15,2.4,0.09938035113407863
34852,W01001175,594,6,1.0,-0.7195235063226018
34853,W01001176,624,12,1.9,-0.19308531224330724
34854,W01001177,603,11,1.8,-0.25157844491878434
34855,W01001178,685,19,2.8,0.33335288183598727
34856,W01001179,738,25,3.4,0.6843116778888504
34857,W01001180,671,26,3.9,0.9767773412662363
34858,W01001181,629,12,1.9,-0.19308531224330724
34859,W01001184,945,18,1.9,-0.19308531224330724
34860,W01001185,980,58,5.9,2.14663999477578
34861,W01001186,696,8,1.1,-0.6610303736471246
34862,W01001187,594,14,2.4,0.09938035113407863
34863,W01001188,602,8,1.3,-0.5440441082961702
34864,W01001189,679,11,1.6,-0.3685647102697387
34865,W01001190,1173,10,0.9,-0.778016638998079
34866,W01001192,610,21,3.4,0.6843116778888504
34867,W01001193,480,1,0.2,-1.1874685677264192
34868,W01001194,875,4,0.5,-1.0119891696999876
34869,W01001195,653,11,1.7,-0.31007157759426157
34870,W01001196,614,4,0.7,-0.8950029043490334
34871,W01001197,494,3,0.6,-0.9534960370245105
34872,W01001198,660,7,1.1,-0.6610303736471246
34873,W01001199,709,8,1.1,-0.6610303736471246
34874,W01001202,818,13,1.6,-0.3685647102697387
34875,W01001203,587,20,3.4,0.6843116778888504
34876,W01001204,683,12,1.8,-0.25157844491878434
34877,W01001205,699,9,1.3,-0.5440441082961702
34878,W01001206,633,13,2.1,-0.07609904689235279
34879,W01001207,557,16,2.9,0.3918460145114645
34880,W01001208,732,15,2.0,-0.13459217956783004
34881,W01001209,582,14,2.4,0.09938035113407863
34882,W01001210,640,16,2.5,0.15787348380955585
34883,W01001211,626,19,3.0,0.45033914718694174
34884,W01001212,582,9,1.5,-0.4270578429452159
34885,W01001214,531,12,2.3,0.0408872184586014
34886,W01001216,656,9,1.4,-0.48555097562069316
34887,W01001217,468,17,3.6,0.8012979432398049
34888,W01001218,636,20,3.1,0.508832279862419
34889,W01001219,602,18,3.0,0.45033914718694174
34890,W01001220,622,17,2.7,0.2748597491605103
34891,W01001221,612,30,4.9,1.5617086680210084
34892,W01001222,638,21,3.3,0.6258185452133732
34893,W01001223,778,5,0.6,-0.9534960370245105
34894,W01001224,767,2,0.3,-1.128975435050942
34895,W01001225,655,6,0.9,-0.778016638998079
34896,W01001226,714,7,1.0,-0.7195235063226018
34897,W01001227,551,5,0.9,-0.778016638998079
34898,W01001228,742,12,1.6,-0.3685647102697387
34899,W01001229,643,19,3.0,0.45033914718694174
34900,W01001230,624,3,0.5,-1.0119891696999876
34901,W01001231,678,15,2.2,-0.017605914216875566
34902,W01001232,591,10,1.7,-0.31007157759426157
34903,W01001233,781,11,1.4,-0.48555097562069316
34904,W01001234,660,10,1.5,-0.4270578429452159
34905,W01001235,750,18,2.4,0.09938035113407863
34906,W01001236,659,9,1.4,-0.48555097562069316
34907,W01001237,599,23,3.8,0.9182842085907591
34908,W01001238,691,35,5.1,1.6786949333719623
34909,W01001239,626,15,2.4,0.09938035113407863
34910,W01001240,861,11,1.3,-0.5440441082961702
34911,W01001241,756,14,1.9,-0.19308531224330724
34912,W01001242,575,8,1.4,-0.48555097562069316
34913,W01001243,685,13,1.9,-0.19308531224330724
34914,W01001244,626,1,0.2,-1.1874685677264192
34915,W01001245,515,5,1.0,-0.7195235063226018
34916,W01001246,623,9,1.4,-0.48555097562069316
34917,W01001247,719,17,2.4,0.09938035113407863
34918,W01001248,860,11,1.3,-0.5440441082961702
34919,W01001249,703,14,2.0,-0.13459217956783004
34920,W01001250,625,9,1.4,-0.48555097562069316
34921,W01001251,661,27,4.1,1.0937636066171905
34922,W01001252,667,3,0.4,-1.0704823023754648
34923,W01001253,604,10,1.7,-0.31007157759426157
34924,W01001255,836,19,2.3,0.0408872184586014
34925,W01001256,536,4,0.7,-0.8950029043490334
34926,W01001257,532,5,0.9,-0.778016638998079
34927,W01001258,639,7,1.1,-0.6610303736471246
34928,W01001259,676,13,1.9,-0.19308531224330724
34929,W01001260,510,13,2.5,0.15787348380955585
34930,W01001261,559,8,1.4,-0.48555097562069316
34931,W01001262,623,30,4.8,1.5032155353455308
34932,W01001263,630,24,3.8,0.9182842085907591
34933,W01001264,514,8,1.6,-0.3685647102697387
34934,W01001265,731,11,1.5,-0.4270578429452159
34935,W01001266,623,18,2.9,0.3918460145114645
34936,W01001267,680,15,2.2,-0.017605914216875566
34937,W01001268,589,21,3.6,0.8012979432398049
34938,W01001269,641,10,1.6,-0.3685647102697387
34939,W01001270,651,8,1.2,-0.6025372409716475
34940,W01001271,721,10,1.4,-0.48555097562069316
34941,W01001272,613,10,1.6,-0.3685647102697387
34942,W01001273,758,8,1.1,-0.6610303736471246
34943,W01001274,522,22,4.2,1.152256739292668
34944,W01001275,794,22,2.8,0.33335288183598727
34945,W01001276,636,15,2.4,0.09938035113407863
34946,W01001277,459,9,2.0,-0.13459217956783004
34947,W01001278,436,12,2.8,0.33335288183598727
34948,W01001279,504,15,3.0,0.45033914718694174
34949,W01001280,767,12,1.6,-0.3685647102697387
34950,W01001281,743,12,1.6,-0.3685647102697387
34951,W01001282,890,14,1.6,-0.3685647102697387
34952,W01001283,629,12,1.9,-0.19308531224330724
34953,W01001284,436,6,1.4,-0.48555097562069316
34954,W01001285,600,10,1.7,-0.31007157759426157
34955,W01001286,622,10,1.6,-0.3685647102697387
34956,W01001287,644,11,1.7,-0.31007157759426157
34957,W01001288,669,8,1.2,-0.6025372409716475
34958,W01001289,619,22,3.6,0.8012979432398049
34959,W01001290,975,18,1.8,-0.25157844491878434
34960,W01001291,793,19,2.4,0.09938035113407863
34961,W01001292,761,31,4.1,1.0937636066171905
34962,W01001293,795,19,2.4,0.09938035113407863
34963,W01001294,695,10,1.4,-0.48555097562069316
34964,W01001295,711,13,1.8,-0.25157844491878434
34965,W01001296,656,13,2.0,-0.13459217956783004
34966,W01001297,834,29,3.5,0.7428048105643277
34967,W01001298,849,15,1.8,-0.25157844491878434
34968,W01001299,698,37,5.3,1.7956811987229166
34969,W01001300,694,24,3.5,0.7428048105643277
34970,W01001301,772,36,4.7,1.4447224026700538
34971,W01001302,620,13,2.1,-0.07609904689235279
34972,W01001305,509,15,2.9,0.3918460145114645
34973,W01001306,652,7,1.1,-0.6610303736471246
34974,W01001307,810,21,2.6,0.21636661648503308
34975,W01001308,483,18,3.7,0.8597910759152821
34976,W01001309,518,15,2.9,0.3918460145114645
34977,W01001310,669,13,1.9,-0.19308531224330724
34978,W01001311,518,10,1.9,-0.19308531224330724
34979,W01001312,656,16,2.4,0.09938035113407863
34980,W01001313,692,14,2.0,-0.13459217956783004
34981,W01001314,933,25,2.7,0.2748597491605103
34982,W01001315,897,24,2.7,0.2748597491605103
34983,W01001317,752,24,3.2,0.5673254125378963
34984,W01001318,671,8,1.2,-0.6025372409716475
34985,W01001319,677,7,1.0,-0.7195235063226018
34986,W01001320,667,9,1.3,-0.5440441082961702
34987,W01001321,652,19,2.9,0.3918460145114645
34988,W01001322,733,18,2.5,0.15787348380955585
34989,W01001324,871,18,2.1,-0.07609904689235279
34990,W01001325,659,21,3.2,0.5673254125378963
34991,W01001326,962,32,3.3,0.6258185452133732
34992,W01001327,1092,16,1.5,-0.4270578429452159
34993,W01001328,653,13,2.0,-0.13459217956783004
34994,W01001329,653,16,2.5,0.15787348380955585
34995,W01001330,611,18,2.9,0.3918460145114645
34996,W01001331,734,14,1.9,-0.19308531224330724
34997,W01001332,801,30,3.7,0.8597910759152821
34998,W01001333,626,24,3.8,0.9182842085907591
34999,W01001334,594,18,3.0,0.45033914718694174
35000,W01001335,530,7,1.3,-0.5440441082961702
35001,W01001336,616,16,2.6,0.21636661648503308
35002,W01001337,668,12,1.8,-0.25157844491878434
35003,W01001338,800,25,3.1,0.508832279862419
35004,W01001339,590,33,5.6,1.9711605967493482
35005,W01001340,775,9,1.2,-0.6025372409716475
35006,W01001341,761,26,3.4,0.6843116778888504
35007,W01001342,517,8,1.5,-0.4270578429452159
35008,W01001343,484,5,1.0,-0.7195235063226018
35009,W01001344,714,12,1.7,-0.31007157759426157
35010,W01001345,578,29,5.0,1.6202018006964853
35011,W01001346,655,11,1.7,-0.31007157759426157
35012,W01001347,647,12,1.9,-0.19308531224330724
35013,W01001348,726,29,4.0,1.0352704739417136
35014,W01001349,671,5,0.7,-0.8950029043490334
35015,W01001350,796,19,2.4,0.09938035113407863
35016,W01001351,644,2,0.3,-1.128975435050942
35017,W01001352,744,17,2.3,0.0408872184586014
35018,W01001353,741,12,1.6,-0.3685647102697387
35019,W01001354,720,15,2.1,-0.07609904689235279
35020,W01001355,754,20,2.7,0.2748597491605103
35021,W01001356,481,8,1.7,-0.31007157759426157
35022,W01001357,721,10,1.4,-0.48555097562069316
35023,W01001358,618,21,3.4,0.6843116778888504
35024,W01001359,639,9,1.4,-0.48555097562069316
35025,W01001360,563,13,2.3,0.0408872184586014
35026,W01001361,487,19,3.9,0.9767773412662363
35027,W01001362,902,20,2.2,-0.017605914216875566
35028,W01001363,709,23,3.2,0.5673254125378963
35029,W01001364,677,22,3.2,0.5673254125378963
35030,W01001365,820,17,2.1,-0.07609904689235279
35031,W01001366,700,7,1.0,-0.7195235063226018
35032,W01001367,660,9,1.4,-0.48555097562069316
35033,W01001368,646,16,2.5,0.15787348380955585
35034,W01001369,1058,14,1.3,-0.5440441082961702
35035,W01001370,839,9,1.1,-0.6610303736471246
35036,W01001371,824,17,2.1,-0.07609904689235279
35037,W01001372,815,6,0.7,-0.8950029043490334
35038,W01001373,823,13,1.6,-0.3685647102697387
35039,W01001374,594,13,2.2,-0.017605914216875566
35040,W01001375,723,8,1.1,-0.6610303736471246
35041,W01001376,647,17,2.6,0.21636661648503308
35042,W01001377,672,10,1.5,-0.4270578429452159
35043,W01001378,680,13,1.9,-0.19308531224330724
35044,W01001379,640,11,1.7,-0.31007157759426157
35045,W01001380,769,9,1.2,-0.6025372409716475
35046,W01001381,612,23,3.8,0.9182842085907591
35047,W01001382,683,9,1.3,-0.5440441082961702
35048,W01001383,660,12,1.8,-0.25157844491878434
35049,W01001384,695,16,2.3,0.0408872184586014
35050,W01001385,677,21,3.1,0.508832279862419
35051,W01001386,691,22,3.2,0.5673254125378963
35052,W01001387,531,15,2.8,0.33335288183598727
35053,W01001388,759,22,2.9,0.3918460145114645
35054,W01001389,465,11,2.4,0.09938035113407863
35055,W01001390,801,4,0.5,-1.0119891696999876
35056,W01001391,669,14,2.1,-0.07609904689235279
35057,W01001392,831,7,0.8,-0.8365097716735561
35058,W01001393,536,11,2.1,-0.07609904689235279
35059,W01001394,502,1,0.2,-1.1874685677264192
35060,W01001395,591,6,1.0,-0.7195235063226018
35061,W01001396,643,25,3.9,0.9767773412662363
35062,W01001397,677,7,1.0,-0.7195235063226018
35063,W01001398,1063,12,1.1,-0.6610303736471246
35064,W01001399,564,10,1.8,-0.25157844491878434
35065,W01001400,559,23,4.1,1.0937636066171905
35066,W01001401,887,16,1.8,-0.25157844491878434
35067,W01001402,683,21,3.1,0.508832279862419
35068,W01001403,688,7,1.0,-0.7195235063226018
35069,W01001404,590,5,0.8,-0.8365097716735561
35070,W01001405,744,15,2.0,-0.13459217956783004
35071,W01001406,861,9,1.0,-0.7195235063226018
35072,W01001407,607,16,2.6,0.21636661648503308
35073,W01001408,605,28,4.6,1.3862292699945764
35074,W01001409,699,13,1.9,-0.19308531224330724
35075,W01001410,830,25,3.0,0.45033914718694174
35076,W01001411,766,8,1.0,-0.7195235063226018
35077,W01001412,829,16,1.9,-0.19308531224330724
35078,W01001413,765,12,1.6,-0.3685647102697387
35079,W01001414,689,25,3.6,0.8012979432398049
35080,W01001415,720,15,2.1,-0.07609904689235279
35081,W01001416,627,12,1.9,-0.19308531224330724
35082,W01001417,581,11,1.9,-0.19308531224330724
35083,W01001418,634,17,2.7,0.2748597491605103
35084,W01001419,669,7,1.0,-0.7195235063226018
35085,W01001420,554,6,1.1,-0.6610303736471246
35086,W01001421,683,29,4.2,1.152256739292668
35087,W01001422,659,26,3.9,0.9767773412662363
35088,W01001423,644,8,1.2,-0.6025372409716475
35089,W01001424,649,7,1.1,-0.6610303736471246
35090,W01001425,791,9,1.1,-0.6610303736471246
35091,W01001426,580,8,1.4,-0.48555097562069316
35092,W01001427,741,12,1.6,-0.3685647102697387
35093,W01001428,529,24,4.5,1.3277361373190995
35094,W01001429,529,12,2.3,0.0408872184586014
35095,W01001430,1015,16,1.6,-0.3685647102697387
35096,W01001431,655,7,1.1,-0.6610303736471246
35097,W01001432,1133,21,1.9,-0.19308531224330724
35098,W01001433,648,15,2.3,0.0408872184586014
35099,W01001434,547,7,1.3,-0.5440441082961702
35100,W01001435,619,11,1.8,-0.25157844491878434
35101,W01001436,664,16,2.4,0.09938035113407863
35102,W01001437,646,7,1.1,-0.6610303736471246
35103,W01001438,686,5,0.7,-0.8950029043490334
35104,W01001439,677,8,1.2,-0.6025372409716475
35105,W01001440,605,6,1.0,-0.7195235063226018
35106,W01001441,484,13,2.7,0.2748597491605103
35107,W01001442,474,10,2.1,-0.07609904689235279
35108,W01001443,624,15,2.4,0.09938035113407863
35109,W01001444,840,21,2.5,0.15787348380955585
35110,W01001445,607,8,1.3,-0.5440441082961702
35111,W01001446,511,7,1.4,-0.48555097562069316
35112,W01001447,614,29,4.7,1.4447224026700538
35113,W01001448,601,17,2.8,0.33335288183598727
35114,W01001449,700,13,1.9,-0.19308531224330724
35115,W01001450,531,8,1.5,-0.4270578429452159
35116,W01001451,645,10,1.6,-0.3685647102697387
35117,W01001452,634,10,1.6,-0.3685647102697387
35118,W01001453,633,26,4.1,1.0937636066171905
35119,W01001454,582,25,4.3,1.2107498719681449
35120,W01001455,768,24,3.1,0.508832279862419
35121,W01001456,557,16,2.9,0.3918460145114645
35122,W01001457,799,26,3.3,0.6258185452133732
35123,W01001458,720,13,1.8,-0.25157844491878434
35124,W01001459,479,21,4.4,1.2692430046436225
35125,W01001460,791,9,1.1,-0.6610303736471246
35126,W01001461,622,11,1.8,-0.25157844491878434
35127,W01001462,802,11,1.4,-0.48555097562069316
35128,W01001463,860,15,1.7,-0.31007157759426157
35129,W01001464,663,25,3.8,0.9182842085907591
35130,W01001465,696,29,4.2,1.152256739292668
35131,W01001466,734,15,2.0,-0.13459217956783004
35132,W01001467,801,25,3.1,0.508832279862419
35133,W01001468,605,15,2.5,0.15787348380955585
35134,W01001469,552,17,3.1,0.508832279862419
35135,W01001470,625,10,1.6,-0.3685647102697387
35136,W01001471,739,21,2.8,0.33335288183598727
35137,W01001472,600,4,0.7,-0.8950029043490334
35138,W01001473,571,11,1.9,-0.19308531224330724
35139,W01001474,632,11,1.7,-0.31007157759426157
35140,W01001475,486,10,2.1,-0.07609904689235279
35141,W01001478,646,13,2.0,-0.13459217956783004
35142,W01001479,676,21,3.1,0.508832279862419
35143,W01001480,646,14,2.2,-0.017605914216875566
35144,W01001481,827,8,1.0,-0.7195235063226018
35145,W01001482,515,11,2.1,-0.07609904689235279
35146,W01001483,585,27,4.6,1.3862292699945764
35147,W01001484,678,6,0.9,-0.778016638998079
35148,W01001485,555,12,2.2,-0.017605914216875566
35149,W01001486,644,14,2.2,-0.017605914216875566
35150,W01001487,715,12,1.7,-0.31007157759426157
35151,W01001488,649,22,3.4,0.6843116778888504
35152,W01001489,679,20,2.9,0.3918460145114645
35153,W01001490,651,21,3.2,0.5673254125378963
35154,W01001491,798,24,3.0,0.45033914718694174
35155,W01001492,991,18,1.8,-0.25157844491878434
35156,W01001493,880,17,1.9,-0.19308531224330724
35157,W01001494,665,14,2.1,-0.07609904689235279
35158,W01001495,824,13,1.6,-0.3685647102697387
35159,W01001496,645,26,4.0,1.0352704739417136
35160,W01001497,588,13,2.2,-0.017605914216875566
35161,W01001498,523,18,3.4,0.6843116778888504
35162,W01001499,511,10,2.0,-0.13459217956783004
35163,W01001500,497,5,1.0,-0.7195235063226018
35164,W01001501,512,20,3.9,0.9767773412662363
35165,W01001502,493,10,2.0,-0.13459217956783004
35166,W01001503,484,17,3.5,0.7428048105643277
35167,W01001504,997,26,2.6,0.21636661648503308
35168,W01001505,1100,15,1.4,-0.48555097562069316
35169,W01001506,782,17,2.2,-0.017605914216875566
35170,W01001507,879,12,1.4,-0.48555097562069316
35171,W01001508,516,6,1.2,-0.6025372409716475
35172,W01001509,605,4,0.7,-0.8950029043490334
35173,W01001510,740,17,2.3,0.0408872184586014
35174,W01001511,717,20,2.8,0.33335288183598727
35175,W01001512,607,4,0.7,-0.8950029043490334
35176,W01001513,628,7,1.1,-0.6610303736471246
35177,W01001514,491,3,0.6,-0.9534960370245105
35178,W01001515,637,17,2.7,0.2748597491605103
35179,W01001516,626,11,1.8,-0.25157844491878434
35180,W01001517,1021,9,0.9,-0.778016638998079
35181,W01001518,486,7,1.4,-0.48555097562069316
35182,W01001519,593,34,5.7,2.0296537294248256
35183,W01001520,1066,27,2.5,0.15787348380955585
35184,W01001521,614,13,2.1,-0.07609904689235279
35185,W01001522,749,17,2.3,0.0408872184586014
35186,W01001523,633,9,1.4,-0.48555097562069316
35187,W01001524,891,16,1.8,-0.25157844491878434
35188,W01001525,723,22,3.0,0.45033914718694174
35189,W01001526,596,14,2.3,0.0408872184586014
35190,W01001527,627,8,1.3,-0.5440441082961702
35191,W01001528,727,21,2.9,0.3918460145114645
35192,W01001529,951,16,1.7,-0.31007157759426157
35193,W01001530,670,40,6.0,2.205133127451257
35194,W01001531,720,15,2.1,-0.07609904689235279
35195,W01001532,751,25,3.3,0.6258185452133732
35196,W01001533,622,2,0.3,-1.128975435050942
35197,W01001534,627,19,3.0,0.45033914718694174
35198,W01001535,564,6,1.1,-0.6610303736471246
35199,W01001536,474,21,4.4,1.2692430046436225
35200,W01001537,512,7,1.4,-0.48555097562069316
35201,W01001538,591,22,3.7,0.8597910759152821
35202,W01001539,601,23,3.8,0.9182842085907591
35203,W01001540,558,10,1.8,-0.25157844491878434
35204,W01001541,468,9,1.9,-0.19308531224330724
35205,W01001542,886,2,0.2,-1.1874685677264192
35206,W01001543,713,6,0.8,-0.8365097716735561
35207,W01001545,671,11,1.6,-0.3685647102697387
35208,W01001546,690,16,2.3,0.0408872184586014
35209,W01001548,899,10,1.1,-0.6610303736471246
35210,W01001549,606,5,0.8,-0.8365097716735561
35211,W01001551,466,16,3.4,0.6843116778888504
35212,W01001552,634,1,0.2,-1.1874685677264192
35213,W01001554,764,7,0.9,-0.778016638998079
35214,W01001555,498,5,1.0,-0.7195235063226018
35215,W01001556,594,15,2.5,0.15787348380955585
35216,W01001557,946,13,1.4,-0.48555097562069316
35217,W01001558,738,12,1.6,-0.3685647102697387
35218,W01001559,561,12,2.1,-0.07609904689235279
35219,W01001560,544,2,0.4,-1.0704823023754648
35220,W01001561,692,4,0.6,-0.9534960370245105
35221,W01001562,599,16,2.7,0.2748597491605103
35222,W01001563,514,10,1.9,-0.19308531224330724
35223,W01001565,753,7,0.9,-0.778016638998079
35224,W01001568,729,8,1.1,-0.6610303736471246
35225,W01001569,601,6,1.0,-0.7195235063226018
35226,W01001571,641,5,0.8,-0.8365097716735561
35227,W01001572,709,4,0.6,-0.9534960370245105
35228,W01001573,570,5,0.9,-0.778016638998079
35229,W01001574,603,5,0.8,-0.8365097716735561
35230,W01001575,513,10,1.9,-0.19308531224330724
35231,W01001576,502,12,2.4,0.09938035113407863
35232,W01001577,621,16,2.6,0.21636661648503308
35233,W01001578,1086,13,1.2,-0.6025372409716475
35234,W01001579,847,14,1.7,-0.31007157759426157
35235,W01001580,833,16,1.9,-0.19308531224330724
35236,W01001581,857,3,0.4,-1.0704823023754648
35237,W01001582,743,13,1.7,-0.31007157759426157
35238,W01001583,664,5,0.8,-0.8365097716735561
35239,W01001584,789,12,1.5,-0.4270578429452159
35240,W01001585,539,0,0.0,-1.3044548330773735
35241,W01001586,1007,7,0.7,-0.8950029043490334
35242,W01001587,1052,22,2.1,-0.07609904689235279
35243,W01001588,742,3,0.4,-1.0704823023754648
35244,W01001589,660,19,2.9,0.3918460145114645
35245,W01001590,884,4,0.5,-1.0119891696999876
35246,W01001591,627,3,0.5,-1.0119891696999876
35247,W01001592,684,30,4.4,1.2692430046436225
35248,W01001593,755,11,1.5,-0.4270578429452159
35249,W01001594,564,9,1.6,-0.3685647102697387
35250,W01001595,543,4,0.7,-0.8950029043490334
35251,W01001596,488,3,0.6,-0.9534960370245105
35252,W01001597,681,4,0.6,-0.9534960370245105
35253,W01001598,713,22,3.1,0.508832279862419
35254,W01001599,1000,16,1.6,-0.3685647102697387
35255,W01001600,768,6,0.8,-0.8365097716735561
35256,W01001601,650,30,4.6,1.3862292699945764
35257,W01001602,685,12,1.8,-0.25157844491878434
35258,W01001603,608,23,3.8,0.9182842085907591
35259,W01001604,616,7,1.1,-0.6610303736471246
35260,W01001605,660,29,4.4,1.2692430046436225
35261,W01001606,519,6,1.2,-0.6025372409716475
35262,W01001607,501,49,9.8,4.42787216911939
35263,W01001608,638,14,2.2,-0.017605914216875566
35264,W01001609,710,34,4.8,1.5032155353455308
35265,W01001610,511,18,3.5,0.7428048105643277
35266,W01001611,521,24,4.6,1.3862292699945764
35267,W01001612,672,18,2.7,0.2748597491605103
35268,W01001613,596,24,4.0,1.0352704739417136
35269,W01001614,767,27,3.5,0.7428048105643277
35270,W01001615,610,18,3.0,0.45033914718694174
35271,W01001616,633,8,1.3,-0.5440441082961702
35272,W01001617,581,46,7.9,3.316502648285324
35273,W01001618,488,20,4.1,1.0937636066171905
35274,W01001619,581,23,4.0,1.0352704739417136
35275,W01001620,690,22,3.2,0.5673254125378963
35276,W01001621,598,20,3.3,0.6258185452133732
35277,W01001622,513,18,3.5,0.7428048105643277
35278,W01001623,646,7,1.1,-0.6610303736471246
35279,W01001624,505,5,1.0,-0.7195235063226018
35280,W01001625,566,9,1.6,-0.3685647102697387
35281,W01001626,605,11,1.8,-0.25157844491878434
35282,W01001627,684,6,0.9,-0.778016638998079
35283,W01001628,514,15,2.9,0.3918460145114645
35284,W01001629,622,9,1.4,-0.48555097562069316
35285,W01001630,818,19,2.3,0.0408872184586014
35286,W01001631,601,6,1.0,-0.7195235063226018
35287,W01001632,571,12,2.1,-0.07609904689235279
35288,W01001633,695,38,5.5,1.9126674640738712
35289,W01001634,629,29,4.6,1.3862292699945764
35290,W01001635,593,16,2.7,0.2748597491605103
35291,W01001636,736,7,1.0,-0.7195235063226018
35292,W01001637,903,7,0.8,-0.8365097716735561
35293,W01001638,472,3,0.6,-0.9534960370245105
35294,W01001639,858,5,0.6,-0.9534960370245105
35295,W01001640,485,7,1.4,-0.48555097562069316
35296,W01001641,539,3,0.6,-0.9534960370245105
35297,W01001642,790,30,3.8,0.9182842085907591
35298,W01001643,733,41,5.6,1.9711605967493482
35299,W01001645,511,17,3.3,0.6258185452133732
35300,W01001646,605,63,10.4,4.778830965172253
35301,W01001648,645,7,1.1,-0.6610303736471246
35302,W01001650,651,49,7.5,3.0825301175834148
35303,W01001651,619,6,1.0,-0.7195235063226018
35304,W01001652,720,25,3.5,0.7428048105643277
35305,W01001653,605,7,1.2,-0.6025372409716475
35306,W01001654,689,12,1.7,-0.31007157759426157
35307,W01001655,649,11,1.7,-0.31007157759426157
35308,W01001657,535,0,0.0,-1.3044548330773735
35309,W01001658,776,11,1.4,-0.48555097562069316
35310,W01001659,676,72,10.7,4.954310363198684
35311,W01001660,1010,37,3.7,0.8597910759152821
35312,W01001661,1109,89,8.0,3.3749957809608007
35313,W01001662,628,77,12.3,5.89020048600632
35314,W01001663,677,17,2.5,0.15787348380955585
35315,W01001664,549,10,1.8,-0.25157844491878434
35316,W01001665,744,14,1.9,-0.19308531224330724
35317,W01001666,596,17,2.9,0.3918460145114645
35318,W01001667,498,30,6.0,2.205133127451257
35319,W01001668,482,20,4.1,1.0937636066171905
35320,W01001669,528,2,0.4,-1.0704823023754648
35321,W01001670,859,4,0.5,-1.0119891696999876
35322,W01001671,1050,18,1.7,-0.31007157759426157
35323,W01001673,638,5,0.8,-0.8365097716735561
35324,W01001674,597,15,2.5,0.15787348380955585
35325,W01001675,660,22,3.3,0.6258185452133732
35326,W01001676,836,38,4.5,1.3277361373190995
35327,W01001677,646,17,2.6,0.21636661648503308
35328,W01001678,691,39,5.6,1.9711605967493482
35329,W01001679,449,8,1.8,-0.25157844491878434
35330,W01001680,509,26,5.1,1.6786949333719623
35331,W01001681,634,35,5.5,1.9126674640738712
35332,W01001682,580,9,1.6,-0.3685647102697387
35333,W01001683,464,15,3.2,0.5673254125378963
35334,W01001684,636,26,4.1,1.0937636066171905
35335,W01001685,857,27,3.2,0.5673254125378963
35336,W01001686,538,7,1.3,-0.5440441082961702
35337,W01001687,1087,53,4.9,1.5617086680210084
35338,W01001689,785,76,9.7,4.369379036443912
35339,W01001690,847,55,6.5,2.497598790828643
35340,W01001691,710,42,5.9,2.14663999477578
35341,W01001692,832,87,10.5,4.8373240978477305
35342,W01001693,949,122,12.9,6.241159282059183
35343,W01001694,885,73,8.2,3.491982046311755
35344,W01001695,746,82,11.0,5.129789761225116
35345,W01001696,669,48,7.2,2.9070507195569832
35346,W01001697,864,52,6.0,2.205133127451257
35347,W01001698,947,90,9.5,4.252392771092959
35348,W01001699,1031,132,12.8,6.182666149383706
35349,W01001702,737,30,4.1,1.0937636066171905
35350,W01001703,484,29,6.0,2.205133127451257
35351,W01001704,624,57,9.1,4.01842024039105
35352,W01001705,784,36,4.6,1.3862292699945764
35353,W01001706,589,30,5.1,1.6786949333719623
35354,W01001707,807,52,6.4,2.4391056581531663
35355,W01001708,732,33,4.5,1.3277361373190995
35356,W01001710,800,30,3.8,0.9182842085907591
35357,W01001711,871,71,8.2,3.491982046311755
35358,W01001712,710,18,2.5,0.15787348380955585
35359,W01001713,774,27,3.5,0.7428048105643277
35360,W01001714,607,7,1.2,-0.6025372409716475
35361,W01001715,794,12,1.5,-0.4270578429452159
35362,W01001716,543,5,0.9,-0.778016638998079
35363,W01001717,746,20,2.7,0.2748597491605103
35364,W01001718,621,26,4.2,1.152256739292668
35365,W01001719,566,8,1.4,-0.48555097562069316
35366,W01001720,648,29,4.5,1.3277361373190995
35367,W01001721,573,23,4.0,1.0352704739417136
35368,W01001722,528,23,4.4,1.2692430046436225
35369,W01001724,609,26,4.3,1.2107498719681449
35370,W01001725,519,39,7.5,3.0825301175834148
35371,W01001726,550,23,4.2,1.152256739292668
35372,W01001727,510,6,1.2,-0.6025372409716475
35373,W01001728,595,1,0.2,-1.1874685677264192
35374,W01001729,1169,11,0.9,-0.778016638998079
35375,W01001730,628,6,1.0,-0.7195235063226018
35376,W01001731,536,7,1.3,-0.5440441082961702
35377,W01001732,672,24,3.6,0.8012979432398049
35378,W01001733,564,13,2.3,0.0408872184586014
35379,W01001734,589,8,1.4,-0.48555097562069316
35380,W01001735,608,17,2.8,0.33335288183598727
35381,W01001736,595,13,2.2,-0.017605914216875566
35382,W01001737,631,52,8.2,3.491982046311755
35383,W01001738,517,60,11.6,5.4807485572779795
35384,W01001739,551,53,9.6,4.310885903768436
35385,W01001740,683,60,8.8,3.8429408423646185
35386,W01001741,610,79,13.0,6.29965241473466
35387,W01001742,644,57,8.9,3.9014339750400957
35388,W01001743,642,12,1.9,-0.19308531224330724
35389,W01001744,758,58,7.7,3.199516382934369
35390,W01001745,547,11,2.0,-0.13459217956783004
35391,W01001746,655,32,4.9,1.5617086680210084
35392,W01001747,829,23,2.8,0.33335288183598727
35393,W01001748,648,34,5.2,1.7371880660474397
35394,W01001749,672,22,3.3,0.6258185452133732
35395,W01001750,823,30,3.6,0.8012979432398049
35396,W01001751,820,53,6.5,2.497598790828643
35397,W01001752,660,10,1.5,-0.4270578429452159
35398,W01001753,636,38,6.0,2.205133127451257
35399,W01001754,793,15,1.9,-0.19308531224330724
35400,W01001755,637,12,1.9,-0.19308531224330724
35401,W01001756,623,42,6.7,2.6145850561795974
35402,W01001757,596,23,3.9,0.9767773412662363
35403,W01001758,655,27,4.1,1.0937636066171905
35404,W01001759,695,33,4.7,1.4447224026700538
35405,W01001760,677,40,5.9,2.14663999477578
35406,W01001761,684,44,6.4,2.4391056581531663
35407,W01001762,711,72,10.1,4.603351567145822
35408,W01001764,595,62,10.4,4.778830965172253
35409,W01001765,518,39,7.5,3.0825301175834148
35410,W01001766,697,49,7.0,2.790064454206029
35411,W01001767,741,56,7.6,3.141023250258892
35412,W01001768,521,69,13.2,6.4166386800856134
35413,W01001769,614,1,0.2,-1.1874685677264192
35414,W01001770,491,10,2.0,-0.13459217956783004
35415,W01001771,674,8,1.2,-0.6025372409716475
35416,W01001772,589,7,1.2,-0.6025372409716475
35417,W01001773,1045,19,1.8,-0.25157844491878434
35418,W01001774,531,9,1.7,-0.31007157759426157
35419,W01001775,707,13,1.8,-0.25157844491878434
35420,W01001776,518,5,1.0,-0.7195235063226018
35421,W01001777,709,4,0.6,-0.9534960370245105
35422,W01001778,686,2,0.3,-1.128975435050942
35423,W01001779,663,6,0.9,-0.778016638998079
35424,W01001780,607,3,0.5,-1.0119891696999876
35425,W01001781,825,10,1.2,-0.6025372409716475
35426,W01001782,587,5,0.9,-0.778016638998079
35427,W01001783,501,5,1.0,-0.7195235063226018
35428,W01001784,575,6,1.0,-0.7195235063226018
35429,W01001785,482,27,5.6,1.9711605967493482
35430,W01001786,625,25,4.0,1.0352704739417136
35431,W01001787,537,24,4.5,1.3277361373190995
35432,W01001788,629,37,5.9,2.14663999477578
35433,W01001789,727,8,1.1,-0.6610303736471246
35434,W01001790,485,16,3.3,0.6258185452133732
35435,W01001791,854,18,2.1,-0.07609904689235279
35436,W01001792,687,22,3.2,0.5673254125378963
35437,W01001793,569,8,1.4,-0.48555097562069316
35438,W01001794,612,2,0.3,-1.128975435050942
35439,W01001795,655,10,1.5,-0.4270578429452159
35440,W01001796,644,9,1.4,-0.48555097562069316
35441,W01001797,600,13,2.2,-0.017605914216875566
35442,W01001798,652,10,1.5,-0.4270578429452159
35443,W01001799,518,4,0.8,-0.8365097716735561
35444,W01001800,643,22,3.4,0.6843116778888504
35445,W01001802,743,24,3.2,0.5673254125378963
35446,W01001803,700,42,6.0,2.205133127451257
35447,W01001804,629,30,4.8,1.5032155353455308
35448,W01001805,671,24,3.6,0.8012979432398049
35449,W01001806,809,19,2.3,0.0408872184586014
35450,W01001807,618,45,7.3,2.96554385223246
35451,W01001808,637,45,7.1,2.848557586881506
35452,W01001809,533,11,2.1,-0.07609904689235279
35453,W01001810,633,39,6.2,2.3221193928022115
35454,W01001811,547,49,9.0,3.9599271077155724
35455,W01001812,480,25,5.2,1.7371880660474397
35456,W01001813,785,48,6.1,2.263626260126734
35457,W01001814,687,22,3.2,0.5673254125378963
35458,W01001815,542,12,2.2,-0.017605914216875566
35459,W01001816,1103,56,5.1,1.6786949333719623
35460,W01001817,584,11,1.9,-0.19308531224330724
35461,W01001818,625,30,4.8,1.5032155353455308
35462,W01001819,968,15,1.5,-0.4270578429452159
35463,W01001820,517,11,2.1,-0.07609904689235279
35464,W01001821,552,8,1.4,-0.48555097562069316
35465,W01001822,808,8,1.0,-0.7195235063226018
35466,W01001823,514,11,2.1,-0.07609904689235279
35467,W01001824,725,34,4.7,1.4447224026700538
35468,W01001825,869,24,2.8,0.33335288183598727
35469,W01001826,544,9,1.7,-0.31007157759426157
35470,W01001827,629,14,2.2,-0.017605914216875566
35471,W01001828,632,6,0.9,-0.778016638998079
35472,W01001829,718,52,7.2,2.9070507195569832
35473,W01001830,888,37,4.2,1.152256739292668
35474,W01001831,656,26,4.0,1.0352704739417136
35475,W01001832,806,53,6.6,2.55609192350412
35476,W01001833,698,40,5.7,2.0296537294248256
35477,W01001834,715,43,6.0,2.205133127451257
35478,W01001835,978,29,3.0,0.45033914718694174
35479,W01001836,526,27,5.1,1.6786949333719623
35480,W01001837,512,29,5.7,2.0296537294248256
35481,W01001838,624,27,4.3,1.2107498719681449
35482,W01001839,603,26,4.3,1.2107498719681449
35483,W01001840,883,37,4.2,1.152256739292668
35484,W01001841,747,12,1.6,-0.3685647102697387
35485,W01001842,731,7,1.0,-0.7195235063226018
35486,W01001844,852,18,2.1,-0.07609904689235279
35487,W01001846,652,9,1.4,-0.48555097562069316
35488,W01001847,640,6,0.9,-0.778016638998079
35489,W01001848,604,5,0.8,-0.8365097716735561
35490,W01001849,646,2,0.3,-1.128975435050942
35491,W01001850,787,4,0.5,-1.0119891696999876
35492,W01001851,709,12,1.7,-0.31007157759426157
35493,W01001852,738,4,0.5,-1.0119891696999876
35494,W01001853,754,2,0.3,-1.128975435050942
35495,W01001854,796,9,1.1,-0.6610303736471246
35496,W01001855,669,75,11.2,5.24677602657607
35497,W01001856,684,83,12.1,5.773214220655365
35498,W01001857,904,71,7.9,3.316502648285324
35499,W01001858,854,9,1.1,-0.6610303736471246
35500,W01001859,773,7,0.9,-0.778016638998079
35501,W01001860,777,16,2.1,-0.07609904689235279
35502,W01001861,748,17,2.3,0.0408872184586014
35503,W01001862,759,59,7.8,3.258009515609846
35504,W01001863,644,17,2.6,0.21636661648503308
35505,W01001864,633,18,2.8,0.33335288183598727
35506,W01001865,518,8,1.5,-0.4270578429452159
35507,W01001866,662,26,3.9,0.9767773412662363
35508,W01001867,544,41,7.5,3.0825301175834148
35509,W01001868,602,26,4.3,1.2107498719681449
35510,W01001869,621,20,3.2,0.5673254125378963
35511,W01001870,633,21,3.3,0.6258185452133732
35512,W01001871,687,48,7.0,2.790064454206029
35513,W01001872,696,32,4.6,1.3862292699945764
35514,W01001873,799,50,6.3,2.380612525477688
35515,W01001874,749,59,7.9,3.316502648285324
35516,W01001876,656,53,8.1,3.433488913636278
35517,W01001877,816,9,1.1,-0.6610303736471246
35518,W01001878,625,24,3.8,0.9182842085907591
35519,W01001879,796,51,6.4,2.4391056581531663
35520,W01001880,609,47,7.7,3.199516382934369
35521,W01001881,656,29,4.4,1.2692430046436225
35522,W01001882,758,11,1.5,-0.4270578429452159
35523,W01001883,698,44,6.3,2.380612525477688
35524,W01001884,521,49,9.4,4.193899638417482
35525,W01001885,1000,53,5.3,1.7956811987229166
35526,W01001886,528,41,7.8,3.258009515609846
35527,W01001887,616,5,0.8,-0.8365097716735561
35528,W01001888,689,17,2.5,0.15787348380955585
35529,W01001889,702,8,1.1,-0.6610303736471246
35530,W01001890,604,9,1.5,-0.4270578429452159
35531,W01001891,733,17,2.3,0.0408872184586014
35532,W01001892,601,5,0.8,-0.8365097716735561
35533,W01001893,799,14,1.8,-0.25157844491878434
35534,W01001894,645,8,1.2,-0.6025372409716475
35535,W01001895,840,21,2.5,0.15787348380955585
35536,W01001896,604,5,0.8,-0.8365097716735561
35537,W01001897,828,2,0.2,-1.1874685677264192
35538,W01001898,644,14,2.2,-0.017605914216875566
35539,W01001899,936,11,1.2,-0.6025372409716475
35540,W01001900,669,11,1.6,-0.3685647102697387
35541,W01001901,858,17,2.0,-0.13459217956783004
35542,W01001902,586,15,2.6,0.21636661648503308
35543,W01001903,967,10,1.0,-0.7195235063226018
35544,W01001904,742,7,0.9,-0.778016638998079
35545,W01001905,917,13,1.4,-0.48555097562069316
35546,W01001906,881,10,1.1,-0.6610303736471246
35547,W01001907,576,9,1.6,-0.3685647102697387
35548,W01001908,930,15,1.6,-0.3685647102697387
35549,W01001910,809,23,2.8,0.33335288183598727
35550,W01001911,507,9,1.8,-0.25157844491878434
35551,W01001912,668,6,0.9,-0.778016638998079
35552,W01001913,613,9,1.5,-0.4270578429452159
35553,W01001914,671,3,0.4,-1.0704823023754648
35554,W01001915,604,4,0.7,-0.8950029043490334
35555,W01001916,558,3,0.5,-1.0119891696999876
35556,W01001917,622,6,1.0,-0.7195235063226018
35557,W01001918,662,2,0.3,-1.128975435050942
35558,W01001919,554,6,1.1,-0.6610303736471246
35559,W01001920,457,4,0.9,-0.778016638998079
35560,W01001921,575,18,3.1,0.508832279862419
35561,W01001922,407,14,3.4,0.6843116778888504
35562,W01001923,821,4,0.5,-1.0119891696999876
35563,W01001924,595,18,3.0,0.45033914718694174
35564,W01001925,971,15,1.5,-0.4270578429452159
35565,W01001926,999,6,0.6,-0.9534960370245105
35566,W01001927,591,15,2.5,0.15787348380955585
35567,W01001928,639,15,2.3,0.0408872184586014
35568,W01001929,589,30,5.1,1.6786949333719623
35569,W01001930,902,20,2.2,-0.017605914216875566
35570,W01001931,692,35,5.1,1.6786949333719623
35571,W01001932,1130,22,1.9,-0.19308531224330724
35572,W01001933,969,7,0.7,-0.8950029043490334
35573,W01001935,489,5,1.0,-0.7195235063226018
35574,W01001936,417,3,0.7,-0.8950029043490334
35575,W01001937,919,5,0.5,-1.0119891696999876
35576,W01001940,668,17,2.5,0.15787348380955585
35577,W01001942,781,66,8.5,3.6674614443381865
35578,W01001943,647,23,3.6,0.8012979432398049
35579,W01001944,628,22,3.5,0.7428048105643277
35580,W01001946,666,39,5.9,2.14663999477578
35581,W01001947,950,38,4.0,1.0352704739417136
35582,W01001948,891,8,0.9,-0.778016638998079
35583,W01001949,682,9,1.3,-0.5440441082961702
35584,W01001950,597,30,5.0,1.6202018006964853
35585,W01001951,501,15,3.0,0.45033914718694174
35586,W01001952,643,39,6.1,2.263626260126734
35587,W01001953,633,12,1.9,-0.19308531224330724
35588,W01001954,641,7,1.1,-0.6610303736471246
35589,W01001955,1251,25,2.0,-0.13459217956783004
35590,W01001956,815,9,1.1,-0.6610303736471246
35591,W01001958,795,10,1.3,-0.5440441082961702
35592,W01001959,612,9,1.5,-0.4270578429452159
35593,W01001960,687,13,1.9,-0.19308531224330724
35594,W01001961,1013,34,3.4,0.6843116778888504
35595,W01001962,1181,12,1.0,-0.7195235063226018
35596,W01001963,971,36,3.7,0.8597910759152821
35597,W01001964,1068,29,2.7,0.2748597491605103
35598,W01001965,700,17,2.4,0.09938035113407863
35599,W01001966,649,7,1.1,-0.6610303736471246
35600,W01001967,635,5,0.8,-0.8365097716735561
35601,W01001968,600,7,1.2,-0.6025372409716475
35602,W01001969,929,42,4.5,1.3277361373190995
35603,W01001970,923,7,0.8,-0.8365097716735561
35604,W01001971,456,12,2.6,0.21636661648503308
35605,W01001972,511,4,0.8,-0.8365097716735561
35606,W01001973,1062,20,1.9,-0.19308531224330724
35607,W01001974,634,25,3.9,0.9767773412662363
35608,W01001975,625,10,1.6,-0.3685647102697387
35609,W01001976,695,6,0.9,-0.778016638998079
35610,W01001977,606,8,1.3,-0.5440441082961702
35611,W01001978,687,6,0.9,-0.778016638998079
35612,W01001979,809,5,0.6,-0.9534960370245105
35613,W01001980,925,4,0.4,-1.0704823023754648
35614,W01001981,507,5,1.0,-0.7195235063226018
35615,W01001982,545,4,0.7,-0.8950029043490334
35616,W01001983,583,8,1.4,-0.48555097562069316
35617,W01001984,489,15,3.1,0.508832279862419
35618,W01001985,918,4,0.4,-1.0704823023754648
35619,W01001986,1130,7,0.6,-0.9534960370245105
35620,W01001987,602,9,1.5,-0.4270578429452159
35621,W01001988,592,6,1.0,-0.7195235063226018
35622,W01001989,586,9,1.5,-0.4270578429452159
35623,W01001990,918,18,2.0,-0.13459217956783004
35624,W01001991,650,15,2.3,0.0408872184586014
35625,W01001992,659,14,2.1,-0.07609904689235279
35626,W01001993,588,8,1.4,-0.48555097562069316
35627,W01001994,626,11,1.8,-0.25157844491878434
35628,W01001995,633,34,5.4,1.8541743313983943
35629,W01001996,819,29,3.5,0.7428048105643277
35630,W01001997,1102,21,1.9,-0.19308531224330724
35631,W01001998,963,37,3.8,0.9182842085907591
35632,W01001999,1101,9,0.8,-0.8365097716735561
35633,W01002000,528,12,2.3,0.0408872184586014
35634,W01002001,422,8,1.9,-0.19308531224330724
35635,W01002002,1980,16,0.8,-0.8365097716735561
35636,W01002003,1155,13,1.1,-0.6610303736471246
35637,W01002004,1015,15,1.5,-0.4270578429452159
35638,W01002005,1030,7,0.7,-0.8950029043490334
35639,W01002007,990,18,1.8,-0.25157844491878434
35640,W01002008,969,10,1.0,-0.7195235063226018
35641,W01002009,620,10,1.6,-0.3685647102697387
35642,W01002010,603,17,2.8,0.33335288183598727
35643,W01002011,711,10,1.4,-0.48555097562069316
35644,W01002012,613,16,2.6,0.21636661648503308
35645,W01002013,1157,22,1.9,-0.19308531224330724
35646,W01002014,1079,22,2.0,-0.13459217956783004
35647,W01002016,536,5,0.9,-0.778016638998079
35648,W01002017,598,14,2.3,0.0408872184586014
35649,W01002018,566,6,1.1,-0.6610303736471246
35650,W01002019,1154,49,4.2,1.152256739292668
35651,W01002020,624,28,4.5,1.3277361373190995
35652,W01002021,652,31,4.8,1.5032155353455308
35653,W01002022,555,10,1.8,-0.25157844491878434
35654,W01002023,684,25,3.7,0.8597910759152821
35655,W01002024,701,18,2.6,0.21636661648503308
35656,W01002025,624,17,2.7,0.2748597491605103
35657,W01002026,754,4,0.5,-1.0119891696999876
35658,W01002027,736,8,1.1,-0.6610303736471246
35659,W01002028,777,14,1.8,-0.25157844491878434
35660,W01002029,610,2,0.3,-1.128975435050942
35661,W01002030,593,23,3.9,0.9767773412662363
35662,W01002031,705,28,4.0,1.0352704739417136
35663,W01002032,572,18,3.1,0.508832279862419
35664,W01002033,651,15,2.3,0.0408872184586014
35665,W01002034,741,5,0.7,-0.8950029043490334
35666,W01002035,605,18,3.0,0.45033914718694174
35667,W01002036,772,12,1.6,-0.3685647102697387
35668,W01002037,565,7,1.2,-0.6025372409716475
35669,W01002038,579,17,2.9,0.3918460145114645
35670,W01002039,669,4,0.6,-0.9534960370245105
35671,W01002040,898,8,0.9,-0.778016638998079
