,lsoa21cd,total_pop,over65_count,over65_perc
33755,W01000003,2442,543,22.2
33756,W01000004,1254,419,33.4
33757,W01000018,1177,396,33.6
33758,W01000028,1985,426,21.5
33759,W01000031,1551,431,27.8
33760,W01000010,1809,700,38.7
33761,W01000021,2311,678,29.3
33762,W01002005,2244,764,34.0
33763,W01000016,1193,180,15.1
33764,W01000017,1682,280,16.6
33765,W01000029,1610,259,16.1
33766,W01000030,2326,460,19.8
33767,W01000033,1555,338,21.7
33768,W01000036,1103,155,14.1
33769,W01000037,1158,273,23.6
33770,W01000022,1605,426,26.5
33771,W01000034,1448,331,22.9
33772,W01000040,1053,391,37.1
33773,W01000044,1085,380,35.0
33774,W01002007,2210,692,31.3
33775,W01000005,1615,593,36.7
33776,W01000013,2180,635,29.1
33777,W01000019,1337,596,44.6
33778,W01000026,1244,437,35.1
33779,W01000035,1787,517,28.9
33780,W01000006,1540,407,26.4
33781,W01000012,1697,474,27.9
33782,W01000014,2208,424,19.2
33783,W01000041,1594,227,14.2
33784,W01000009,1872,451,24.1
33785,W01000023,1571,335,21.3
33786,W01000024,1359,135,9.9
33787,W01002008,2098,650,31.0
33788,W01000008,1449,446,30.8
33789,W01000011,1005,323,32.1
33790,W01000015,1457,509,34.9
33791,W01000042,2042,424,20.8
33792,W01000007,1771,554,31.3
33793,W01000025,2166,446,20.6
33794,W01000027,1860,472,25.4
33795,W01000038,2236,633,28.3
33796,W01000062,1988,106,5.3
33797,W01000076,1295,168,13.0
33798,W01000077,1180,153,13.0
33799,W01000091,1106,137,12.4
33800,W01000092,3048,184,6.0
33801,W01000064,2002,267,13.3
33802,W01000072,1676,334,19.9
33803,W01000075,1406,181,12.9
33804,W01000090,1365,184,13.5
33805,W01000102,1931,364,18.9
33806,W01000050,1437,344,23.9
33807,W01000071,2239,358,16.0
33808,W01000096,1266,244,19.3
33809,W01000097,1142,195,17.1
33810,W01000115,2121,422,19.9
33811,W01000052,1090,260,23.9
33812,W01000053,1178,237,20.1
33813,W01000087,1828,403,22.0
33814,W01000119,2327,481,20.7
33815,W01000063,1899,332,17.5
33816,W01000081,2008,402,20.0
33817,W01000099,1670,361,21.6
33818,W01000103,1168,249,21.3
33819,W01000059,2117,424,20.0
33820,W01000093,2257,666,29.5
33821,W01000098,2549,265,10.4
33822,W01000110,1599,315,19.7
33823,W01000054,1004,270,26.9
33824,W01000088,2082,431,20.7
33825,W01000111,1562,397,25.4
33826,W01000118,1712,379,22.1
33827,W01000073,1665,435,26.1
33828,W01000086,2176,484,22.2
33829,W01000104,1787,421,23.6
33830,W01000112,1939,391,20.2
33831,W01000056,1778,320,18.0
33832,W01000065,1029,252,24.5
33833,W01000113,1855,424,22.9
33834,W01000114,1417,362,25.5
33835,W01000066,1171,391,33.4
33836,W01000100,1056,279,26.4
33837,W01000105,1728,387,22.4
33838,W01000106,1507,665,44.1
33839,W01000107,1193,333,27.9
33840,W01000047,1268,350,27.6
33841,W01000061,1737,651,37.5
33842,W01000078,1556,374,24.0
33843,W01000089,1920,494,25.7
33844,W01000070,1300,333,25.6
33845,W01000094,1220,331,27.1
33846,W01000095,1290,347,26.9
33847,W01000108,2088,477,22.8
33848,W01000109,1860,434,23.3
33849,W01000074,1806,619,34.3
33850,W01000101,1368,303,22.1
33851,W01002003,2383,899,37.7
33852,W01000080,1457,483,33.2
33853,W01000084,1067,311,29.1
33854,W01001932,2759,726,26.3
33855,W01000051,1990,464,23.3
33856,W01000060,1256,326,26.0
33857,W01000082,1086,278,25.6
33858,W01000083,1346,288,21.4
33859,W01000057,1381,450,32.6
33860,W01000067,1181,316,26.8
33861,W01000068,1420,362,25.5
33862,W01002004,2142,555,25.9
33863,W01000085,1924,697,36.2
33864,W01000116,1667,701,42.1
33865,W01000117,1463,416,28.4
33866,W01001933,1902,635,33.4
33867,W01000132,1543,429,27.8
33868,W01000146,2033,542,26.7
33869,W01000147,1491,623,41.8
33870,W01000169,1765,491,27.8
33871,W01000186,1587,399,25.1
33872,W01000133,1780,807,45.3
33873,W01000168,1828,382,20.9
33874,W01000187,1515,204,13.5
33875,W01000188,1589,486,30.6
33876,W01000154,1413,500,35.4
33877,W01000173,1466,315,21.5
33878,W01000174,1612,494,30.6
33879,W01000175,1517,730,48.1
33880,W01000155,1412,540,38.2
33881,W01000156,1486,664,44.7
33882,W01000157,1425,318,22.3
33883,W01000158,1560,665,42.6
33884,W01000149,1490,520,34.9
33885,W01000150,1478,425,28.8
33886,W01000151,1524,280,18.4
33887,W01000152,1417,363,25.6
33888,W01000184,2268,704,31.0
33889,W01000135,1993,895,44.9
33890,W01000136,1769,561,31.7
33891,W01000165,1859,648,34.9
33892,W01000166,2769,502,18.1
33893,W01000139,1627,361,22.2
33894,W01000143,1575,239,15.2
33895,W01000144,1674,212,12.7
33896,W01000182,2076,690,33.2
33897,W01000138,1942,487,25.1
33898,W01000145,1298,265,20.4
33899,W01000180,1498,391,26.1
33900,W01000181,1462,243,16.6
33901,W01000183,1471,474,32.2
33902,W01000126,1683,339,20.1
33903,W01000127,1374,289,21.0
33904,W01000128,1502,369,24.6
33905,W01000153,1602,506,31.6
33906,W01000163,1386,191,13.8
33907,W01000164,1351,208,15.4
33908,W01000140,1772,375,21.2
33909,W01000141,1536,755,49.2
33910,W01000142,1516,613,40.4
33911,W01000178,2021,439,21.7
33912,W01000179,2009,723,36.0
33913,W01001927,1348,426,31.6
33914,W01001928,1086,376,34.6
33915,W01000167,2003,382,19.1
33916,W01000176,1626,245,15.1
33917,W01000177,1440,289,20.1
33918,W01001926,2130,627,29.4
33919,W01000124,1944,606,31.2
33920,W01000129,1180,274,23.2
33921,W01000130,1413,464,32.8
33922,W01000131,1680,346,20.6
33923,W01000123,1755,402,22.9
33924,W01000125,1537,404,26.3
33925,W01000170,1794,460,25.6
33926,W01000171,1492,409,27.4
33927,W01000172,1266,225,17.8
33928,W01000122,1954,520,26.6
33929,W01000159,1428,380,26.6
33930,W01000162,1821,424,23.3
33931,W01000190,1399,365,26.1
33932,W01000121,1147,295,25.7
33933,W01000134,2047,563,27.5
33934,W01000137,1537,396,25.8
33935,W01000148,1086,218,20.1
33936,W01000185,1237,285,23.0
33937,W01000189,1468,345,23.5
33938,W01000218,1585,470,29.7
33939,W01000219,2638,599,22.7
33940,W01000220,1643,755,46.0
33941,W01000213,1326,298,22.5
33942,W01000214,1158,293,25.3
33943,W01000215,1465,493,33.7
33944,W01000216,1296,277,21.4
33945,W01000212,2166,642,29.6
33946,W01000221,1342,386,28.8
33947,W01000222,1789,611,34.2
33948,W01000226,1542,477,30.9
33949,W01000227,1483,521,35.1
33950,W01000228,1627,620,38.1
33951,W01000239,1722,261,15.2
33952,W01000240,1669,211,12.6
33953,W01000241,1525,173,11.3
33954,W01000236,1996,245,12.3
33955,W01000237,1776,230,13.0
33956,W01000238,1799,279,15.5
33957,W01000200,1283,293,22.8
33958,W01000201,1717,324,18.9
33959,W01000217,2000,483,24.2
33960,W01000248,1655,437,26.4
33961,W01000191,2093,426,20.4
33962,W01000223,1290,372,28.8
33963,W01000224,1572,388,24.7
33964,W01000225,1426,391,27.4
33965,W01000245,1843,504,27.3
33966,W01000246,1641,410,25.0
33967,W01000247,1818,600,33.0
33968,W01000194,1916,377,19.7
33969,W01000198,1386,256,18.5
33970,W01000199,1702,337,19.8
33971,W01000195,1440,441,30.6
33972,W01000196,1404,240,17.1
33973,W01000197,1676,393,23.4
33974,W01000211,1797,511,28.4
33975,W01000203,2431,683,28.1
33976,W01000204,1461,439,30.0
33977,W01000206,2239,503,22.5
33978,W01000242,1978,442,22.3
33979,W01000243,2116,455,21.5
33980,W01000244,1604,514,32.0
33981,W01000193,1245,266,21.4
33982,W01000202,1633,375,23.0
33983,W01000207,2307,584,25.3
33984,W01000192,999,301,30.1
33985,W01000205,1212,328,27.1
33986,W01000208,1283,381,29.7
33987,W01000209,1411,358,25.4
33988,W01000210,1336,433,32.4
33989,W01000229,1534,550,35.9
33990,W01000230,1921,553,28.8
33991,W01000231,1334,281,21.1
33992,W01000232,1640,436,26.6
33993,W01000233,1304,354,27.1
33994,W01000234,2296,231,10.1
33995,W01000235,1335,269,20.1
33996,W01000287,1881,503,26.7
33997,W01000298,1479,417,28.2
33998,W01000338,1769,450,25.4
33999,W01000306,2441,486,19.9
34000,W01000320,1892,368,19.5
34001,W01000340,2244,580,25.8
34002,W01000253,1852,389,21.0
34003,W01000254,2119,420,19.8
34004,W01000296,1549,312,20.1
34005,W01000297,1228,146,11.9
34006,W01000304,2080,379,18.2
34007,W01000305,1921,384,20.0
34008,W01000288,2175,406,18.7
34009,W01000290,1271,388,30.5
34010,W01000292,1477,206,13.9
34011,W01000293,2707,266,9.8
34012,W01000289,1330,226,17.0
34013,W01000291,1319,263,19.9
34014,W01000294,1888,463,24.5
34015,W01000295,1564,393,25.1
34016,W01000258,2106,590,28.0
34017,W01000270,1246,325,26.1
34018,W01000271,1247,355,28.5
34019,W01000272,1793,563,31.4
34020,W01000301,1719,455,26.5
34021,W01000273,1539,326,21.2
34022,W01000274,1918,312,16.3
34023,W01000275,1186,249,21.0
34024,W01000278,1481,190,12.8
34025,W01000276,1212,120,9.9
34026,W01000277,1369,193,14.1
34027,W01000279,1180,375,31.8
34028,W01000281,1178,305,25.9
34029,W01000283,2340,412,17.6
34030,W01000332,1823,291,16.0
34031,W01000333,1519,176,11.6
34032,W01000334,1744,339,19.4
34033,W01000335,1173,268,22.8
34034,W01000336,1434,183,12.8
34035,W01000337,2147,403,18.8
34036,W01000252,1626,578,35.5
34037,W01000280,1740,346,19.9
34038,W01000282,1638,126,7.7
34039,W01000325,1825,424,23.2
34040,W01000311,1674,367,21.9
34041,W01000312,1614,347,21.5
34042,W01000328,1908,355,18.6
34043,W01000264,1713,264,15.4
34044,W01000265,1484,409,27.6
34045,W01000323,1561,433,27.7
34046,W01000324,1500,377,25.1
34047,W01000251,1541,297,19.3
34048,W01000268,1654,376,22.7
34049,W01000284,1725,327,19.0
34050,W01000285,1597,493,30.9
34051,W01000286,2179,310,14.2
34052,W01000302,1928,586,30.4
34053,W01000249,1188,313,26.3
34054,W01000250,1426,416,29.2
34055,W01000261,1413,396,28.0
34056,W01000321,1634,431,26.4
34057,W01000322,1386,420,30.3
34058,W01000255,2272,446,19.6
34059,W01000256,1547,214,13.8
34060,W01000257,2717,529,19.5
34061,W01000329,1622,192,11.8
34062,W01000330,2071,280,13.5
34063,W01000331,1445,284,19.7
34064,W01000313,1604,305,19.0
34065,W01000314,1123,311,27.7
34066,W01000315,1960,501,25.6
34067,W01000316,1226,367,29.9
34068,W01000317,1604,354,22.1
34069,W01000318,1195,216,18.1
34070,W01000319,1435,326,22.7
34071,W01000259,1672,406,24.3
34072,W01000260,1721,425,24.7
34073,W01000262,1419,191,13.5
34074,W01000263,1342,248,18.5
34075,W01000266,1664,312,18.8
34076,W01000267,2043,398,19.5
34077,W01000303,1731,421,24.3
34078,W01000326,2232,399,17.9
34079,W01000327,2475,477,19.3
34080,W01000299,1888,628,33.3
34081,W01000300,1629,485,29.8
34082,W01000309,2124,400,18.8
34083,W01000339,1687,384,22.8
34084,W01000269,1563,410,26.2
34085,W01000307,1424,330,23.2
34086,W01000308,1182,260,22.0
34087,W01000310,1878,449,23.9
34088,W01000374,1365,318,23.3
34089,W01000375,2114,225,10.6
34090,W01000376,1341,330,24.6
34091,W01000391,1438,383,26.6
34092,W01000392,1616,215,13.3
34093,W01000377,1548,287,18.5
34094,W01000378,1310,157,12.0
34095,W01000379,1622,302,18.6
34096,W01000380,1474,343,23.3
34097,W01000351,2066,364,17.6
34098,W01000373,1746,248,14.2
34099,W01000400,1827,309,16.9
34100,W01000401,2029,287,14.1
34101,W01000347,2819,320,11.4
34102,W01000348,1444,217,15.0
34103,W01000362,1507,232,15.4
34104,W01000363,1475,397,26.9
34105,W01000364,1450,374,25.8
34106,W01000368,1976,600,30.4
34107,W01000371,1056,182,17.2
34108,W01000372,1528,321,21.0
34109,W01000387,1118,352,31.5
34110,W01000388,1105,252,22.8
34111,W01000422,2141,590,27.6
34112,W01000413,1336,98,7.3
34113,W01000414,1218,149,12.2
34114,W01000425,2044,232,11.4
34115,W01001969,2265,409,18.1
34116,W01000349,2288,288,12.6
34117,W01000350,1822,173,9.5
34118,W01000365,2027,580,28.6
34119,W01000402,2541,345,13.6
34120,W01000381,1105,289,26.2
34121,W01000382,1395,179,12.8
34122,W01000423,2211,201,9.1
34123,W01000424,1284,257,20.0
34124,W01001929,1191,139,11.7
34125,W01001931,1420,203,14.3
34126,W01000398,1207,315,26.1
34127,W01000399,1085,267,24.6
34128,W01000406,2188,344,15.7
34129,W01000408,1223,238,19.5
34130,W01000366,1475,267,18.1
34131,W01000367,1281,217,16.9
34132,W01000385,1738,477,27.4
34133,W01000410,1699,375,22.1
34134,W01000386,1427,250,17.5
34135,W01000405,2287,434,19.0
34136,W01000411,1526,295,19.3
34137,W01000412,1484,288,19.4
34138,W01000394,1158,263,22.7
34139,W01000395,1040,251,24.1
34140,W01000407,1383,320,23.1
34141,W01000419,1434,218,15.2
34142,W01000420,1530,284,18.6
34143,W01000354,1647,420,25.5
34144,W01000355,1754,337,19.2
34145,W01000356,1607,296,18.4
34146,W01000389,1995,424,21.3
34147,W01000409,1890,256,13.5
34148,W01000345,1595,519,32.5
34149,W01000346,1477,418,28.3
34150,W01000403,1316,350,26.6
34151,W01000404,2005,431,21.5
34152,W01000359,1196,265,22.2
34153,W01000360,1227,252,20.5
34154,W01000361,1973,494,25.0
34155,W01001930,2064,557,27.0
34156,W01000369,1259,438,34.8
34157,W01000370,1532,466,30.4
34158,W01000390,1733,463,26.7
34159,W01001970,2153,609,28.3
34160,W01000384,1087,353,32.5
34161,W01000417,1534,426,27.8
34162,W01000418,1755,405,23.1
34163,W01001971,2664,248,9.3
34164,W01001972,1308,141,10.8
34165,W01000341,1549,278,17.9
34166,W01000342,1532,280,18.3
34167,W01000343,1027,361,35.2
34168,W01000344,1240,481,38.8
34169,W01000393,1937,461,23.8
34170,W01000415,1424,419,29.4
34171,W01000416,1175,277,23.6
34172,W01000523,1864,447,24.0
34173,W01000548,1769,487,27.5
34174,W01000549,1770,388,21.9
34175,W01001937,1956,543,27.8
34176,W01000512,1353,240,17.7
34177,W01000513,2108,145,6.9
34178,W01000517,1170,135,11.5
34179,W01002000,2920,272,9.3
34180,W01002001,1416,116,8.2
34181,W01000515,1318,220,16.7
34182,W01000516,1644,269,16.4
34183,W01000518,1008,261,25.9
34184,W01001935,1036,149,14.4
34185,W01001936,1449,246,17.0
34186,W01000506,1268,478,37.7
34187,W01000524,1918,541,28.2
34188,W01000538,1544,463,30.0
34189,W01000539,1186,364,30.7
34190,W01000540,1156,370,32.0
34191,W01000545,1981,656,33.1
34192,W01002002,4345,1380,31.8
34193,W01000527,1152,190,16.5
34194,W01000528,1350,354,26.2
34195,W01000535,2036,606,29.8
34196,W01000537,1388,430,31.0
34197,W01000541,1743,517,29.7
34198,W01000507,1140,415,36.4
34199,W01000508,1044,308,29.5
34200,W01000509,1865,648,34.7
34201,W01000510,1182,299,25.3
34202,W01000511,1174,173,14.7
34203,W01000546,1138,401,35.2
34204,W01000547,1137,386,33.9
34205,W01000519,1766,551,31.2
34206,W01000522,1199,397,33.1
34207,W01000531,1764,593,33.6
34208,W01000533,1341,357,26.6
34209,W01000551,1384,403,29.1
34210,W01000525,1228,425,34.6
34211,W01000534,1515,410,27.1
34212,W01000536,1367,400,29.3
34213,W01000542,2204,584,26.5
34214,W01000543,2011,507,25.2
34215,W01000550,1154,352,30.5
34216,W01000552,2008,513,25.5
34217,W01000558,2120,566,26.7
34218,W01000559,1452,406,28.0
34219,W01000560,1296,353,27.2
34220,W01000561,1292,344,26.6
34221,W01000613,2058,674,32.8
34222,W01000562,1609,503,31.3
34223,W01000565,1833,641,35.0
34224,W01000566,1589,447,28.1
34225,W01000567,2022,492,24.3
34226,W01000597,1058,421,39.8
34227,W01000617,1519,404,26.6
34228,W01000579,2375,659,27.7
34229,W01000581,1401,455,32.5
34230,W01000612,1749,596,34.1
34231,W01000618,1712,449,26.2
34232,W01000582,1673,481,28.8
34233,W01000583,1425,331,23.2
34234,W01000611,2105,575,27.3
34235,W01000623,2015,549,27.2
34236,W01000569,1104,184,16.7
34237,W01000570,1466,98,6.7
34238,W01000572,1833,422,23.0
34239,W01002009,1194,258,21.6
34240,W01002010,1110,153,13.8
34241,W01000571,2430,596,24.5
34242,W01000573,2554,547,21.4
34243,W01000586,2219,465,21.0
34244,W01000577,1548,454,29.3
34245,W01000585,1354,387,28.6
34246,W01000595,2368,612,25.8
34247,W01000596,1710,484,28.3
34248,W01000555,1519,484,31.9
34249,W01000556,1181,361,30.6
34250,W01000575,2779,696,25.0
34251,W01000614,1390,425,30.6
34252,W01000622,1411,437,31.0
34253,W01000554,1859,532,28.6
34254,W01000580,2311,591,25.6
34255,W01000598,2173,580,26.7
34256,W01000599,1992,490,24.6
34257,W01000587,2004,535,26.7
34258,W01000588,2336,411,17.6
34259,W01002011,1573,395,25.1
34260,W01002012,1436,308,21.4
34261,W01000553,1227,368,30.0
34262,W01000563,1126,328,29.1
34263,W01000564,1302,402,30.9
34264,W01000576,2299,708,30.8
34265,W01002013,2351,899,38.2
34266,W01000589,1148,214,18.6
34267,W01000590,1139,374,32.8
34268,W01000591,1639,285,17.4
34269,W01000592,1329,186,14.0
34270,W01000594,2191,432,19.7
34271,W01000600,1598,351,22.0
34272,W01000601,1527,243,15.9
34273,W01000602,1216,360,29.6
34274,W01000603,1804,364,20.2
34275,W01000604,1714,328,19.1
34276,W01000605,1800,345,19.2
34277,W01000557,1534,367,23.9
34278,W01000578,1723,553,32.1
34279,W01000584,2061,574,27.9
34280,W01000609,2405,948,39.4
34281,W01000574,1723,507,29.4
34282,W01000606,1689,253,15.0
34283,W01000607,2450,478,19.5
34284,W01000608,1418,380,26.8
34285,W01000610,1694,613,36.2
34286,W01000619,1997,634,31.7
34287,W01002014,2095,600,28.6
34288,W01000685,1557,369,23.7
34289,W01000686,1226,368,30.0
34290,W01000701,1607,475,29.6
34291,W01000702,1180,302,25.6
34292,W01000647,1419,419,29.5
34293,W01000650,1565,504,32.2
34294,W01000678,1362,461,33.8
34295,W01000679,1232,286,23.2
34296,W01000646,2124,662,31.2
34297,W01000688,1688,447,26.5
34298,W01000689,1730,555,32.1
34299,W01000728,2056,605,29.4
34300,W01000676,1510,459,30.4
34301,W01000677,1450,360,24.8
34302,W01000687,1940,550,28.4
34303,W01000709,2187,629,28.8
34304,W01000624,2330,599,25.7
34305,W01000682,1397,399,28.6
34306,W01000683,1050,315,30.0
34307,W01000684,1750,525,30.0
34308,W01000643,1671,271,16.2
34309,W01000644,1879,229,12.2
34310,W01000645,1968,296,15.0
34311,W01000648,1420,392,27.6
34312,W01000649,1527,472,30.9
34313,W01000637,1389,279,20.1
34314,W01000638,1151,149,12.9
34315,W01000639,1523,279,18.3
34316,W01000640,1230,355,28.9
34317,W01000641,2062,457,22.2
34318,W01000642,1761,552,31.3
34319,W01000693,1129,356,31.5
34320,W01000694,1497,491,32.8
34321,W01000656,2049,458,22.4
34322,W01000657,1157,274,23.7
34323,W01000658,1349,286,21.2
34324,W01000718,1404,313,22.3
34325,W01000719,1454,348,23.9
34326,W01000680,2303,627,27.2
34327,W01000681,2087,488,23.4
34328,W01000724,1957,507,25.9
34329,W01000725,2305,714,31.0
34330,W01000675,2071,617,29.8
34331,W01000695,2239,429,19.2
34332,W01000696,1649,415,25.2
34333,W01000722,1351,501,37.1
34334,W01000723,1364,458,33.6
34335,W01000625,1128,242,21.5
34336,W01000626,1618,340,21.0
34337,W01000627,2399,557,23.2
34338,W01000714,1416,308,21.8
34339,W01000715,1278,384,30.0
34340,W01000697,1924,443,23.0
34341,W01000698,1964,419,21.3
34342,W01000699,1477,356,24.1
34343,W01000712,1689,343,20.3
34344,W01000713,1364,307,22.5
34345,W01000662,2162,480,22.2
34346,W01000663,2477,655,26.4
34347,W01000664,2605,510,19.6
34348,W01000716,1399,356,25.4
34349,W01000717,1462,314,21.5
34350,W01000665,1812,416,23.0
34351,W01000666,1665,292,17.5
34352,W01000731,2409,560,23.2
34353,W01000670,1560,382,24.5
34354,W01000671,2131,572,26.8
34355,W01000729,1239,283,22.8
34356,W01000730,1263,304,24.1
34357,W01000690,1781,454,25.5
34358,W01000691,1854,444,23.9
34359,W01000692,1541,274,17.8
34360,W01001999,2471,808,32.7
34361,W01000651,1498,322,21.5
34362,W01000652,1784,415,23.3
34363,W01000655,1916,383,20.0
34364,W01000632,1333,322,24.2
34365,W01000633,1409,384,27.3
34366,W01000634,1296,495,38.2
34367,W01000710,2154,619,28.7
34368,W01000711,2024,515,25.4
34369,W01000703,1773,315,17.8
34370,W01000704,1650,456,27.6
34371,W01000705,1918,347,18.1
34372,W01000653,1463,421,28.8
34373,W01000654,1664,320,19.2
34374,W01000667,2118,385,18.2
34375,W01001925,2188,635,29.0
34376,W01000628,1536,384,25.0
34377,W01000629,1632,285,17.5
34378,W01000630,1590,272,17.1
34379,W01000631,1828,322,17.6
34380,W01000635,2402,432,18.0
34381,W01000636,2374,383,16.1
34382,W01000706,1561,319,20.4
34383,W01000707,1453,236,16.2
34384,W01000708,1374,245,17.8
34385,W01000659,1790,286,16.0
34386,W01000660,1482,344,23.2
34387,W01000732,1299,280,21.6
34388,W01000733,1199,219,18.3
34389,W01000734,1400,172,12.3
34390,W01001923,1762,276,15.7
34391,W01001924,1370,222,16.2
34392,W01000672,1490,425,28.5
34393,W01000673,1098,319,29.1
34394,W01000674,2097,572,27.3
34395,W01000700,1971,648,32.9
34396,W01000720,1822,499,27.4
34397,W01000721,1396,295,21.1
34398,W01000735,2381,593,24.9
34399,W01000845,2003,420,21.0
34400,W01000846,2048,294,14.4
34401,W01000847,1259,321,25.5
34402,W01000848,1205,223,18.5
34403,W01000750,1448,395,27.3
34404,W01000751,1395,425,30.5
34405,W01000752,1493,242,16.2
34406,W01000753,1417,227,16.0
34407,W01000754,1552,308,19.8
34408,W01000803,1826,436,23.9
34409,W01000806,1394,337,24.2
34410,W01000807,1292,321,24.8
34411,W01000808,1387,419,30.2
34412,W01000810,1351,237,17.5
34413,W01000815,1490,402,27.0
34414,W01000816,1765,326,18.5
34415,W01000791,1417,204,14.4
34416,W01000792,1590,383,24.1
34417,W01000793,1862,258,13.9
34418,W01000837,2314,415,17.9
34419,W01000838,1262,234,18.5
34420,W01000774,1625,355,21.8
34421,W01000841,1469,334,22.7
34422,W01000842,1416,376,26.6
34423,W01000843,1387,282,20.3
34424,W01000844,1528,239,15.6
34425,W01001991,1402,212,15.1
34426,W01001992,1429,191,13.4
34427,W01000795,1568,286,18.2
34428,W01000800,1453,378,26.0
34429,W01000801,1708,253,14.8
34430,W01001993,1690,75,4.4
34431,W01001994,1474,249,16.9
34432,W01000784,1293,339,26.2
34433,W01000785,1777,377,21.2
34434,W01000786,1264,357,28.2
34435,W01000802,2349,468,19.9
34436,W01000877,1680,392,23.3
34437,W01000878,1275,307,24.1
34438,W01000809,1510,314,20.8
34439,W01000811,1392,209,15.0
34440,W01000812,1443,232,16.1
34441,W01000813,1567,322,20.5
34442,W01000814,1440,283,19.7
34443,W01000817,1952,272,13.9
34444,W01000818,1506,346,23.0
34445,W01000819,1438,466,32.4
34446,W01000820,1391,325,23.4
34447,W01000821,1474,330,22.4
34448,W01000822,1183,467,39.5
34449,W01000794,2214,247,11.2
34450,W01000797,1508,399,26.5
34451,W01000798,1425,417,29.3
34452,W01000799,1850,197,10.6
34453,W01000830,1822,155,8.5
34454,W01000832,1590,241,15.2
34455,W01000833,1651,197,11.9
34456,W01000834,1445,242,16.7
34457,W01000836,2407,186,7.7
34458,W01000759,1532,525,34.3
34459,W01000777,1703,496,29.1
34460,W01000778,1781,287,16.1
34461,W01000779,1462,273,18.7
34462,W01000760,1579,270,17.1
34463,W01000761,1558,247,15.9
34464,W01000762,1683,216,12.8
34465,W01000831,1746,275,15.8
34466,W01000835,1452,306,21.1
34467,W01000738,1763,255,14.5
34468,W01000739,2212,236,10.7
34469,W01000740,1561,556,35.6
34470,W01000741,1873,357,19.1
34471,W01000763,1417,227,16.0
34472,W01000764,1569,248,15.8
34473,W01000765,1620,335,20.7
34474,W01000766,1495,262,17.5
34475,W01000767,1427,354,24.8
34476,W01000742,1658,268,16.2
34477,W01000744,1523,168,11.0
34478,W01000787,1445,227,15.7
34479,W01000788,1500,261,17.4
34480,W01000789,1416,222,15.7
34481,W01000790,2673,282,10.5
34482,W01000755,1983,351,17.7
34483,W01000756,1465,232,15.8
34484,W01000757,1435,449,31.3
34485,W01000758,1890,364,19.3
34486,W01000772,1482,395,26.7
34487,W01000828,1631,557,34.2
34488,W01000829,1924,481,25.0
34489,W01000862,1606,118,7.3
34490,W01000863,1683,196,11.6
34491,W01000864,1660,130,7.8
34492,W01000865,1426,219,15.4
34493,W01000866,1176,157,13.4
34494,W01000867,1285,193,15.0
34495,W01000849,2202,265,12.0
34496,W01000851,1647,266,16.2
34497,W01000852,1459,240,16.4
34498,W01001995,1363,238,17.5
34499,W01001996,1405,252,17.9
34500,W01000853,1679,306,18.2
34501,W01000854,1502,242,16.1
34502,W01000855,1419,463,32.6
34503,W01000856,1742,361,20.7
34504,W01000857,1902,636,33.4
34505,W01000747,1587,104,6.6
34506,W01000868,1104,267,24.2
34507,W01000869,1525,300,19.7
34508,W01000870,1379,205,14.9
34509,W01000872,1399,308,22.0
34510,W01000874,1791,161,9.0
34511,W01000745,2469,226,9.2
34512,W01000746,1429,216,15.1
34513,W01001955,1928,292,15.1
34514,W01001958,1304,250,19.2
34515,W01001997,1993,349,17.5
34516,W01000749,1984,468,23.6
34517,W01000871,1773,158,8.9
34518,W01000873,1528,134,8.8
34519,W01000875,1905,191,10.0
34520,W01000876,1625,118,7.3
34521,W01000858,1643,316,19.2
34522,W01000859,1401,532,38.0
34523,W01000860,1534,490,31.9
34524,W01000861,1958,310,15.8
34525,W01000736,1746,549,31.4
34526,W01000737,1474,544,36.9
34527,W01000804,1420,565,39.8
34528,W01000805,1147,305,26.6
34529,W01000879,1679,541,32.2
34530,W01000880,1551,570,36.8
34531,W01000881,1317,416,31.6
34532,W01000882,1733,385,22.2
34533,W01000775,1626,541,33.3
34534,W01000776,1776,619,34.9
34535,W01000839,1044,353,33.8
34536,W01000840,1599,600,37.5
34537,W01000823,1814,608,33.5
34538,W01000824,1652,582,35.2
34539,W01000825,1284,377,29.4
34540,W01000826,1257,421,33.5
34541,W01000827,1249,402,32.2
34542,W01000768,1345,331,24.6
34543,W01000769,1392,384,27.6
34544,W01000770,1526,353,23.1
34545,W01000771,1300,332,25.5
34546,W01000781,1623,531,32.7
34547,W01000782,1076,311,28.9
34548,W01001956,2238,467,20.9
34549,W01000918,1935,463,23.9
34550,W01000944,1172,265,22.6
34551,W01000965,2024,477,23.6
34552,W01000893,1906,402,21.1
34553,W01000925,1527,313,20.5
34554,W01000926,1846,521,28.2
34555,W01000888,2721,505,18.6
34556,W01000946,1783,379,21.3
34557,W01000947,2179,358,16.4
34558,W01000948,1809,455,25.2
34559,W01000955,1373,316,23.0
34560,W01000956,1186,422,35.6
34561,W01000971,1400,279,19.9
34562,W01000904,1474,366,24.8
34563,W01000905,1496,278,18.6
34564,W01000908,1580,470,29.7
34565,W01001985,2052,708,34.5
34566,W01000907,1721,393,22.8
34567,W01000922,1582,322,20.4
34568,W01001986,2422,790,32.6
34569,W01000934,1251,229,18.3
34570,W01000935,1554,311,20.0
34571,W01000938,1387,436,31.4
34572,W01000939,1149,328,28.5
34573,W01000940,1261,235,18.6
34574,W01000909,1177,369,31.4
34575,W01000910,1370,431,31.5
34576,W01000911,1148,291,25.3
34577,W01000969,1558,301,19.3
34578,W01000912,1209,287,23.7
34579,W01000913,1158,230,19.9
34580,W01000914,1658,312,18.8
34581,W01000915,1119,224,20.0
34582,W01000916,1171,240,20.5
34583,W01001987,1514,231,15.3
34584,W01001988,1481,68,4.6
34585,W01001989,3410,290,8.5
34586,W01000936,1380,187,13.6
34587,W01000941,1552,220,14.2
34588,W01000942,1785,301,16.9
34589,W01000943,1472,360,24.5
34590,W01000894,1465,369,25.2
34591,W01000895,1480,262,17.7
34592,W01000896,1603,206,12.9
34593,W01000897,1330,290,21.8
34594,W01000937,1941,324,16.7
34595,W01000898,1460,316,21.6
34596,W01000899,1877,385,20.5
34597,W01000900,1579,332,21.0
34598,W01000901,1666,332,19.9
34599,W01000945,1155,257,22.3
34600,W01000889,1807,424,23.5
34601,W01000890,1533,446,29.1
34602,W01000891,1438,309,21.5
34603,W01000892,1969,482,24.5
34604,W01000883,1322,465,35.2
34605,W01000958,1557,259,16.6
34606,W01000961,1581,326,20.6
34607,W01000962,1530,218,14.2
34608,W01000963,1856,350,18.9
34609,W01000964,1809,390,21.6
34610,W01000884,1282,189,14.7
34611,W01000885,1453,240,16.5
34612,W01000886,1620,228,14.1
34613,W01000957,1616,421,26.1
34614,W01000959,1721,378,22.0
34615,W01000960,1766,310,17.6
34616,W01000949,1319,320,24.3
34617,W01000950,1469,264,18.0
34618,W01000951,1794,333,18.6
34619,W01000952,1170,209,17.9
34620,W01000966,1435,351,24.5
34621,W01000932,1034,216,20.9
34622,W01000933,1981,341,17.2
34623,W01000967,1415,270,19.1
34624,W01000968,1966,400,20.3
34625,W01000919,1145,270,23.6
34626,W01000927,2077,314,15.1
34627,W01000928,1593,399,25.0
34628,W01000929,1261,299,23.7
34629,W01000931,1358,291,21.4
34630,W01000973,1326,286,21.6
34631,W01001900,1411,282,20.0
34632,W01000887,2373,412,17.4
34633,W01000921,1454,282,19.4
34634,W01000930,1145,243,21.2
34635,W01000953,1585,366,23.1
34636,W01000954,1346,330,24.5
34637,W01000970,1108,246,22.2
34638,W01001990,2140,538,25.1
34639,W01000991,1141,162,14.2
34640,W01000992,1393,248,17.8
34641,W01000993,1363,273,20.0
34642,W01000994,1401,246,17.6
34643,W01000995,1365,307,22.5
34644,W01001014,1608,416,25.9
34645,W01001015,1459,290,19.9
34646,W01001017,1464,302,20.6
34647,W01001018,1278,284,22.2
34648,W01001020,1362,254,18.6
34649,W01000976,1089,186,17.1
34650,W01000977,1420,323,22.7
34651,W01001024,1147,213,18.6
34652,W01001025,1231,218,17.7
34653,W01001033,1753,331,18.9
34654,W01001034,1346,286,21.2
34655,W01000975,2241,359,16.0
34656,W01000978,1779,325,18.3
34657,W01001009,1245,226,18.2
34658,W01001042,1263,228,18.1
34659,W01001043,1160,191,16.5
34660,W01001012,1510,286,18.9
34661,W01001013,1458,397,27.2
34662,W01001016,1634,517,31.6
34663,W01001019,1575,359,22.8
34664,W01000974,2385,453,19.0
34665,W01001057,1736,324,18.7
34666,W01001058,1884,363,19.3
34667,W01000986,1689,223,13.2
34668,W01000987,2434,379,15.6
34669,W01001055,1199,215,17.9
34670,W01001056,1177,326,27.7
34671,W01000996,1528,348,22.8
34672,W01001048,1416,311,22.0
34673,W01001049,1285,222,17.3
34674,W01001050,1545,281,18.2
34675,W01001051,1819,280,15.4
34676,W01001052,1288,262,20.3
34677,W01001004,1039,232,22.3
34678,W01001005,1586,427,26.9
34679,W01001006,2238,618,27.6
34680,W01001007,1875,302,16.1
34681,W01001039,1722,348,20.2
34682,W01001040,1550,367,23.7
34683,W01000999,1394,314,22.5
34684,W01001000,1717,391,22.8
34685,W01001001,1835,374,20.4
34686,W01001002,2451,303,12.4
34687,W01001008,2551,656,25.7
34688,W01001038,2595,448,17.3
34689,W01001981,2977,121,4.1
34690,W01001982,1349,154,11.4
34691,W01001983,1500,109,7.3
34692,W01001984,1197,72,6.0
34693,W01000997,1686,439,26.0
34694,W01001010,1164,220,18.9
34695,W01001011,1274,256,20.1
34696,W01001026,2001,412,20.6
34697,W01000989,1567,408,26.0
34698,W01001037,1807,487,27.0
34699,W01001041,2303,554,24.1
34700,W01001021,1605,279,17.4
34701,W01001022,1417,273,19.3
34702,W01001023,1655,368,22.2
34703,W01001028,1883,468,24.9
34704,W01001035,1758,233,13.3
34705,W01000979,1609,213,13.2
34706,W01000983,1525,190,12.5
34707,W01000985,1278,178,13.9
34708,W01001003,1335,499,37.4
34709,W01000980,1358,224,16.5
34710,W01000981,1256,141,11.2
34711,W01000982,1431,444,31.0
34712,W01000984,2163,297,13.7
34713,W01000990,1563,273,17.5
34714,W01001027,1513,465,30.7
34715,W01001036,1607,402,25.0
34716,W01001918,1876,157,8.4
34717,W01001919,1366,154,11.3
34718,W01001920,1210,166,13.7
34719,W01001921,1506,160,10.6
34720,W01001031,1474,553,37.5
34721,W01001032,1761,548,31.1
34722,W01001046,1911,679,35.5
34723,W01001047,1666,475,28.5
34724,W01001053,1008,418,41.5
34725,W01001054,1349,535,39.7
34726,W01001029,1708,659,38.6
34727,W01001030,1957,577,29.5
34728,W01001044,1585,443,27.9
34729,W01001045,1707,403,23.6
34730,W01001105,2823,713,25.3
34731,W01001127,1635,431,26.4
34732,W01001128,1680,404,24.0
34733,W01001082,1548,592,38.2
34734,W01001083,1697,564,33.2
34735,W01001084,1650,597,36.2
34736,W01001085,1656,404,24.4
34737,W01001113,2307,593,25.7
34738,W01001119,1869,362,19.4
34739,W01001135,2335,502,21.5
34740,W01001136,1502,489,32.6
34741,W01001075,1174,219,18.7
34742,W01001076,1383,199,14.4
34743,W01001077,1402,416,29.7
34744,W01001078,1284,286,22.3
34745,W01001104,2089,488,23.4
34746,W01001129,1656,206,12.4
34747,W01001116,1933,697,36.1
34748,W01001123,1472,486,33.0
34749,W01001124,1461,229,15.7
34750,W01001125,1431,362,25.3
34751,W01001130,1265,227,17.9
34752,W01002036,1554,243,15.6
34753,W01002037,1066,200,18.8
34754,W01001086,1511,461,30.5
34755,W01001087,1521,430,28.3
34756,W01001088,2144,519,24.2
34757,W01001089,1601,459,28.7
34758,W01001090,1444,370,25.6
34759,W01001081,1739,279,16.0
34760,W01001092,2122,318,15.0
34761,W01001094,1237,181,14.6
34762,W01001095,1402,201,14.3
34763,W01001096,1306,308,23.6
34764,W01001097,1541,208,13.5
34765,W01001114,1572,514,32.7
34766,W01001115,2149,470,21.9
34767,W01001131,1743,303,17.4
34768,W01001132,1357,287,21.1
34769,W01001133,2237,709,31.7
34770,W01001134,1112,316,28.4
34771,W01001067,1390,312,22.4
34772,W01001068,1644,254,15.5
34773,W01001070,1044,131,12.5
34774,W01001071,1479,278,18.8
34775,W01001072,2721,392,14.4
34776,W01001091,1623,543,33.5
34777,W01001098,1031,374,36.3
34778,W01001100,1471,438,29.8
34779,W01001103,1177,332,28.2
34780,W01001106,1437,381,26.5
34781,W01001107,1494,557,37.3
34782,W01001109,1372,432,31.5
34783,W01001110,1705,326,19.1
34784,W01001111,1347,293,21.8
34785,W01001112,1318,262,19.9
34786,W01001063,1589,259,16.3
34787,W01001065,1564,256,16.4
34788,W01001069,1564,256,16.4
34789,W01001079,1510,191,12.6
34790,W01001080,1582,241,15.2
34791,W01001910,1676,159,9.5
34792,W01001911,1147,169,14.7
34793,W01001062,1332,235,17.6
34794,W01001064,1409,328,23.3
34795,W01001093,1762,428,24.3
34796,W01001099,1195,293,24.5
34797,W01001101,1537,238,15.5
34798,W01001102,1528,171,11.2
34799,W01001108,1816,303,16.7
34800,W01001117,1283,420,32.7
34801,W01001120,1349,363,26.9
34802,W01001121,1697,378,22.3
34803,W01001122,2469,228,9.2
34804,W01002038,1265,296,23.4
34805,W01002039,1761,187,10.6
34806,W01001059,1759,436,24.8
34807,W01001060,1400,482,34.4
34808,W01001066,1622,294,18.1
34809,W01001073,2089,346,16.6
34810,W01001998,2220,415,18.7
34811,W01002040,1944,69,3.5
34812,W01001777,1758,425,24.2
34813,W01001778,1746,504,28.9
34814,W01001794,1342,206,15.4
34815,W01001799,1251,454,36.3
34816,W01001793,1356,173,12.8
34817,W01001795,1517,233,15.4
34818,W01001796,1421,304,21.4
34819,W01001798,1401,299,21.3
34820,W01001841,1915,265,13.8
34821,W01001842,1788,156,8.7
34822,W01001844,1886,239,12.7
34823,W01002016,1222,111,9.1
34824,W01002017,1439,53,3.7
34825,W01002018,1547,136,8.8
34826,W01001849,1550,378,24.4
34827,W01001852,1869,400,21.4
34828,W01001853,1606,546,34.0
34829,W01001854,1522,592,38.9
34830,W01001791,1821,489,26.9
34831,W01001792,1614,279,17.3
34832,W01001797,1438,316,22.0
34833,W01001800,1419,330,23.3
34834,W01001949,1298,197,15.2
34835,W01001953,1513,229,15.1
34836,W01001820,1194,236,19.8
34837,W01001846,1741,218,12.5
34838,W01001847,1543,534,34.6
34839,W01001948,2289,199,8.7
34840,W01001954,1516,429,28.3
34841,W01001802,1708,351,20.6
34842,W01001807,1642,171,10.4
34843,W01001808,1723,160,9.3
34844,W01001840,1924,367,19.1
34845,W01001730,1535,500,32.6
34846,W01001731,1482,320,21.6
34847,W01001736,1492,388,26.0
34848,W01001815,1384,292,21.1
34849,W01001811,1582,190,12.0
34850,W01001816,2778,336,12.1
34851,W01001817,1374,288,21.0
34852,W01001818,1581,209,13.2
34853,W01001888,1657,275,16.6
34854,W01001893,1846,316,17.1
34855,W01001894,1523,365,24.0
34856,W01001895,1633,362,22.2
34857,W01001877,1830,282,15.4
34858,W01001878,1592,292,18.3
34859,W01001882,1755,230,13.1
34860,W01001885,2609,213,8.2
34861,W01001773,2567,362,14.1
34862,W01001848,1471,329,22.4
34863,W01001850,1904,539,28.3
34864,W01001851,1542,445,28.9
34865,W01001879,1906,235,12.3
34866,W01001880,1647,114,6.9
34867,W01001881,1472,270,18.3
34868,W01001884,1442,79,5.5
34869,W01001727,1216,317,26.1
34870,W01001728,1417,383,27.0
34871,W01001729,2900,464,16.0
34872,W01001819,2373,654,27.6
34873,W01001803,1678,285,17.0
34874,W01001804,1585,214,13.5
34875,W01001805,1548,196,12.7
34876,W01001806,1721,392,22.8
34877,W01001866,1576,365,23.2
34878,W01001867,1415,179,12.7
34879,W01001883,1658,268,16.2
34880,W01001886,1320,114,8.6
34881,W01001809,1216,269,22.1
34882,W01001810,1730,228,13.2
34883,W01001812,1278,226,17.7
34884,W01001813,1832,224,12.2
34885,W01001814,1442,287,19.9
34886,W01001769,1593,365,22.9
34887,W01001770,1044,222,21.3
34888,W01001771,1662,358,21.5
34889,W01001774,1400,289,20.6
34890,W01001732,1736,356,20.5
34891,W01001733,1499,292,19.5
34892,W01001734,1602,339,21.2
34893,W01001735,2043,394,19.3
34894,W01001887,1624,396,24.4
34895,W01001889,1458,450,30.9
34896,W01001891,1631,397,24.3
34897,W01001892,1441,385,26.7
34898,W01001896,1448,307,21.2
34899,W01001772,1403,399,28.4
34900,W01001775,1630,262,16.1
34901,W01001776,1305,240,18.4
34902,W01001890,1572,308,19.6
34903,W01001863,1503,330,22.0
34904,W01001864,1481,384,25.9
34905,W01001865,1289,268,20.8
34906,W01001868,1521,272,17.9
34907,W01001785,1204,190,15.8
34908,W01001786,1494,225,15.1
34909,W01001787,1374,234,17.0
34910,W01001788,1598,177,11.1
34911,W01001789,1536,232,15.1
34912,W01001790,1221,228,18.7
34913,W01001821,1715,357,20.8
34914,W01001826,1370,363,26.5
34915,W01001827,1645,428,26.0
34916,W01001828,1515,474,31.3
34917,W01001755,1492,93,6.2
34918,W01001756,4264,196,4.6
34919,W01001757,1456,164,11.3
34920,W01001758,2200,141,6.4
34921,W01001779,1512,366,24.2
34922,W01001780,1621,341,21.0
34923,W01001781,1666,459,27.6
34924,W01001782,1458,310,21.3
34925,W01001783,1211,262,21.6
34926,W01001784,1308,329,25.2
34927,W01001747,1670,286,17.1
34928,W01001748,1566,245,15.6
34929,W01001749,1544,230,14.9
34930,W01001751,1861,178,9.6
34931,W01001718,1762,59,3.3
34932,W01001719,2014,138,6.9
34933,W01001720,2240,57,2.5
34934,W01001722,1761,56,3.2
34935,W01001726,1794,101,5.6
34936,W01001822,1863,375,20.1
34937,W01001823,1275,193,15.1
34938,W01001824,1549,214,13.8
34939,W01001825,1982,236,11.9
34940,W01001831,1500,93,6.2
34941,W01001836,1328,115,8.7
34942,W01001837,1472,112,7.6
34943,W01001838,1631,132,8.1
34944,W01001839,1589,112,7.0
34945,W01001750,1601,356,22.2
34946,W01001752,1588,319,20.1
34947,W01001753,1630,171,10.5
34948,W01001754,1605,367,22.9
34949,W01001721,2894,146,5.0
34950,W01001724,2406,49,2.0
34951,W01001725,2312,33,1.4
34952,W01001922,2013,20,1.0
34953,W01002019,2624,77,2.9
34954,W01001829,1995,104,5.2
34955,W01001830,1625,56,3.4
34956,W01001832,1770,46,2.6
34957,W01001833,1539,187,12.2
34958,W01001834,1652,138,8.4
34959,W01001835,2182,268,12.3
34960,W01001858,1592,275,17.3
34961,W01001859,1507,213,14.1
34962,W01001860,1658,205,12.4
34963,W01001861,1536,171,11.1
34964,W01001714,1568,315,20.1
34965,W01001715,1552,260,16.8
34966,W01001716,1279,218,17.0
34967,W01001717,1543,204,13.2
34968,W01001694,1998,122,6.1
34969,W01001695,3990,97,2.4
34970,W01001696,1538,115,7.5
34971,W01001697,1981,164,8.3
34972,W01001698,2099,114,5.4
34973,W01001870,1451,139,9.6
34974,W01001871,1646,191,11.6
34975,W01001876,1631,182,11.2
34976,W01002020,1566,134,8.6
34977,W01002021,1503,73,4.9
34978,W01001869,1384,187,13.5
34979,W01001872,1597,190,11.9
34980,W01001873,1834,196,10.7
34981,W01001874,1542,154,10.0
34982,W01001737,1633,214,13.1
34983,W01001738,1448,114,7.9
34984,W01001739,1507,120,8.0
34985,W01001740,1535,206,13.4
34986,W01001741,1690,118,7.0
34987,W01001710,1866,209,11.2
34988,W01001711,2098,275,13.1
34989,W01001712,1455,215,14.8
34990,W01001713,1730,177,10.2
34991,W01002022,1240,30,2.4
34992,W01002023,1813,252,13.9
34993,W01001704,1671,196,11.7
34994,W01001706,1397,248,17.8
34995,W01001707,2034,320,15.7
34996,W01001746,1541,247,16.0
34997,W01001855,1782,130,7.3
34998,W01001856,1722,138,8.0
34999,W01001857,2102,199,9.5
35000,W01001862,1859,151,8.1
35001,W01001742,1603,148,9.2
35002,W01001743,1460,351,24.0
35003,W01001744,1751,273,15.6
35004,W01001745,1267,286,22.6
35005,W01001764,2015,147,7.3
35006,W01001765,1476,156,10.6
35007,W01001766,1691,138,8.2
35008,W01001767,1812,129,7.1
35009,W01001768,1668,118,7.1
35010,W01001702,1779,244,13.7
35011,W01001703,1227,193,15.7
35012,W01001705,1947,228,11.7
35013,W01001708,1644,274,16.7
35014,W01001759,1591,218,13.7
35015,W01001760,1665,243,14.6
35016,W01001761,1777,200,11.3
35017,W01001762,1841,152,8.3
35018,W01001940,1050,117,11.1
35019,W01001943,1198,74,6.2
35020,W01001944,1176,33,2.8
35021,W01001947,1741,91,5.2
35022,W01002024,1118,60,5.4
35023,W01002025,1114,107,9.6
35024,W01001699,2532,241,9.5
35025,W01001942,1597,231,14.5
35026,W01001946,1327,123,9.3
35027,W01001950,1173,145,12.4
35028,W01001951,1522,63,4.1
35029,W01001952,1880,135,7.2
35030,W01001186,1731,329,19.0
35031,W01001187,1358,311,22.9
35032,W01001188,1302,400,30.7
35033,W01001221,1419,310,21.8
35034,W01001222,1557,239,15.4
35035,W01001233,1811,455,25.1
35036,W01001148,1750,297,17.0
35037,W01001152,1932,442,22.9
35038,W01001153,1559,290,18.6
35039,W01001155,1529,383,25.0
35040,W01001149,1406,292,20.8
35041,W01001150,1913,312,16.3
35042,W01001151,1815,539,29.7
35043,W01001154,1412,304,21.5
35044,W01001156,1398,230,16.5
35045,W01001147,1798,426,23.7
35046,W01001168,1389,360,25.9
35047,W01001169,2542,314,12.4
35048,W01001170,1186,382,32.2
35049,W01001137,2389,486,20.3
35050,W01001138,1348,267,19.8
35051,W01001139,1417,248,17.5
35052,W01001140,1420,298,21.0
35053,W01001141,1508,292,19.4
35054,W01001142,1934,323,16.7
35055,W01001204,1532,268,17.5
35056,W01001205,1460,371,25.4
35057,W01001206,1462,303,20.7
35058,W01001207,1278,249,19.5
35059,W01001208,1521,315,20.7
35060,W01001265,1547,360,23.3
35061,W01001266,1365,297,21.8
35062,W01001267,1484,317,21.4
35063,W01001268,1312,286,21.8
35064,W01001209,1455,239,16.4
35065,W01001210,1453,299,20.6
35066,W01001211,1529,273,17.9
35067,W01001212,1312,224,17.1
35068,W01001175,1291,338,26.2
35069,W01001177,1280,317,24.8
35070,W01001202,1770,394,22.3
35071,W01001203,1356,278,20.5
35072,W01001269,1452,358,24.7
35073,W01001270,1447,349,24.1
35074,W01001271,1537,290,18.9
35075,W01001272,1466,269,18.3
35076,W01001273,1744,395,22.6
35077,W01001214,1291,296,22.9
35078,W01001216,1524,287,18.8
35079,W01001962,2479,475,19.2
35080,W01001143,1489,290,19.5
35081,W01001144,1730,239,13.8
35082,W01001145,1746,286,16.4
35083,W01001146,1411,285,20.2
35084,W01001176,1450,290,20.0
35085,W01001274,1218,185,15.2
35086,W01001275,1781,276,15.5
35087,W01001276,1276,262,20.5
35088,W01001260,1226,189,15.4
35089,W01001285,1362,320,23.5
35090,W01001286,1475,242,16.4
35091,W01001287,1451,327,22.5
35092,W01001288,1423,298,20.9
35093,W01001963,2248,445,19.8
35094,W01001180,1528,194,12.7
35095,W01001181,1388,268,19.3
35096,W01001282,2046,380,18.6
35097,W01001283,1459,314,21.5
35098,W01001284,1076,161,15.0
35099,W01001166,1369,252,18.4
35100,W01001167,1406,281,20.0
35101,W01001247,1583,312,19.7
35102,W01001248,1977,395,20.0
35103,W01001171,1282,276,21.5
35104,W01001229,1409,277,19.7
35105,W01001230,1543,387,25.1
35106,W01001231,1434,235,16.4
35107,W01001280,1558,300,19.3
35108,W01001281,1693,358,21.1
35109,W01001217,1108,188,17.0
35110,W01001218,1526,284,18.6
35111,W01001219,1219,288,23.6
35112,W01001220,1493,284,19.0
35113,W01001259,1603,350,21.8
35114,W01001261,1252,255,20.4
35115,W01001164,1594,249,15.6
35116,W01001165,1345,206,15.3
35117,W01001256,1186,242,20.4
35118,W01001257,1225,330,26.9
35119,W01001258,1238,246,19.9
35120,W01001172,1398,281,20.1
35121,W01001173,1356,262,19.3
35122,W01001174,1415,260,18.4
35123,W01001232,1283,265,20.7
35124,W01001227,1281,306,23.9
35125,W01001228,1625,411,25.3
35126,W01001234,1487,288,19.4
35127,W01001235,1661,324,19.5
35128,W01001236,1609,350,21.8
35129,W01001964,2260,320,14.2
35130,W01001185,2090,391,18.7
35131,W01001237,1449,282,19.5
35132,W01001238,1716,211,12.3
35133,W01001262,1579,127,8.0
35134,W01001263,1682,139,8.3
35135,W01001264,1906,141,7.4
35136,W01001178,1632,305,18.7
35137,W01001179,1707,328,19.2
35138,W01001253,1452,265,18.3
35139,W01001255,2021,286,14.2
35140,W01001914,1916,275,14.4
35141,W01001917,1449,296,20.4
35142,W01001249,1451,378,26.1
35143,W01001250,1523,342,22.5
35144,W01001251,1511,233,15.4
35145,W01001252,1567,325,20.7
35146,W01001162,2545,316,12.4
35147,W01001244,1378,492,35.7
35148,W01001245,1232,422,34.3
35149,W01001246,1347,422,31.3
35150,W01001184,2098,494,23.5
35151,W01001239,1297,250,19.3
35152,W01001240,1902,417,21.9
35153,W01001241,1643,305,18.6
35154,W01001196,1441,277,19.2
35155,W01001197,1215,324,26.7
35156,W01001198,1492,331,22.2
35157,W01001199,1658,359,21.7
35158,W01001915,1646,221,13.4
35159,W01001916,1497,161,10.8
35160,W01001157,1308,307,23.5
35161,W01001158,1488,255,17.1
35162,W01001159,1573,156,9.9
35163,W01001277,1116,268,24.0
35164,W01001278,1146,152,13.3
35165,W01001279,1103,243,22.0
35166,W01001160,1630,396,24.3
35167,W01001189,1514,314,20.7
35168,W01001190,2994,408,13.6
35169,W01001965,1706,303,17.8
35170,W01001966,1737,104,6.0
35171,W01001193,1135,297,26.2
35172,W01001194,2108,416,19.7
35173,W01001195,1452,319,22.0
35174,W01001242,1359,382,28.1
35175,W01001243,1406,337,24.0
35176,W01001192,1428,247,17.3
35177,W01001223,1743,450,25.8
35178,W01001224,2028,332,16.4
35179,W01001225,1566,428,27.3
35180,W01001226,1683,292,17.3
35181,W01001967,1491,240,16.1
35182,W01001968,1515,176,11.6
35183,W01001374,1425,266,18.7
35184,W01001375,1477,305,20.6
35185,W01001376,1422,292,20.5
35186,W01001406,1832,363,19.8
35187,W01001428,1237,214,17.3
35188,W01001429,1154,254,22.0
35189,W01001360,1291,300,23.2
35190,W01001361,1144,221,19.3
35191,W01001384,1511,261,17.3
35192,W01001385,1545,323,20.9
35193,W01001386,1593,291,18.3
35194,W01001325,1656,271,16.4
35195,W01001326,2173,368,16.9
35196,W01001362,1993,450,22.6
35197,W01001336,1420,289,20.4
35198,W01001337,1446,294,20.3
35199,W01001338,1733,317,18.3
35200,W01001339,1440,297,20.6
35201,W01001334,1447,256,17.7
35202,W01001335,1262,255,20.2
35203,W01001347,1499,366,24.4
35204,W01001351,1392,472,33.9
35205,W01001356,1189,255,21.4
35206,W01001357,1695,350,20.6
35207,W01001358,1504,292,19.4
35208,W01001359,1406,283,20.1
35209,W01001390,2105,362,17.2
35210,W01001391,1617,307,19.0
35211,W01001352,1748,313,17.9
35212,W01001353,1530,491,32.1
35213,W01001387,1191,229,19.2
35214,W01001388,1822,278,15.3
35215,W01001389,1099,241,21.9
35216,W01001414,1588,250,15.7
35217,W01001415,1731,290,16.8
35218,W01001416,1383,366,26.5
35219,W01001417,1388,297,21.4
35220,W01001418,1399,297,21.2
35221,W01001348,1759,311,17.7
35222,W01001349,1720,300,17.4
35223,W01001350,1737,360,20.7
35224,W01001392,1936,470,24.3
35225,W01001380,1784,428,24.0
35226,W01001381,1470,287,19.5
35227,W01001382,1546,377,24.4
35228,W01001383,1439,297,20.6
35229,W01001401,2066,531,25.7
35230,W01001402,1599,227,14.2
35231,W01001403,1590,303,19.1
35232,W01001404,1347,457,33.9
35233,W01001405,1780,355,19.9
35234,W01001363,1800,234,13.0
35235,W01001364,1781,244,13.7
35236,W01001365,1930,318,16.5
35237,W01001369,2421,527,21.8
35238,W01001377,1450,407,28.1
35239,W01001378,1503,443,29.5
35240,W01001379,1520,325,21.4
35241,W01001432,2754,378,13.7
35242,W01001433,1360,319,23.5
35243,W01001434,1373,273,19.9
35244,W01001327,2454,369,15.0
35245,W01001328,1504,292,19.4
35246,W01001329,1485,290,19.5
35247,W01001354,1665,319,19.2
35248,W01001355,1531,430,28.1
35249,W01001430,2380,356,15.0
35250,W01001431,1584,312,19.7
35251,W01001407,1306,271,20.8
35252,W01001408,1442,242,16.8
35253,W01001409,1582,361,22.8
35254,W01001410,1809,369,20.4
35255,W01001411,1603,410,25.6
35256,W01001412,1660,363,21.9
35257,W01001413,1823,338,18.5
35258,W01001330,1446,304,21.0
35259,W01001331,1742,240,13.8
35260,W01001332,1846,285,15.4
35261,W01001333,1476,207,14.0
35262,W01001366,1559,397,25.5
35263,W01001367,1458,270,18.5
35264,W01001368,1422,282,19.8
35265,W01001393,1346,284,21.1
35266,W01001397,1578,304,19.3
35267,W01001400,1419,166,11.7
35268,W01001340,1869,419,22.4
35269,W01001341,1703,357,21.0
35270,W01001344,1668,432,25.9
35271,W01001346,1524,310,20.3
35272,W01001342,1188,260,21.9
35273,W01001343,1100,255,23.2
35274,W01001345,1406,165,11.7
35275,W01001419,1599,340,21.3
35276,W01001371,1916,288,15.0
35277,W01001372,1800,455,25.3
35278,W01001373,1940,323,16.6
35279,W01001420,1211,328,27.1
35280,W01001421,1440,194,13.5
35281,W01001422,1469,371,25.3
35282,W01001370,1829,449,24.5
35283,W01001394,1296,265,20.4
35284,W01001395,1313,345,26.3
35285,W01001396,1537,260,16.9
35286,W01001399,1258,339,26.9
35287,W01001398,2792,307,11.0
35288,W01001423,1380,460,33.3
35289,W01001424,1410,350,24.8
35290,W01001425,1736,349,20.1
35291,W01001426,1456,333,22.9
35292,W01001427,1853,195,10.5
35293,W01001440,1342,323,24.1
35294,W01001441,1173,228,19.4
35295,W01001442,1097,265,24.2
35296,W01001470,1406,386,27.5
35297,W01001471,1608,316,19.7
35298,W01001446,1229,312,25.4
35299,W01001447,1479,232,15.7
35300,W01001448,1165,267,22.9
35301,W01001449,1374,307,22.3
35302,W01001472,1375,311,22.6
35303,W01001473,1269,276,21.7
35304,W01001474,1423,344,24.2
35305,W01001475,1124,196,17.4
35306,W01001480,1466,296,20.2
35307,W01001438,1477,343,23.2
35308,W01001439,1606,353,22.0
35309,W01001456,1266,276,21.8
35310,W01001457,1792,291,16.2
35311,W01001458,1644,305,18.6
35312,W01001443,1231,286,23.2
35313,W01001444,1969,357,18.1
35314,W01001445,1354,261,19.3
35315,W01001467,1904,347,18.2
35316,W01001468,1325,270,20.4
35317,W01001469,1316,252,19.1
35318,W01001462,1818,319,17.5
35319,W01001463,1788,387,21.6
35320,W01001478,1366,285,20.9
35321,W01001479,1476,260,17.6
35322,W01001481,1634,338,20.7
35323,W01001450,1214,273,22.5
35324,W01001451,1292,268,20.7
35325,W01001452,1431,272,19.0
35326,W01001459,1207,166,13.8
35327,W01001460,1725,306,17.7
35328,W01001461,1263,227,18.0
35329,W01001435,1358,243,17.9
35330,W01001436,1370,286,20.9
35331,W01001437,1437,288,20.0
35332,W01001453,1489,262,17.6
35333,W01001454,1278,255,20.0
35334,W01001455,1685,361,21.4
35335,W01001464,1435,263,18.3
35336,W01001465,1526,297,19.5
35337,W01001466,1443,299,20.7
35338,W01001973,2261,466,20.6
35339,W01001487,1666,341,20.5
35340,W01001488,1519,265,17.4
35341,W01001489,1433,305,21.3
35342,W01001490,1401,262,18.7
35343,W01001482,1249,211,16.9
35344,W01001483,1444,209,14.5
35345,W01001484,1632,332,20.3
35346,W01001485,1253,278,22.2
35347,W01001486,1466,293,20.0
35348,W01001525,1842,320,17.4
35349,W01001529,2036,366,18.0
35350,W01001530,1793,186,10.4
35351,W01001531,1672,325,19.4
35352,W01001491,1700,359,21.1
35353,W01001496,1469,289,19.7
35354,W01001523,1421,245,17.2
35355,W01001524,1855,498,26.8
35356,W01001540,1268,209,16.5
35357,W01001541,1158,301,26.0
35358,W01001510,1597,404,25.3
35359,W01001511,1538,408,26.5
35360,W01001512,1291,486,37.6
35361,W01001513,1469,428,29.1
35362,W01001514,1079,312,28.9
35363,W01001515,1392,268,19.3
35364,W01001516,1435,266,18.5
35365,W01001517,2438,406,16.7
35366,W01001518,1131,324,28.6
35367,W01001519,1282,187,14.6
35368,W01001520,2596,409,15.8
35369,W01001521,1421,235,16.5
35370,W01001522,1596,330,20.7
35371,W01001537,1169,317,27.1
35372,W01001493,1808,415,23.0
35373,W01001494,1545,402,26.0
35374,W01001495,1794,543,30.3
35375,W01001507,1938,488,25.2
35376,W01001501,1321,201,15.2
35377,W01001503,1238,193,15.6
35378,W01001536,1144,149,13.0
35379,W01001538,1326,217,16.4
35380,W01001539,1439,239,16.6
35381,W01001506,1520,344,22.6
35382,W01001526,1400,261,18.6
35383,W01001527,1178,320,27.2
35384,W01001528,1779,242,13.6
35385,W01001532,1768,321,18.2
35386,W01001497,1393,287,20.6
35387,W01001498,1243,261,21.0
35388,W01001499,1161,187,16.1
35389,W01001500,1244,298,24.0
35390,W01001502,1201,270,22.5
35391,W01001492,2438,532,21.8
35392,W01001533,1497,281,18.8
35393,W01001534,1404,339,24.1
35394,W01001535,1244,297,23.9
35395,W01001504,2323,421,18.1
35396,W01001505,2651,466,17.6
35397,W01001508,1179,395,33.5
35398,W01001509,1382,413,29.9
35399,W01001545,1522,620,40.7
35400,W01001548,2085,599,28.7
35401,W01001557,1805,415,23.0
35402,W01001571,1494,373,25.0
35403,W01001579,1576,588,37.3
35404,W01001546,1563,248,15.9
35405,W01001558,1575,428,27.2
35406,W01001580,1751,488,27.9
35407,W01001974,1438,263,18.3
35408,W01001975,1321,343,26.0
35409,W01001561,1600,586,36.6
35410,W01001562,1369,268,19.6
35411,W01001563,1140,272,23.9
35412,W01001569,1340,446,33.3
35413,W01001976,1602,467,29.2
35414,W01001977,1461,324,22.2
35415,W01001552,1508,515,34.2
35416,W01001554,1523,498,32.7
35417,W01001576,1071,231,21.6
35418,W01001577,1291,386,29.9
35419,W01001599,2123,624,29.4
35420,W01001978,1491,380,25.5
35421,W01001979,2035,324,15.9
35422,W01001568,1782,505,28.3
35423,W01001575,1236,377,30.5
35424,W01001581,1933,640,33.1
35425,W01001980,2194,678,30.9
35426,W01001555,1136,355,31.2
35427,W01001556,1373,330,24.0
35428,W01001560,1369,382,27.9
35429,W01001565,1811,541,29.9
35430,W01001596,1205,435,36.1
35431,W01001597,1422,404,28.4
35432,W01001549,1389,439,31.6
35433,W01001583,1515,451,29.8
35434,W01001585,1281,378,29.5
35435,W01001586,2484,539,21.7
35436,W01001594,1405,405,28.8
35437,W01001595,1296,403,31.1
35438,W01001559,1276,384,30.1
35439,W01001584,1759,323,18.4
35440,W01001587,1878,411,21.9
35441,W01001592,1625,232,14.3
35442,W01001593,1632,246,15.1
35443,W01001542,2124,488,23.0
35444,W01001543,1781,409,23.0
35445,W01001578,2485,585,23.5
35446,W01001590,2119,621,29.3
35447,W01001551,1171,200,17.1
35448,W01001588,1611,538,33.4
35449,W01001589,1426,359,25.2
35450,W01001598,1672,328,19.6
35451,W01001908,2148,478,22.3
35452,W01001572,1606,413,25.7
35453,W01001573,1411,302,21.4
35454,W01001574,1331,286,21.5
35455,W01001582,1790,287,16.0
35456,W01001591,1597,199,12.5
35457,W01001623,1407,386,27.4
35458,W01001624,1207,285,23.6
35459,W01001625,1176,347,29.5
35460,W01001626,1507,338,22.4
35461,W01001627,1609,413,25.7
35462,W01001628,1065,242,22.7
35463,W01001651,1439,405,28.1
35464,W01001652,1655,310,18.7
35465,W01001653,1356,395,29.1
35466,W01001654,1584,339,21.4
35467,W01001655,1568,423,27.0
35468,W01001617,1478,221,15.0
35469,W01001618,1124,205,18.2
35470,W01001619,1382,204,14.8
35471,W01001620,1689,204,12.1
35472,W01001621,1415,260,18.4
35473,W01001622,1208,235,19.5
35474,W01001639,2176,358,16.5
35475,W01001640,1107,356,32.2
35476,W01001641,1364,392,28.7
35477,W01001650,1662,224,13.5
35478,W01002026,1869,70,3.7
35479,W01002027,1779,388,21.8
35480,W01001614,1602,302,18.9
35481,W01001615,1594,247,15.5
35482,W01001616,1414,342,24.2
35483,W01001678,1664,278,16.7
35484,W01001601,1551,190,12.3
35485,W01001681,1339,164,12.2
35486,W01001682,1397,311,22.3
35487,W01001683,1093,165,15.1
35488,W01001684,1412,204,14.4
35489,W01001675,1585,245,15.5
35490,W01001676,1856,172,9.3
35491,W01001677,1391,305,21.9
35492,W01001679,1114,231,20.7
35493,W01001680,1287,157,12.2
35494,W01001606,1276,263,20.6
35495,W01001608,1488,272,18.3
35496,W01001663,1393,383,27.5
35497,W01001665,1645,476,28.9
35498,W01001669,1253,361,28.8
35499,W01001670,2291,447,19.5
35500,W01001673,1419,462,32.6
35501,W01001674,1569,283,18.0
35502,W01002028,1944,399,20.5
35503,W01002029,1765,44,2.5
35504,W01001664,1230,233,18.9
35505,W01001666,1495,187,12.5
35506,W01001667,1310,165,12.6
35507,W01001668,1237,200,16.2
35508,W01001611,1200,174,14.5
35509,W01001612,1528,313,20.5
35510,W01001613,1523,195,12.8
35511,W01001691,1683,227,13.5
35512,W01001692,2348,227,9.7
35513,W01001600,1847,435,23.6
35514,W01001602,1624,436,26.8
35515,W01001603,1520,225,14.8
35516,W01001604,1494,367,24.6
35517,W01001642,1665,216,13.0
35518,W01001643,1905,121,6.4
35519,W01001690,2215,172,7.8
35520,W01001693,2906,194,6.7
35521,W01002030,1426,175,12.3
35522,W01002031,1694,120,7.1
35523,W01001605,1460,319,21.8
35524,W01001685,1702,218,12.8
35525,W01001686,1290,223,17.3
35526,W01001687,2331,316,13.6
35527,W01001607,1365,114,8.4
35528,W01001609,1915,144,7.5
35529,W01001610,1322,232,17.5
35530,W01001645,1283,178,13.9
35531,W01001646,1646,333,20.2
35532,W01001648,1552,319,20.6
35533,W01002032,1281,332,25.9
35534,W01002033,1404,113,8.0
35535,W01001635,1323,317,24.0
35536,W01001637,2129,416,19.5
35537,W01001638,1216,263,21.6
35538,W01001671,2309,389,16.8
35539,W01001629,1375,392,28.5
35540,W01001630,1658,435,26.2
35541,W01001631,1344,287,21.4
35542,W01001632,1407,220,15.6
35543,W01001659,1912,255,13.3
35544,W01001660,2724,309,11.3
35545,W01001661,2979,173,5.8
35546,W01001662,1675,192,11.5
35547,W01001633,1721,207,12.0
35548,W01001634,1479,245,16.6
35549,W01001689,2065,355,17.2
35550,W01002034,1705,210,12.3
35551,W01002035,1608,84,5.2
35552,W01001636,1929,219,11.4
35553,W01001657,1452,326,22.5
35554,W01001658,2078,350,16.8
35555,W01001912,1527,382,25.0
35556,W01001913,1442,124,8.6
35557,W01000461,1585,409,25.8
35558,W01000470,1989,599,30.1
35559,W01000475,2399,700,29.2
35560,W01001906,1953,593,30.4
35561,W01001907,1382,351,25.4
35562,W01000444,2259,699,30.9
35563,W01000457,2148,530,24.7
35564,W01000458,1857,494,26.6
35565,W01000498,1488,331,22.2
35566,W01000499,1237,339,27.4
35567,W01000500,1712,368,21.5
35568,W01000501,2200,541,24.6
35569,W01000442,2053,527,25.7
35570,W01000452,1996,614,30.8
35571,W01000473,2158,562,26.0
35572,W01000428,1339,391,29.2
35573,W01000441,1536,418,27.2
35574,W01000476,1283,416,32.4
35575,W01000497,1376,354,25.7
35576,W01000433,2272,652,28.7
35577,W01000460,1707,447,26.2
35578,W01000488,2174,585,26.9
35579,W01000434,1742,581,33.4
35580,W01000439,2038,527,25.9
35581,W01000447,2015,548,27.2
35582,W01000480,2106,438,20.8
35583,W01000481,2197,614,27.9
35584,W01000482,1893,508,26.8
35585,W01000478,1873,212,11.3
35586,W01000479,1453,267,18.4
35587,W01000483,1839,290,15.8
35588,W01000429,2325,649,27.9
35589,W01000453,1384,408,29.5
35590,W01000466,1334,376,28.2
35591,W01000467,1449,432,29.8
35592,W01000427,1345,404,30.0
35593,W01000448,1395,423,30.3
35594,W01000449,1519,452,29.8
35595,W01000464,1193,385,32.3
35596,W01000484,1684,520,30.9
35597,W01000485,1584,616,38.9
35598,W01000486,1064,341,32.0
35599,W01000438,1231,507,41.2
35600,W01000451,1187,350,29.5
35601,W01000472,1188,396,33.3
35602,W01000477,1533,458,29.9
35603,W01000487,2084,644,30.9
35604,W01000454,1266,356,28.1
35605,W01000455,2185,485,22.2
35606,W01000456,2149,763,35.5
35607,W01000431,1259,235,18.7
35608,W01000432,1210,374,30.9
35609,W01000450,1399,433,31.0
35610,W01000459,1209,349,28.9
35611,W01000471,1765,580,32.9
35612,W01000430,1316,386,29.3
35613,W01000443,2281,728,31.9
35614,W01000445,1482,427,28.8
35615,W01000446,1680,541,32.2
35616,W01000494,1701,444,26.1
35617,W01000489,1778,406,22.8
35618,W01000492,1517,429,28.3
35619,W01000493,1731,387,22.4
35620,W01001901,1837,562,30.6
35621,W01001902,1386,241,17.4
35622,W01000465,1035,358,34.6
35623,W01001903,2110,725,34.4
35624,W01001904,1648,552,33.5
35625,W01001905,2151,654,30.4
35626,W01000440,1312,381,29.0
35627,W01000474,1747,446,25.5
35628,W01000503,1060,317,29.9
35629,W01001897,1870,561,30.0
35630,W01000426,1420,371,26.1
35631,W01000496,2081,598,28.7
35632,W01000502,2063,638,30.9
35633,W01000504,1132,220,19.4
35634,W01000505,1432,391,27.3
35635,W01001899,2216,523,23.6
35636,W01001295,1509,272,18.0
35637,W01001296,1579,359,22.7
35638,W01001297,1816,271,14.9
35639,W01001298,1730,307,17.7
35640,W01001310,1552,327,21.1
35641,W01001311,1174,171,14.6
35642,W01001291,2079,349,16.8
35643,W01001294,1668,414,24.8
35644,W01001305,1225,254,20.7
35645,W01001306,1422,293,20.6
35646,W01001324,1937,497,25.7
35647,W01001292,1840,214,11.6
35648,W01001293,1680,359,21.4
35649,W01001307,1514,341,22.5
35650,W01001315,1701,326,19.2
35651,W01001314,2095,412,19.7
35652,W01001317,1745,352,20.2
35653,W01001318,1481,311,21.0
35654,W01001959,1532,231,15.1
35655,W01001960,1437,276,19.2
35656,W01001289,1359,267,19.6
35657,W01001302,1434,200,13.9
35658,W01001312,1474,417,28.3
35659,W01001313,1475,302,20.5
35660,W01001961,2345,441,18.8
35661,W01001290,2411,405,16.8
35662,W01001319,1592,366,23.0
35663,W01001320,1425,330,23.2
35664,W01001321,1622,251,15.5
35665,W01001322,1634,352,21.5
35666,W01001299,1691,219,13.0
35667,W01001300,1735,278,16.0
35668,W01001301,1913,244,12.8
35669,W01001308,1253,157,12.5
35670,W01001309,1302,220,16.9
35671,W01001898,1462,321,22.0
