,lsoa21cd,total_pop,under5_count,under5_perc,z_under5_perc
33755,W01000003,2442,131,5.4,0.27775655923503334
33756,W01000004,1254,40,3.2,-1.1450668501149361
33757,W01000018,1177,44,3.7,-0.8216978934444885
33758,W01000028,1985,112,5.6,0.40710414190321187
33759,W01000031,1551,69,4.4,-0.3689813541058618
33760,W01000010,1809,67,3.7,-0.8216978934444885
33761,W01000021,2311,85,3.7,-0.8216978934444885
33762,W01002005,2244,97,4.3,-0.43365514543995165
33763,W01000016,1193,61,5.1,0.08373518523276433
33764,W01000017,1682,95,5.6,0.40710414190321187
33765,W01000029,1610,104,6.5,0.9891682639100178
33766,W01000030,2326,150,6.4,0.9244944725759284
33767,W01000033,1555,97,6.2,0.7951468899077493
33768,W01000036,1103,70,6.3,0.8598206812418386
33769,W01000037,1158,53,4.6,-0.23963377143768325
33770,W01000022,1605,65,4.0,-0.6276765194422201
33771,W01000034,1448,84,5.8,0.536451724571391
33772,W01000040,1053,22,2.1,-1.8564785547899207
33773,W01000044,1085,24,2.2,-1.7918047634558312
33774,W01002007,2210,89,4.0,-0.6276765194422201
33775,W01000005,1615,49,3.0,-1.2744144327831153
33776,W01000013,2180,83,3.8,-0.7570241021103993
33777,W01000019,1337,25,1.9,-1.9858261374580999
33778,W01000026,1244,31,2.5,-1.5977833894535627
33779,W01000035,1787,75,4.2,-0.49832893677404094
33780,W01000006,1540,79,5.1,0.08373518523276433
33781,W01000012,1697,80,4.7,-0.1749599801035934
33782,W01000014,2208,138,6.2,0.7951468899077493
33783,W01000041,1594,128,8.0,1.9592751339213603
33784,W01000009,1872,92,4.9,-0.045612397435414245
33785,W01000023,1571,93,5.9,0.6011255159054809
33786,W01000024,1359,108,7.9,1.8946013425872712
33787,W01002008,2098,79,3.8,-0.7570241021103993
33788,W01000008,1449,52,3.6,-0.8863716847785781
33789,W01000011,1005,16,1.6,-2.1798475114603684
33790,W01000015,1457,53,3.6,-0.8863716847785781
33791,W01000042,2042,100,4.9,-0.045612397435414245
33792,W01000007,1771,65,3.7,-0.8216978934444885
33793,W01000025,2166,122,5.6,0.40710414190321187
33794,W01000027,1860,90,4.8,-0.1102861887695041
33795,W01000038,2236,94,4.2,-0.49832893677404094
33796,W01000062,1988,42,2.1,-1.8564785547899207
33797,W01000076,1295,35,2.7,-1.4684358067853835
33798,W01000077,1180,52,4.4,-0.3689813541058618
33799,W01000091,1106,92,8.3,2.1532965079236295
33800,W01000092,3048,19,0.6,-2.8265854248012636
33801,W01000064,2002,104,5.2,0.14840897656685417
33802,W01000072,1676,71,4.2,-0.49832893677404094
33803,W01000075,1406,68,4.8,-0.1102861887695041
33804,W01000090,1365,98,7.2,1.4418848032486444
33805,W01000102,1931,156,8.1,2.02394892525545
33806,W01000050,1437,72,5.0,0.019061393898675037
33807,W01000071,2239,118,5.3,0.21308276790094346
33808,W01000096,1266,64,5.1,0.08373518523276433
33809,W01000097,1142,74,6.5,0.9891682639100178
33810,W01000115,2121,97,4.6,-0.23963377143768325
33811,W01000052,1090,55,5.0,0.019061393898675037
33812,W01000053,1178,58,4.9,-0.045612397435414245
33813,W01000087,1828,96,5.3,0.21308276790094346
33814,W01000119,2327,119,5.1,0.08373518523276433
33815,W01000063,1899,97,5.1,0.08373518523276433
33816,W01000081,2008,94,4.7,-0.1749599801035934
33817,W01000099,1670,80,4.8,-0.1102861887695041
33818,W01000103,1168,49,4.2,-0.49832893677404094
33819,W01000059,2117,142,6.7,1.1185158465781968
33820,W01000093,2257,113,5.0,0.019061393898675037
33821,W01000098,2549,201,7.9,1.8946013425872712
33822,W01000110,1599,84,5.3,0.21308276790094346
33823,W01000054,1004,30,3.0,-1.2744144327831153
33824,W01000088,2082,123,5.9,0.6011255159054809
33825,W01000111,1562,68,4.4,-0.3689813541058618
33826,W01000118,1712,96,5.6,0.40710414190321187
33827,W01000073,1665,82,4.9,-0.045612397435414245
33828,W01000086,2176,107,4.9,-0.045612397435414245
33829,W01000104,1787,88,4.9,-0.045612397435414245
33830,W01000112,1939,111,5.7,0.4717779332373017
33831,W01000056,1778,100,5.6,0.40710414190321187
33832,W01000065,1029,59,5.7,0.4717779332373017
33833,W01000113,1855,93,5.0,0.019061393898675037
33834,W01000114,1417,55,3.9,-0.6923503107763097
33835,W01000066,1171,51,4.4,-0.3689813541058618
33836,W01000100,1056,43,4.1,-0.5630027281081308
33837,W01000105,1728,75,4.3,-0.43365514543995165
33838,W01000106,1507,41,2.7,-1.4684358067853835
33839,W01000107,1193,58,4.9,-0.045612397435414245
33840,W01000047,1268,57,4.5,-0.3043075627717725
33841,W01000061,1737,69,4.0,-0.6276765194422201
33842,W01000078,1556,83,5.3,0.21308276790094346
33843,W01000089,1920,87,4.5,-0.3043075627717725
33844,W01000070,1300,58,4.5,-0.3043075627717725
33845,W01000094,1220,48,3.9,-0.6923503107763097
33846,W01000095,1290,51,4.0,-0.6276765194422201
33847,W01000108,2088,85,4.1,-0.5630027281081308
33848,W01000109,1860,87,4.7,-0.1749599801035934
33849,W01000074,1806,59,3.3,-1.0803930587808468
33850,W01000101,1368,64,4.7,-0.1749599801035934
33851,W01002003,2383,74,3.1,-1.2097406414490257
33852,W01000080,1457,49,3.4,-1.0157192674467572
33853,W01000084,1067,41,3.8,-0.7570241021103993
33854,W01001932,2759,123,4.5,-0.3043075627717725
33855,W01000051,1990,94,4.7,-0.1749599801035934
33856,W01000060,1256,45,3.6,-0.8863716847785781
33857,W01000082,1086,42,3.9,-0.6923503107763097
33858,W01000083,1346,54,4.0,-0.6276765194422201
33859,W01000057,1381,46,3.3,-1.0803930587808468
33860,W01000067,1181,31,2.6,-1.5331095981194731
33861,W01000068,1420,73,5.1,0.08373518523276433
33862,W01002004,2142,93,4.3,-0.43365514543995165
33863,W01000085,1924,63,3.3,-1.0803930587808468
33864,W01000116,1667,44,2.6,-1.5331095981194731
33865,W01000117,1463,54,3.7,-0.8216978934444885
33866,W01001933,1902,44,2.3,-1.7271309721217418
33867,W01000132,1543,63,4.1,-0.5630027281081308
33868,W01000146,2033,58,2.9,-1.3390882241172049
33869,W01000147,1491,35,2.3,-1.7271309721217418
33870,W01000169,1765,56,3.2,-1.1450668501149361
33871,W01000186,1587,56,3.5,-0.9510454761126677
33872,W01000133,1780,46,2.6,-1.5331095981194731
33873,W01000168,1828,95,5.2,0.14840897656685417
33874,W01000187,1515,83,5.5,0.3424303505691226
33875,W01000188,1589,57,3.6,-0.8863716847785781
33876,W01000154,1413,59,4.2,-0.49832893677404094
33877,W01000173,1466,66,4.5,-0.3043075627717725
33878,W01000174,1612,83,5.1,0.08373518523276433
33879,W01000175,1517,31,2.0,-1.9211523461240103
33880,W01000155,1412,54,3.8,-0.7570241021103993
33881,W01000156,1486,27,1.8,-2.0504999287921897
33882,W01000157,1425,92,6.5,0.9891682639100178
33883,W01000158,1560,41,2.6,-1.5331095981194731
33884,W01000149,1490,57,3.8,-0.7570241021103993
33885,W01000150,1478,50,3.4,-1.0157192674467572
33886,W01000151,1524,81,5.3,0.21308276790094346
33887,W01000152,1417,58,4.1,-0.5630027281081308
33888,W01000184,2268,76,3.4,-1.0157192674467572
33889,W01000135,1993,51,2.6,-1.5331095981194731
33890,W01000136,1769,67,3.8,-0.7570241021103993
33891,W01000165,1859,55,3.0,-1.2744144327831153
33892,W01000166,2769,179,6.5,0.9891682639100178
33893,W01000139,1627,81,5.0,0.019061393898675037
33894,W01000143,1575,104,6.6,1.053842055244107
33895,W01000144,1674,126,7.5,1.635906177250913
33896,W01000182,2076,80,3.9,-0.6923503107763097
33897,W01000138,1942,99,5.1,0.08373518523276433
33898,W01000145,1298,61,4.7,-0.1749599801035934
33899,W01000180,1498,36,2.4,-1.6624571807876523
33900,W01000181,1462,79,5.4,0.27775655923503334
33901,W01000183,1471,45,3.1,-1.2097406414490257
33902,W01000126,1683,68,4.0,-0.6276765194422201
33903,W01000127,1374,65,4.7,-0.1749599801035934
33904,W01000128,1502,87,5.8,0.536451724571391
33905,W01000153,1602,56,3.5,-0.9510454761126677
33906,W01000163,1386,108,7.8,1.8299275512531812
33907,W01000164,1351,71,5.3,0.21308276790094346
33908,W01000140,1772,79,4.5,-0.3043075627717725
33909,W01000141,1536,53,3.5,-0.9510454761126677
33910,W01000142,1516,37,2.4,-1.6624571807876523
33911,W01000178,2021,134,6.6,1.053842055244107
33912,W01000179,2009,97,4.8,-0.1102861887695041
33913,W01001927,1348,62,4.6,-0.23963377143768325
33914,W01001928,1086,44,4.1,-0.5630027281081308
33915,W01000167,2003,129,6.4,0.9244944725759284
33916,W01000176,1626,115,7.1,1.3772110119145546
33917,W01000177,1440,83,5.8,0.536451724571391
33918,W01001926,2130,104,4.9,-0.045612397435414245
33919,W01000124,1944,52,2.7,-1.4684358067853835
33920,W01000129,1180,42,3.6,-0.8863716847785781
33921,W01000130,1413,37,2.6,-1.5331095981194731
33922,W01000131,1680,95,5.7,0.4717779332373017
33923,W01000123,1755,84,4.8,-0.1102861887695041
33924,W01000125,1537,71,4.6,-0.23963377143768325
33925,W01000170,1794,66,3.7,-0.8216978934444885
33926,W01000171,1492,58,3.9,-0.6923503107763097
33927,W01000172,1266,80,6.3,0.8598206812418386
33928,W01000122,1954,71,3.6,-0.8863716847785781
33929,W01000159,1428,68,4.8,-0.1102861887695041
33930,W01000162,1821,75,4.1,-0.5630027281081308
33931,W01000190,1399,65,4.6,-0.23963377143768325
33932,W01000121,1147,41,3.6,-0.8863716847785781
33933,W01000134,2047,103,5.0,0.019061393898675037
33934,W01000137,1537,57,3.7,-0.8216978934444885
33935,W01000148,1086,61,5.6,0.40710414190321187
33936,W01000185,1237,53,4.3,-0.43365514543995165
33937,W01000189,1468,77,5.2,0.14840897656685417
33938,W01000218,1585,56,3.5,-0.9510454761126677
33939,W01000219,2638,153,5.8,0.536451724571391
33940,W01000220,1643,54,3.3,-1.0803930587808468
33941,W01000213,1326,84,6.3,0.8598206812418386
33942,W01000214,1158,58,5.0,0.019061393898675037
33943,W01000215,1465,47,3.2,-1.1450668501149361
33944,W01000216,1296,60,4.6,-0.23963377143768325
33945,W01000212,2166,71,3.3,-1.0803930587808468
33946,W01000221,1342,68,5.1,0.08373518523276433
33947,W01000222,1789,72,4.0,-0.6276765194422201
33948,W01000226,1542,83,5.4,0.27775655923503334
33949,W01000227,1483,61,4.1,-0.5630027281081308
33950,W01000228,1627,54,3.3,-1.0803930587808468
33951,W01000239,1722,124,7.2,1.4418848032486444
33952,W01000240,1669,121,7.2,1.4418848032486444
33953,W01000241,1525,123,8.1,2.02394892525545
33954,W01000236,1996,160,8.0,1.9592751339213603
33955,W01000237,1776,135,7.6,1.700579968585002
33956,W01000238,1799,113,6.3,0.8598206812418386
33957,W01000200,1283,46,3.6,-0.8863716847785781
33958,W01000201,1717,94,5.5,0.3424303505691226
33959,W01000217,2000,101,5.1,0.08373518523276433
33960,W01000248,1655,74,4.5,-0.3043075627717725
33961,W01000191,2093,106,5.1,0.08373518523276433
33962,W01000223,1290,44,3.4,-1.0157192674467572
33963,W01000224,1572,92,5.9,0.6011255159054809
33964,W01000225,1426,41,2.9,-1.3390882241172049
33965,W01000245,1843,81,4.4,-0.3689813541058618
33966,W01000246,1641,72,4.4,-0.3689813541058618
33967,W01000247,1818,61,3.4,-1.0157192674467572
33968,W01000194,1916,93,4.9,-0.045612397435414245
33969,W01000198,1386,117,8.4,2.217970299257719
33970,W01000199,1702,85,5.0,0.019061393898675037
33971,W01000195,1440,51,3.5,-0.9510454761126677
33972,W01000196,1404,89,6.3,0.8598206812418386
33973,W01000197,1676,58,3.5,-0.9510454761126677
33974,W01000211,1797,70,3.9,-0.6923503107763097
33975,W01000203,2431,75,3.1,-1.2097406414490257
33976,W01000204,1461,59,4.0,-0.6276765194422201
33977,W01000206,2239,108,4.8,-0.1102861887695041
33978,W01000242,1978,115,5.8,0.536451724571391
33979,W01000243,2116,128,6.0,0.6657993072395701
33980,W01000244,1604,57,3.6,-0.8863716847785781
33981,W01000193,1245,48,3.9,-0.6923503107763097
33982,W01000202,1633,69,4.2,-0.49832893677404094
33983,W01000207,2307,114,4.9,-0.045612397435414245
33984,W01000192,999,41,4.1,-0.5630027281081308
33985,W01000205,1212,60,5.0,0.019061393898675037
33986,W01000208,1283,46,3.6,-0.8863716847785781
33987,W01000209,1411,59,4.2,-0.49832893677404094
33988,W01000210,1336,50,3.7,-0.8216978934444885
33989,W01000229,1534,70,4.6,-0.23963377143768325
33990,W01000230,1921,83,4.3,-0.43365514543995165
33991,W01000231,1334,73,5.5,0.3424303505691226
33992,W01000232,1640,85,5.2,0.14840897656685417
33993,W01000233,1304,69,5.3,0.21308276790094346
33994,W01000234,2296,211,9.2,2.735360629930434
33995,W01000235,1335,75,5.6,0.40710414190321187
33996,W01000287,1881,96,5.1,0.08373518523276433
33997,W01000298,1479,60,4.1,-0.5630027281081308
33998,W01000338,1769,72,4.1,-0.5630027281081308
33999,W01000306,2441,141,5.8,0.536451724571391
34000,W01000320,1892,102,5.4,0.27775655923503334
34001,W01000340,2244,83,3.7,-0.8216978934444885
34002,W01000253,1852,98,5.3,0.21308276790094346
34003,W01000254,2119,121,5.7,0.4717779332373017
34004,W01000296,1549,95,6.1,0.7304730985736595
34005,W01000297,1228,61,5.0,0.019061393898675037
34006,W01000304,2080,125,6.0,0.6657993072395701
34007,W01000305,1921,124,6.5,0.9891682639100178
34008,W01000288,2175,121,5.6,0.40710414190321187
34009,W01000290,1271,53,4.2,-0.49832893677404094
34010,W01000292,1477,93,6.3,0.8598206812418386
34011,W01000293,2707,227,8.4,2.217970299257719
34012,W01000289,1330,56,4.2,-0.49832893677404094
34013,W01000291,1319,81,6.1,0.7304730985736595
34014,W01000294,1888,75,4.0,-0.6276765194422201
34015,W01000295,1564,55,3.5,-0.9510454761126677
34016,W01000258,2106,80,3.8,-0.7570241021103993
34017,W01000270,1246,40,3.2,-1.1450668501149361
34018,W01000271,1247,37,3.0,-1.2744144327831153
34019,W01000272,1793,52,2.9,-1.3390882241172049
34020,W01000301,1719,48,2.8,-1.4037620154512944
34021,W01000273,1539,73,4.7,-0.1749599801035934
34022,W01000274,1918,124,6.5,0.9891682639100178
34023,W01000275,1186,46,3.9,-0.6923503107763097
34024,W01000278,1481,98,6.6,1.053842055244107
34025,W01000276,1212,79,6.5,0.9891682639100178
34026,W01000277,1369,72,5.3,0.21308276790094346
34027,W01000279,1180,46,3.9,-0.6923503107763097
34028,W01000281,1178,58,4.9,-0.045612397435414245
34029,W01000283,2340,139,5.9,0.6011255159054809
34030,W01000332,1823,113,6.2,0.7951468899077493
34031,W01000333,1519,147,9.7,3.0587295866008817
34032,W01000334,1744,70,4.0,-0.6276765194422201
34033,W01000335,1173,59,5.0,0.019061393898675037
34034,W01000336,1434,84,5.9,0.6011255159054809
34035,W01000337,2147,101,4.7,-0.1749599801035934
34036,W01000252,1626,47,2.9,-1.3390882241172049
34037,W01000280,1740,105,6.0,0.6657993072395701
34038,W01000282,1638,81,4.9,-0.045612397435414245
34039,W01000325,1825,107,5.9,0.6011255159054809
34040,W01000311,1674,78,4.7,-0.1749599801035934
34041,W01000312,1614,77,4.8,-0.1102861887695041
34042,W01000328,1908,74,3.9,-0.6923503107763097
34043,W01000264,1713,103,6.0,0.6657993072395701
34044,W01000265,1484,80,5.4,0.27775655923503334
34045,W01000323,1561,48,3.1,-1.2097406414490257
34046,W01000324,1500,53,3.5,-0.9510454761126677
34047,W01000251,1541,81,5.3,0.21308276790094346
34048,W01000268,1654,57,3.4,-1.0157192674467572
34049,W01000284,1725,79,4.6,-0.23963377143768325
34050,W01000285,1597,58,3.6,-0.8863716847785781
34051,W01000286,2179,92,4.2,-0.49832893677404094
34052,W01000302,1928,67,3.5,-0.9510454761126677
34053,W01000249,1188,45,3.8,-0.7570241021103993
34054,W01000250,1426,51,3.6,-0.8863716847785781
34055,W01000261,1413,60,4.2,-0.49832893677404094
34056,W01000321,1634,61,3.7,-0.8216978934444885
34057,W01000322,1386,63,4.5,-0.3043075627717725
34058,W01000255,2272,124,5.5,0.3424303505691226
34059,W01000256,1547,91,5.9,0.6011255159054809
34060,W01000257,2717,165,6.1,0.7304730985736595
34061,W01000329,1622,123,7.6,1.700579968585002
34062,W01000330,2071,104,5.0,0.019061393898675037
34063,W01000331,1445,51,3.5,-0.9510454761126677
34064,W01000313,1604,86,5.4,0.27775655923503334
34065,W01000314,1123,36,3.2,-1.1450668501149361
34066,W01000315,1960,101,5.2,0.14840897656685417
34067,W01000316,1226,49,4.0,-0.6276765194422201
34068,W01000317,1604,72,4.5,-0.3043075627717725
34069,W01000318,1195,60,5.0,0.019061393898675037
34070,W01000319,1435,61,4.3,-0.43365514543995165
34071,W01000259,1672,76,4.5,-0.3043075627717725
34072,W01000260,1721,76,4.4,-0.3689813541058618
34073,W01000262,1419,88,6.2,0.7951468899077493
34074,W01000263,1342,79,5.9,0.6011255159054809
34075,W01000266,1664,106,6.4,0.9244944725759284
34076,W01000267,2043,110,5.4,0.27775655923503334
34077,W01000303,1731,76,4.4,-0.3689813541058618
34078,W01000326,2232,150,6.7,1.1185158465781968
34079,W01000327,2475,150,6.1,0.7304730985736595
34080,W01000299,1888,51,2.7,-1.4684358067853835
34081,W01000300,1629,53,3.3,-1.0803930587808468
34082,W01000309,2124,118,5.6,0.40710414190321187
34083,W01000339,1687,89,5.3,0.21308276790094346
34084,W01000269,1563,63,4.0,-0.6276765194422201
34085,W01000307,1424,51,3.6,-0.8863716847785781
34086,W01000308,1182,48,4.1,-0.5630027281081308
34087,W01000310,1878,56,3.0,-1.2744144327831153
34088,W01000374,1365,64,4.7,-0.1749599801035934
34089,W01000375,2114,136,6.4,0.9244944725759284
34090,W01000376,1341,71,5.3,0.21308276790094346
34091,W01000391,1438,73,5.1,0.08373518523276433
34092,W01000392,1616,104,6.4,0.9244944725759284
34093,W01000377,1548,87,5.6,0.40710414190321187
34094,W01000378,1310,119,9.1,2.6706868385963447
34095,W01000379,1622,109,6.7,1.1185158465781968
34096,W01000380,1474,81,5.5,0.3424303505691226
34097,W01000351,2066,112,5.4,0.27775655923503334
34098,W01000373,1746,111,6.4,0.9244944725759284
34099,W01000400,1827,108,5.9,0.6011255159054809
34100,W01000401,2029,151,7.4,1.5712323859168236
34101,W01000347,2819,195,6.9,1.247863429246376
34102,W01000348,1444,114,7.9,1.8946013425872712
34103,W01000362,1507,113,7.5,1.635906177250913
34104,W01000363,1475,72,4.9,-0.045612397435414245
34105,W01000364,1450,29,2.0,-1.9211523461240103
34106,W01000368,1976,67,3.4,-1.0157192674467572
34107,W01000371,1056,50,4.7,-0.1749599801035934
34108,W01000372,1528,62,4.1,-0.5630027281081308
34109,W01000387,1118,30,2.7,-1.4684358067853835
34110,W01000388,1105,64,5.8,0.536451724571391
34111,W01000422,2141,94,4.4,-0.3689813541058618
34112,W01000413,1336,150,11.2,4.028836456612225
34113,W01000414,1218,100,8.2,2.088622716589539
34114,W01000425,2044,128,6.3,0.8598206812418386
34115,W01001969,2265,112,4.9,-0.045612397435414245
34116,W01000349,2288,144,6.3,0.8598206812418386
34117,W01000350,1822,110,6.0,0.6657993072395701
34118,W01000365,2027,81,4.0,-0.6276765194422201
34119,W01000402,2541,126,5.0,0.019061393898675037
34120,W01000381,1105,41,3.7,-0.8216978934444885
34121,W01000382,1395,98,7.0,1.3125372205804653
34122,W01000423,2211,190,8.6,2.347317881925897
34123,W01000424,1284,63,4.9,-0.045612397435414245
34124,W01001929,1191,79,6.6,1.053842055244107
34125,W01001931,1420,86,6.1,0.7304730985736595
34126,W01000398,1207,41,3.4,-1.0157192674467572
34127,W01000399,1085,47,4.3,-0.43365514543995165
34128,W01000406,2188,151,6.9,1.247863429246376
34129,W01000408,1223,45,3.7,-0.8216978934444885
34130,W01000366,1475,84,5.7,0.4717779332373017
34131,W01000367,1281,62,4.8,-0.1102861887695041
34132,W01000385,1738,85,4.9,-0.045612397435414245
34133,W01000410,1699,94,5.5,0.3424303505691226
34134,W01000386,1427,66,4.6,-0.23963377143768325
34135,W01000405,2287,130,5.7,0.4717779332373017
34136,W01000411,1526,83,5.4,0.27775655923503334
34137,W01000412,1484,69,4.6,-0.23963377143768325
34138,W01000394,1158,44,3.8,-0.7570241021103993
34139,W01000395,1040,52,5.0,0.019061393898675037
34140,W01000407,1383,53,3.8,-0.7570241021103993
34141,W01000419,1434,86,6.0,0.6657993072395701
34142,W01000420,1530,83,5.4,0.27775655923503334
34143,W01000354,1647,74,4.5,-0.3043075627717725
34144,W01000355,1754,111,6.3,0.8598206812418386
34145,W01000356,1607,69,4.3,-0.43365514543995165
34146,W01000389,1995,83,4.2,-0.49832893677404094
34147,W01000409,1890,181,9.6,2.9940557952667923
34148,W01000345,1595,52,3.3,-1.0803930587808468
34149,W01000346,1477,39,2.6,-1.5331095981194731
34150,W01000403,1316,54,4.1,-0.5630027281081308
34151,W01000404,2005,92,4.6,-0.23963377143768325
34152,W01000359,1196,60,5.0,0.019061393898675037
34153,W01000360,1227,57,4.6,-0.23963377143768325
34154,W01000361,1973,88,4.5,-0.3043075627717725
34155,W01001930,2064,73,3.5,-0.9510454761126677
34156,W01000369,1259,38,3.0,-1.2744144327831153
34157,W01000370,1532,46,3.0,-1.2744144327831153
34158,W01000390,1733,81,4.7,-0.1749599801035934
34159,W01001970,2153,77,3.6,-0.8863716847785781
34160,W01000384,1087,28,2.6,-1.5331095981194731
34161,W01000417,1534,57,3.7,-0.8216978934444885
34162,W01000418,1755,90,5.1,0.08373518523276433
34163,W01001971,2664,37,1.4,-2.3091950941285475
34164,W01001972,1308,63,4.8,-0.1102861887695041
34165,W01000341,1549,81,5.2,0.14840897656685417
34166,W01000342,1532,86,5.6,0.40710414190321187
34167,W01000343,1027,36,3.5,-0.9510454761126677
34168,W01000344,1240,37,3.0,-1.2744144327831153
34169,W01000393,1937,92,4.7,-0.1749599801035934
34170,W01000415,1424,70,4.9,-0.045612397435414245
34171,W01000416,1175,47,4.0,-0.6276765194422201
34172,W01000523,1864,51,2.7,-1.4684358067853835
34173,W01000548,1769,76,4.3,-0.43365514543995165
34174,W01000549,1770,90,5.1,0.08373518523276433
34175,W01001937,1956,62,3.2,-1.1450668501149361
34176,W01000512,1353,31,2.3,-1.7271309721217418
34177,W01000513,2108,39,1.9,-1.9858261374580999
34178,W01000517,1170,24,2.1,-1.8564785547899207
34179,W01002000,2920,41,1.4,-2.3091950941285475
34180,W01002001,1416,16,1.1,-2.503216468130816
34181,W01000515,1318,78,5.9,0.6011255159054809
34182,W01000516,1644,108,6.6,1.053842055244107
34183,W01000518,1008,27,2.7,-1.4684358067853835
34184,W01001935,1036,54,5.2,0.14840897656685417
34185,W01001936,1449,36,2.5,-1.5977833894535627
34186,W01000506,1268,34,2.7,-1.4684358067853835
34187,W01000524,1918,83,4.3,-0.43365514543995165
34188,W01000538,1544,64,4.1,-0.5630027281081308
34189,W01000539,1186,56,4.7,-0.1749599801035934
34190,W01000540,1156,64,5.5,0.3424303505691226
34191,W01000545,1981,69,3.5,-0.9510454761126677
34192,W01002002,4345,178,4.1,-0.5630027281081308
34193,W01000527,1152,39,3.4,-1.0157192674467572
34194,W01000528,1350,75,5.6,0.40710414190321187
34195,W01000535,2036,81,4.0,-0.6276765194422201
34196,W01000537,1388,46,3.3,-1.0803930587808468
34197,W01000541,1743,72,4.1,-0.5630027281081308
34198,W01000507,1140,40,3.5,-0.9510454761126677
34199,W01000508,1044,54,5.2,0.14840897656685417
34200,W01000509,1865,81,4.3,-0.43365514543995165
34201,W01000510,1182,56,4.7,-0.1749599801035934
34202,W01000511,1174,70,6.0,0.6657993072395701
34203,W01000546,1138,39,3.4,-1.0157192674467572
34204,W01000547,1137,36,3.2,-1.1450668501149361
34205,W01000519,1766,75,4.2,-0.49832893677404094
34206,W01000522,1199,31,2.6,-1.5331095981194731
34207,W01000531,1764,72,4.1,-0.5630027281081308
34208,W01000533,1341,51,3.8,-0.7570241021103993
34209,W01000551,1384,63,4.6,-0.23963377143768325
34210,W01000525,1228,30,2.4,-1.6624571807876523
34211,W01000534,1515,63,4.2,-0.49832893677404094
34212,W01000536,1367,44,3.2,-1.1450668501149361
34213,W01000542,2204,85,3.9,-0.6923503107763097
34214,W01000543,2011,89,4.4,-0.3689813541058618
34215,W01000550,1154,49,4.2,-0.49832893677404094
34216,W01000552,2008,89,4.4,-0.3689813541058618
34217,W01000558,2120,94,4.4,-0.3689813541058618
34218,W01000559,1452,58,4.0,-0.6276765194422201
34219,W01000560,1296,49,3.8,-0.7570241021103993
34220,W01000561,1292,43,3.3,-1.0803930587808468
34221,W01000613,2058,78,3.8,-0.7570241021103993
34222,W01000562,1609,57,3.5,-0.9510454761126677
34223,W01000565,1833,72,3.9,-0.6923503107763097
34224,W01000566,1589,74,4.7,-0.1749599801035934
34225,W01000567,2022,92,4.5,-0.3043075627717725
34226,W01000597,1058,40,3.8,-0.7570241021103993
34227,W01000617,1519,68,4.5,-0.3043075627717725
34228,W01000579,2375,114,4.8,-0.1102861887695041
34229,W01000581,1401,43,3.1,-1.2097406414490257
34230,W01000612,1749,38,2.2,-1.7918047634558312
34231,W01000618,1712,61,3.6,-0.8863716847785781
34232,W01000582,1673,62,3.7,-0.8216978934444885
34233,W01000583,1425,66,4.6,-0.23963377143768325
34234,W01000611,2105,113,5.4,0.27775655923503334
34235,W01000623,2015,90,4.5,-0.3043075627717725
34236,W01000569,1104,75,6.8,1.1831896379122862
34237,W01000570,1466,156,10.6,3.6407937086076876
34238,W01000572,1833,83,4.5,-0.3043075627717725
34239,W01002009,1194,45,3.8,-0.7570241021103993
34240,W01002010,1110,55,5.0,0.019061393898675037
34241,W01000571,2430,123,5.1,0.08373518523276433
34242,W01000573,2554,129,5.1,0.08373518523276433
34243,W01000586,2219,129,5.8,0.536451724571391
34244,W01000577,1548,50,3.2,-1.1450668501149361
34245,W01000585,1354,35,2.6,-1.5331095981194731
34246,W01000595,2368,135,5.7,0.4717779332373017
34247,W01000596,1710,60,3.5,-0.9510454761126677
34248,W01000555,1519,51,3.4,-1.0157192674467572
34249,W01000556,1181,43,3.6,-0.8863716847785781
34250,W01000575,2779,124,4.5,-0.3043075627717725
34251,W01000614,1390,60,4.3,-0.43365514543995165
34252,W01000622,1411,38,2.7,-1.4684358067853835
34253,W01000554,1859,78,4.2,-0.49832893677404094
34254,W01000580,2311,101,4.4,-0.3689813541058618
34255,W01000598,2173,105,4.8,-0.1102861887695041
34256,W01000599,1992,85,4.3,-0.43365514543995165
34257,W01000587,2004,99,4.9,-0.045612397435414245
34258,W01000588,2336,143,6.1,0.7304730985736595
34259,W01002011,1573,89,5.7,0.4717779332373017
34260,W01002012,1436,78,5.4,0.27775655923503334
34261,W01000553,1227,31,2.5,-1.5977833894535627
34262,W01000563,1126,47,4.2,-0.49832893677404094
34263,W01000564,1302,49,3.8,-0.7570241021103993
34264,W01000576,2299,100,4.3,-0.43365514543995165
34265,W01002013,2351,50,2.1,-1.8564785547899207
34266,W01000589,1148,68,5.9,0.6011255159054809
34267,W01000590,1139,48,4.2,-0.49832893677404094
34268,W01000591,1639,97,5.9,0.6011255159054809
34269,W01000592,1329,82,6.2,0.7951468899077493
34270,W01000594,2191,138,6.3,0.8598206812418386
34271,W01000600,1598,67,4.2,-0.49832893677404094
34272,W01000601,1527,110,7.2,1.4418848032486444
34273,W01000602,1216,44,3.6,-0.8863716847785781
34274,W01000603,1804,88,4.9,-0.045612397435414245
34275,W01000604,1714,113,6.6,1.053842055244107
34276,W01000605,1800,91,5.1,0.08373518523276433
34277,W01000557,1534,82,5.3,0.21308276790094346
34278,W01000578,1723,69,4.0,-0.6276765194422201
34279,W01000584,2061,71,3.4,-1.0157192674467572
34280,W01000609,2405,69,2.9,-1.3390882241172049
34281,W01000574,1723,63,3.7,-0.8216978934444885
34282,W01000606,1689,145,8.6,2.347317881925897
34283,W01000607,2450,146,6.0,0.6657993072395701
34284,W01000608,1418,47,3.3,-1.0803930587808468
34285,W01000610,1694,38,2.2,-1.7918047634558312
34286,W01000619,1997,69,3.5,-0.9510454761126677
34287,W01002014,2095,77,3.7,-0.8216978934444885
34288,W01000685,1557,94,6.0,0.6657993072395701
34289,W01000686,1226,60,4.9,-0.045612397435414245
34290,W01000701,1607,61,3.8,-0.7570241021103993
34291,W01000702,1180,57,4.8,-0.1102861887695041
34292,W01000647,1419,48,3.4,-1.0157192674467572
34293,W01000650,1565,65,4.2,-0.49832893677404094
34294,W01000678,1362,44,3.2,-1.1450668501149361
34295,W01000679,1232,51,4.1,-0.5630027281081308
34296,W01000646,2124,77,3.6,-0.8863716847785781
34297,W01000688,1688,72,4.3,-0.43365514543995165
34298,W01000689,1730,53,3.1,-1.2097406414490257
34299,W01000728,2056,65,3.2,-1.1450668501149361
34300,W01000676,1510,44,2.9,-1.3390882241172049
34301,W01000677,1450,65,4.5,-0.3043075627717725
34302,W01000687,1940,67,3.5,-0.9510454761126677
34303,W01000709,2187,78,3.6,-0.8863716847785781
34304,W01000624,2330,105,4.5,-0.3043075627717725
34305,W01000682,1397,51,3.7,-0.8216978934444885
34306,W01000683,1050,22,2.1,-1.8564785547899207
34307,W01000684,1750,48,2.7,-1.4684358067853835
34308,W01000643,1671,92,5.5,0.3424303505691226
34309,W01000644,1879,110,5.9,0.6011255159054809
34310,W01000645,1968,121,6.1,0.7304730985736595
34311,W01000648,1420,49,3.5,-0.9510454761126677
34312,W01000649,1527,35,2.3,-1.7271309721217418
34313,W01000637,1389,99,7.1,1.3772110119145546
34314,W01000638,1151,89,7.7,1.765253759919092
34315,W01000639,1523,105,6.9,1.247863429246376
34316,W01000640,1230,61,5.0,0.019061393898675037
34317,W01000641,2062,111,5.4,0.27775655923503334
34318,W01000642,1761,82,4.7,-0.1749599801035934
34319,W01000693,1129,48,4.3,-0.43365514543995165
34320,W01000694,1497,72,4.8,-0.1102861887695041
34321,W01000656,2049,108,5.3,0.21308276790094346
34322,W01000657,1157,47,4.1,-0.5630027281081308
34323,W01000658,1349,96,7.1,1.3772110119145546
34324,W01000718,1404,68,4.8,-0.1102861887695041
34325,W01000719,1454,82,5.6,0.40710414190321187
34326,W01000680,2303,92,4.0,-0.6276765194422201
34327,W01000681,2087,117,5.6,0.40710414190321187
34328,W01000724,1957,103,5.3,0.21308276790094346
34329,W01000725,2305,77,3.3,-1.0803930587808468
34330,W01000675,2071,74,3.6,-0.8863716847785781
34331,W01000695,2239,124,5.5,0.3424303505691226
34332,W01000696,1649,76,4.6,-0.23963377143768325
34333,W01000722,1351,41,3.0,-1.2744144327831153
34334,W01000723,1364,34,2.5,-1.5977833894535627
34335,W01000625,1128,72,6.4,0.9244944725759284
34336,W01000626,1618,86,5.3,0.21308276790094346
34337,W01000627,2399,130,5.4,0.27775655923503334
34338,W01000714,1416,77,5.4,0.27775655923503334
34339,W01000715,1278,40,3.1,-1.2097406414490257
34340,W01000697,1924,97,5.0,0.019061393898675037
34341,W01000698,1964,99,5.0,0.019061393898675037
34342,W01000699,1477,72,4.9,-0.045612397435414245
34343,W01000712,1689,84,5.0,0.019061393898675037
34344,W01000713,1364,64,4.7,-0.1749599801035934
34345,W01000662,2162,103,4.8,-0.1102861887695041
34346,W01000663,2477,139,5.6,0.40710414190321187
34347,W01000664,2605,163,6.3,0.8598206812418386
34348,W01000716,1399,63,4.5,-0.3043075627717725
34349,W01000717,1462,94,6.4,0.9244944725759284
34350,W01000665,1812,88,4.9,-0.045612397435414245
34351,W01000666,1665,119,7.1,1.3772110119145546
34352,W01000731,2409,127,5.3,0.21308276790094346
34353,W01000670,1560,65,4.2,-0.49832893677404094
34354,W01000671,2131,88,4.1,-0.5630027281081308
34355,W01000729,1239,73,5.9,0.6011255159054809
34356,W01000730,1263,48,3.8,-0.7570241021103993
34357,W01000690,1781,95,5.3,0.21308276790094346
34358,W01000691,1854,109,5.9,0.6011255159054809
34359,W01000692,1541,73,4.7,-0.1749599801035934
34360,W01001999,2471,75,3.0,-1.2744144327831153
34361,W01000651,1498,51,3.4,-1.0157192674467572
34362,W01000652,1784,86,4.8,-0.1102861887695041
34363,W01000655,1916,104,5.4,0.27775655923503334
34364,W01000632,1333,51,3.8,-0.7570241021103993
34365,W01000633,1409,47,3.3,-1.0803930587808468
34366,W01000634,1296,38,2.9,-1.3390882241172049
34367,W01000710,2154,56,2.6,-1.5331095981194731
34368,W01000711,2024,90,4.4,-0.3689813541058618
34369,W01000703,1773,93,5.2,0.14840897656685417
34370,W01000704,1650,68,4.1,-0.5630027281081308
34371,W01000705,1918,120,6.3,0.8598206812418386
34372,W01000653,1463,57,3.9,-0.6923503107763097
34373,W01000654,1664,82,4.9,-0.045612397435414245
34374,W01000667,2118,136,6.4,0.9244944725759284
34375,W01001925,2188,87,4.0,-0.6276765194422201
34376,W01000628,1536,71,4.6,-0.23963377143768325
34377,W01000629,1632,73,4.5,-0.3043075627717725
34378,W01000630,1590,88,5.5,0.3424303505691226
34379,W01000631,1828,143,7.8,1.8299275512531812
34380,W01000635,2402,130,5.4,0.27775655923503334
34381,W01000636,2374,166,7.0,1.3125372205804653
34382,W01000706,1561,93,6.0,0.6657993072395701
34383,W01000707,1453,113,7.8,1.8299275512531812
34384,W01000708,1374,81,5.9,0.6011255159054809
34385,W01000659,1790,119,6.6,1.053842055244107
34386,W01000660,1482,70,4.7,-0.1749599801035934
34387,W01000732,1299,62,4.8,-0.1102861887695041
34388,W01000733,1199,68,5.7,0.4717779332373017
34389,W01000734,1400,90,6.4,0.9244944725759284
34390,W01001923,1762,114,6.5,0.9891682639100178
34391,W01001924,1370,94,6.9,1.247863429246376
34392,W01000672,1490,47,3.2,-1.1450668501149361
34393,W01000673,1098,35,3.2,-1.1450668501149361
34394,W01000674,2097,92,4.4,-0.3689813541058618
34395,W01000700,1971,67,3.4,-1.0157192674467572
34396,W01000720,1822,95,5.2,0.14840897656685417
34397,W01000721,1396,84,6.0,0.6657993072395701
34398,W01000735,2381,107,4.5,-0.3043075627717725
34399,W01000845,2003,79,3.9,-0.6923503107763097
34400,W01000846,2048,115,5.6,0.40710414190321187
34401,W01000847,1259,50,4.0,-0.6276765194422201
34402,W01000848,1205,71,5.9,0.6011255159054809
34403,W01000750,1448,55,3.8,-0.7570241021103993
34404,W01000751,1395,53,3.8,-0.7570241021103993
34405,W01000752,1493,102,6.8,1.1831896379122862
34406,W01000753,1417,67,4.7,-0.1749599801035934
34407,W01000754,1552,59,3.8,-0.7570241021103993
34408,W01000803,1826,89,4.9,-0.045612397435414245
34409,W01000806,1394,67,4.8,-0.1102861887695041
34410,W01000807,1292,46,3.6,-0.8863716847785781
34411,W01000808,1387,50,3.6,-0.8863716847785781
34412,W01000810,1351,83,6.1,0.7304730985736595
34413,W01000815,1490,56,3.8,-0.7570241021103993
34414,W01000816,1765,70,4.0,-0.6276765194422201
34415,W01000791,1417,60,4.2,-0.49832893677404094
34416,W01000792,1590,89,5.6,0.40710414190321187
34417,W01000793,1862,94,5.0,0.019061393898675037
34418,W01000837,2314,135,5.8,0.536451724571391
34419,W01000838,1262,90,7.1,1.3772110119145546
34420,W01000774,1625,87,5.4,0.27775655923503334
34421,W01000841,1469,71,4.8,-0.1102861887695041
34422,W01000842,1416,54,3.8,-0.7570241021103993
34423,W01000843,1387,66,4.8,-0.1102861887695041
34424,W01000844,1528,105,6.9,1.247863429246376
34425,W01001991,1402,67,4.8,-0.1102861887695041
34426,W01001992,1429,88,6.2,0.7951468899077493
34427,W01000795,1568,78,5.0,0.019061393898675037
34428,W01000800,1453,50,3.4,-1.0157192674467572
34429,W01000801,1708,85,5.0,0.019061393898675037
34430,W01001993,1690,101,6.0,0.6657993072395701
34431,W01001994,1474,69,4.7,-0.1749599801035934
34432,W01000784,1293,59,4.6,-0.23963377143768325
34433,W01000785,1777,116,6.5,0.9891682639100178
34434,W01000786,1264,57,4.5,-0.3043075627717725
34435,W01000802,2349,124,5.3,0.21308276790094346
34436,W01000877,1680,85,5.1,0.08373518523276433
34437,W01000878,1275,59,4.6,-0.23963377143768325
34438,W01000809,1510,74,4.9,-0.045612397435414245
34439,W01000811,1392,77,5.5,0.3424303505691226
34440,W01000812,1443,57,4.0,-0.6276765194422201
34441,W01000813,1567,71,4.5,-0.3043075627717725
34442,W01000814,1440,92,6.4,0.9244944725759284
34443,W01000817,1952,169,8.7,2.4119916732599864
34444,W01000818,1506,104,6.9,1.247863429246376
34445,W01000819,1438,43,3.0,-1.2744144327831153
34446,W01000820,1391,70,5.0,0.019061393898675037
34447,W01000821,1474,74,5.0,0.019061393898675037
34448,W01000822,1183,31,2.6,-1.5331095981194731
34449,W01000794,2214,115,5.2,0.14840897656685417
34450,W01000797,1508,66,4.4,-0.3689813541058618
34451,W01000798,1425,77,5.4,0.27775655923503334
34452,W01000799,1850,142,7.7,1.765253759919092
34453,W01000830,1822,178,9.8,3.123403377934972
34454,W01000832,1590,98,6.2,0.7951468899077493
34455,W01000833,1651,130,7.9,1.8946013425872712
34456,W01000834,1445,93,6.4,0.9244944725759284
34457,W01000836,2407,190,7.9,1.8946013425872712
34458,W01000759,1532,46,3.0,-1.2744144327831153
34459,W01000777,1703,53,3.1,-1.2097406414490257
34460,W01000778,1781,82,4.6,-0.23963377143768325
34461,W01000779,1462,80,5.5,0.3424303505691226
34462,W01000760,1579,92,5.8,0.536451724571391
34463,W01000761,1558,86,5.5,0.3424303505691226
34464,W01000762,1683,111,6.6,1.053842055244107
34465,W01000831,1746,128,7.3,1.5065585945827338
34466,W01000835,1452,87,6.0,0.6657993072395701
34467,W01000738,1763,143,8.1,2.02394892525545
34468,W01000739,2212,135,6.1,0.7304730985736595
34469,W01000740,1561,49,3.1,-1.2097406414490257
34470,W01000741,1873,128,6.8,1.1831896379122862
34471,W01000763,1417,83,5.9,0.6011255159054809
34472,W01000764,1569,86,5.5,0.3424303505691226
34473,W01000765,1620,78,4.8,-0.1102861887695041
34474,W01000766,1495,78,5.2,0.14840897656685417
34475,W01000767,1427,58,4.1,-0.5630027281081308
34476,W01000742,1658,88,5.3,0.21308276790094346
34477,W01000744,1523,92,6.0,0.6657993072395701
34478,W01000787,1445,85,5.9,0.6011255159054809
34479,W01000788,1500,82,5.5,0.3424303505691226
34480,W01000789,1416,76,5.4,0.27775655923503334
34481,W01000790,2673,89,3.3,-1.0803930587808468
34482,W01000755,1983,121,6.1,0.7304730985736595
34483,W01000756,1465,67,4.6,-0.23963377143768325
34484,W01000757,1435,59,4.1,-0.5630027281081308
34485,W01000758,1890,88,4.7,-0.1749599801035934
34486,W01000772,1482,56,3.8,-0.7570241021103993
34487,W01000828,1631,51,3.1,-1.2097406414490257
34488,W01000829,1924,83,4.3,-0.43365514543995165
34489,W01000862,1606,199,12.4,4.804921952621299
34490,W01000863,1683,206,12.2,4.67557436995312
34491,W01000864,1660,158,9.5,2.929382003932703
34492,W01000865,1426,115,8.1,2.02394892525545
34493,W01000866,1176,67,5.7,0.4717779332373017
34494,W01000867,1285,79,6.1,0.7304730985736595
34495,W01000849,2202,137,6.2,0.7951468899077493
34496,W01000851,1647,138,8.4,2.217970299257719
34497,W01000852,1459,52,3.6,-0.8863716847785781
34498,W01001995,1363,62,4.5,-0.3043075627717725
34499,W01001996,1405,33,2.3,-1.7271309721217418
34500,W01000853,1679,80,4.8,-0.1102861887695041
34501,W01000854,1502,79,5.3,0.21308276790094346
34502,W01000855,1419,48,3.4,-1.0157192674467572
34503,W01000856,1742,71,4.1,-0.5630027281081308
34504,W01000857,1902,62,3.3,-1.0803930587808468
34505,W01000747,1587,61,3.8,-0.7570241021103993
34506,W01000868,1104,54,4.9,-0.045612397435414245
34507,W01000869,1525,38,2.5,-1.5977833894535627
34508,W01000870,1379,48,3.5,-0.9510454761126677
34509,W01000872,1399,56,4.0,-0.6276765194422201
34510,W01000874,1791,35,2.0,-1.9211523461240103
34511,W01000745,2469,112,4.5,-0.3043075627717725
34512,W01000746,1429,72,5.0,0.019061393898675037
34513,W01001955,1928,34,1.8,-2.0504999287921897
34514,W01001958,1304,26,2.0,-1.9211523461240103
34515,W01001997,1993,50,2.5,-1.5977833894535627
34516,W01000749,1984,68,3.4,-1.0157192674467572
34517,W01000871,1773,48,2.7,-1.4684358067853835
34518,W01000873,1528,28,1.8,-2.0504999287921897
34519,W01000875,1905,41,2.2,-1.7918047634558312
34520,W01000876,1625,19,1.2,-2.438542676796726
34521,W01000858,1643,66,4.0,-0.6276765194422201
34522,W01000859,1401,51,3.6,-0.8863716847785781
34523,W01000860,1534,62,4.0,-0.6276765194422201
34524,W01000861,1958,40,2.0,-1.9211523461240103
34525,W01000736,1746,48,2.7,-1.4684358067853835
34526,W01000737,1474,35,2.4,-1.6624571807876523
34527,W01000804,1420,38,2.7,-1.4684358067853835
34528,W01000805,1147,48,4.2,-0.49832893677404094
34529,W01000879,1679,62,3.7,-0.8216978934444885
34530,W01000880,1551,60,3.9,-0.6923503107763097
34531,W01000881,1317,44,3.3,-1.0803930587808468
34532,W01000882,1733,94,5.4,0.27775655923503334
34533,W01000775,1626,36,2.2,-1.7918047634558312
34534,W01000776,1776,44,2.5,-1.5977833894535627
34535,W01000839,1044,37,3.5,-0.9510454761126677
34536,W01000840,1599,31,1.9,-1.9858261374580999
34537,W01000823,1814,70,3.9,-0.6923503107763097
34538,W01000824,1652,46,2.8,-1.4037620154512944
34539,W01000825,1284,49,3.8,-0.7570241021103993
34540,W01000826,1257,39,3.1,-1.2097406414490257
34541,W01000827,1249,39,3.1,-1.2097406414490257
34542,W01000768,1345,53,3.9,-0.6923503107763097
34543,W01000769,1392,61,4.4,-0.3689813541058618
34544,W01000770,1526,76,5.0,0.019061393898675037
34545,W01000771,1300,48,3.7,-0.8216978934444885
34546,W01000781,1623,67,4.1,-0.5630027281081308
34547,W01000782,1076,42,3.9,-0.6923503107763097
34548,W01001956,2238,72,3.2,-1.1450668501149361
34549,W01000918,1935,94,4.9,-0.045612397435414245
34550,W01000944,1172,57,4.9,-0.045612397435414245
34551,W01000965,2024,89,4.4,-0.3689813541058618
34552,W01000893,1906,75,3.9,-0.6923503107763097
34553,W01000925,1527,79,5.2,0.14840897656685417
34554,W01000926,1846,81,4.4,-0.3689813541058618
34555,W01000888,2721,148,5.4,0.27775655923503334
34556,W01000946,1783,75,4.2,-0.49832893677404094
34557,W01000947,2179,134,6.1,0.7304730985736595
34558,W01000948,1809,70,3.9,-0.6923503107763097
34559,W01000955,1373,66,4.8,-0.1102861887695041
34560,W01000956,1186,28,2.4,-1.6624571807876523
34561,W01000971,1400,70,5.0,0.019061393898675037
34562,W01000904,1474,55,3.7,-0.8216978934444885
34563,W01000905,1496,78,5.2,0.14840897656685417
34564,W01000908,1580,41,2.6,-1.5331095981194731
34565,W01001985,2052,68,3.3,-1.0803930587808468
34566,W01000907,1721,73,4.2,-0.49832893677404094
34567,W01000922,1582,72,4.6,-0.23963377143768325
34568,W01001986,2422,77,3.2,-1.1450668501149361
34569,W01000934,1251,70,5.6,0.40710414190321187
34570,W01000935,1554,79,5.1,0.08373518523276433
34571,W01000938,1387,50,3.6,-0.8863716847785781
34572,W01000939,1149,42,3.7,-0.8216978934444885
34573,W01000940,1261,70,5.6,0.40710414190321187
34574,W01000909,1177,45,3.8,-0.7570241021103993
34575,W01000910,1370,53,3.9,-0.6923503107763097
34576,W01000911,1148,40,3.5,-0.9510454761126677
34577,W01000969,1558,94,6.0,0.6657993072395701
34578,W01000912,1209,58,4.8,-0.1102861887695041
34579,W01000913,1158,69,6.0,0.6657993072395701
34580,W01000914,1658,92,5.5,0.3424303505691226
34581,W01000915,1119,61,5.5,0.3424303505691226
34582,W01000916,1171,44,3.8,-0.7570241021103993
34583,W01001987,1514,123,8.1,2.02394892525545
34584,W01001988,1481,150,10.1,3.31742475193724
34585,W01001989,3410,82,2.4,-1.6624571807876523
34586,W01000936,1380,89,6.4,0.9244944725759284
34587,W01000941,1552,95,6.1,0.7304730985736595
34588,W01000942,1785,99,5.5,0.3424303505691226
34589,W01000943,1472,55,3.7,-0.8216978934444885
34590,W01000894,1465,80,5.5,0.3424303505691226
34591,W01000895,1480,91,6.1,0.7304730985736595
34592,W01000896,1603,130,8.1,2.02394892525545
34593,W01000897,1330,82,6.2,0.7951468899077493
34594,W01000937,1941,117,6.0,0.6657993072395701
34595,W01000898,1460,72,4.9,-0.045612397435414245
34596,W01000899,1877,103,5.5,0.3424303505691226
34597,W01000900,1579,77,4.9,-0.045612397435414245
34598,W01000901,1666,90,5.4,0.27775655923503334
34599,W01000945,1155,46,4.0,-0.6276765194422201
34600,W01000889,1807,76,4.2,-0.49832893677404094
34601,W01000890,1533,56,3.7,-0.8216978934444885
34602,W01000891,1438,68,4.7,-0.1749599801035934
34603,W01000892,1969,115,5.8,0.536451724571391
34604,W01000883,1322,32,2.4,-1.6624571807876523
34605,W01000958,1557,67,4.3,-0.43365514543995165
34606,W01000961,1581,81,5.1,0.08373518523276433
34607,W01000962,1530,92,6.0,0.6657993072395701
34608,W01000963,1856,99,5.3,0.21308276790094346
34609,W01000964,1809,102,5.6,0.40710414190321187
34610,W01000884,1282,85,6.6,1.053842055244107
34611,W01000885,1453,97,6.7,1.1185158465781968
34612,W01000886,1620,113,7.0,1.3125372205804653
34613,W01000957,1616,83,5.1,0.08373518523276433
34614,W01000959,1721,68,4.0,-0.6276765194422201
34615,W01000960,1766,92,5.2,0.14840897656685417
34616,W01000949,1319,58,4.4,-0.3689813541058618
34617,W01000950,1469,90,6.1,0.7304730985736595
34618,W01000951,1794,97,5.4,0.27775655923503334
34619,W01000952,1170,68,5.8,0.536451724571391
34620,W01000966,1435,60,4.2,-0.49832893677404094
34621,W01000932,1034,59,5.7,0.4717779332373017
34622,W01000933,1981,80,4.0,-0.6276765194422201
34623,W01000967,1415,75,5.3,0.21308276790094346
34624,W01000968,1966,107,5.4,0.27775655923503334
34625,W01000919,1145,42,3.7,-0.8216978934444885
34626,W01000927,2077,139,6.7,1.1185158465781968
34627,W01000928,1593,82,5.1,0.08373518523276433
34628,W01000929,1261,68,5.4,0.27775655923503334
34629,W01000931,1358,72,5.3,0.21308276790094346
34630,W01000973,1326,59,4.4,-0.3689813541058618
34631,W01001900,1411,74,5.2,0.14840897656685417
34632,W01000887,2373,111,4.7,-0.1749599801035934
34633,W01000921,1454,87,6.0,0.6657993072395701
34634,W01000930,1145,57,5.0,0.019061393898675037
34635,W01000953,1585,53,3.3,-1.0803930587808468
34636,W01000954,1346,64,4.8,-0.1102861887695041
34637,W01000970,1108,43,3.9,-0.6923503107763097
34638,W01001990,2140,91,4.3,-0.43365514543995165
34639,W01000991,1141,74,6.5,0.9891682639100178
34640,W01000992,1393,82,5.9,0.6011255159054809
34641,W01000993,1363,83,6.1,0.7304730985736595
34642,W01000994,1401,96,6.9,1.247863429246376
34643,W01000995,1365,68,5.0,0.019061393898675037
34644,W01001014,1608,62,3.9,-0.6923503107763097
34645,W01001015,1459,58,4.0,-0.6276765194422201
34646,W01001017,1464,62,4.2,-0.49832893677404094
34647,W01001018,1278,54,4.2,-0.49832893677404094
34648,W01001020,1362,70,5.1,0.08373518523276433
34649,W01000976,1089,56,5.1,0.08373518523276433
34650,W01000977,1420,68,4.8,-0.1102861887695041
34651,W01001024,1147,64,5.6,0.40710414190321187
34652,W01001025,1231,63,5.1,0.08373518523276433
34653,W01001033,1753,91,5.2,0.14840897656685417
34654,W01001034,1346,71,5.3,0.21308276790094346
34655,W01000975,2241,132,5.9,0.6011255159054809
34656,W01000978,1779,92,5.2,0.14840897656685417
34657,W01001009,1245,65,5.2,0.14840897656685417
34658,W01001042,1263,63,5.0,0.019061393898675037
34659,W01001043,1160,57,4.9,-0.045612397435414245
34660,W01001012,1510,64,4.2,-0.49832893677404094
34661,W01001013,1458,55,3.8,-0.7570241021103993
34662,W01001016,1634,68,4.2,-0.49832893677404094
34663,W01001019,1575,71,4.5,-0.3043075627717725
34664,W01000974,2385,126,5.3,0.21308276790094346
34665,W01001057,1736,101,5.8,0.536451724571391
34666,W01001058,1884,92,4.9,-0.045612397435414245
34667,W01000986,1689,105,6.2,0.7951468899077493
34668,W01000987,2434,171,7.0,1.3125372205804653
34669,W01001055,1199,58,4.8,-0.1102861887695041
34670,W01001056,1177,43,3.7,-0.8216978934444885
34671,W01000996,1528,72,4.7,-0.1749599801035934
34672,W01001048,1416,66,4.7,-0.1749599801035934
34673,W01001049,1285,52,4.0,-0.6276765194422201
34674,W01001050,1545,82,5.3,0.21308276790094346
34675,W01001051,1819,103,5.7,0.4717779332373017
34676,W01001052,1288,70,5.4,0.27775655923503334
34677,W01001004,1039,46,4.4,-0.3689813541058618
34678,W01001005,1586,60,3.8,-0.7570241021103993
34679,W01001006,2238,88,3.9,-0.6923503107763097
34680,W01001007,1875,103,5.5,0.3424303505691226
34681,W01001039,1722,95,5.5,0.3424303505691226
34682,W01001040,1550,54,3.5,-0.9510454761126677
34683,W01000999,1394,63,4.5,-0.3043075627717725
34684,W01001000,1717,73,4.3,-0.43365514543995165
34685,W01001001,1835,133,7.2,1.4418848032486444
34686,W01001002,2451,189,7.7,1.765253759919092
34687,W01001008,2551,131,5.1,0.08373518523276433
34688,W01001038,2595,163,6.3,0.8598206812418386
34689,W01001981,2977,152,5.1,0.08373518523276433
34690,W01001982,1349,138,10.2,3.3820985432713293
34691,W01001983,1500,152,10.1,3.31742475193724
34692,W01001984,1197,92,7.7,1.765253759919092
34693,W01000997,1686,72,4.3,-0.43365514543995165
34694,W01001010,1164,63,5.4,0.27775655923503334
34695,W01001011,1274,61,4.8,-0.1102861887695041
34696,W01001026,2001,101,5.0,0.019061393898675037
34697,W01000989,1567,64,4.1,-0.5630027281081308
34698,W01001037,1807,84,4.6,-0.23963377143768325
34699,W01001041,2303,97,4.2,-0.49832893677404094
34700,W01001021,1605,79,4.9,-0.045612397435414245
34701,W01001022,1417,73,5.2,0.14840897656685417
34702,W01001023,1655,87,5.3,0.21308276790094346
34703,W01001028,1883,78,4.1,-0.5630027281081308
34704,W01001035,1758,121,6.9,1.247863429246376
34705,W01000979,1609,90,5.6,0.40710414190321187
34706,W01000983,1525,97,6.4,0.9244944725759284
34707,W01000985,1278,72,5.6,0.40710414190321187
34708,W01001003,1335,45,3.4,-1.0157192674467572
34709,W01000980,1358,89,6.6,1.053842055244107
34710,W01000981,1256,98,7.8,1.8299275512531812
34711,W01000982,1431,58,4.1,-0.5630027281081308
34712,W01000984,2163,110,5.1,0.08373518523276433
34713,W01000990,1563,89,5.7,0.4717779332373017
34714,W01001027,1513,73,4.8,-0.1102861887695041
34715,W01001036,1607,59,3.7,-0.8216978934444885
34716,W01001918,1876,98,5.2,0.14840897656685417
34717,W01001919,1366,68,5.0,0.019061393898675037
34718,W01001920,1210,76,6.3,0.8598206812418386
34719,W01001921,1506,66,4.4,-0.3689813541058618
34720,W01001031,1474,52,3.5,-0.9510454761126677
34721,W01001032,1761,60,3.4,-1.0157192674467572
34722,W01001046,1911,42,2.2,-1.7918047634558312
34723,W01001047,1666,53,3.2,-1.1450668501149361
34724,W01001053,1008,33,3.3,-1.0803930587808468
34725,W01001054,1349,37,2.7,-1.4684358067853835
34726,W01001029,1708,40,2.3,-1.7271309721217418
34727,W01001030,1957,78,4.0,-0.6276765194422201
34728,W01001044,1585,55,3.5,-0.9510454761126677
34729,W01001045,1707,62,3.6,-0.8863716847785781
34730,W01001105,2823,124,4.4,-0.3689813541058618
34731,W01001127,1635,80,4.9,-0.045612397435414245
34732,W01001128,1680,86,5.1,0.08373518523276433
34733,W01001082,1548,42,2.7,-1.4684358067853835
34734,W01001083,1697,65,3.8,-0.7570241021103993
34735,W01001084,1650,49,3.0,-1.2744144327831153
34736,W01001085,1656,94,5.7,0.4717779332373017
34737,W01001113,2307,82,3.6,-0.8863716847785781
34738,W01001119,1869,82,4.4,-0.3689813541058618
34739,W01001135,2335,145,6.2,0.7951468899077493
34740,W01001136,1502,73,4.9,-0.045612397435414245
34741,W01001075,1174,60,5.1,0.08373518523276433
34742,W01001076,1383,80,5.8,0.536451724571391
34743,W01001077,1402,49,3.5,-0.9510454761126677
34744,W01001078,1284,60,4.7,-0.1749599801035934
34745,W01001104,2089,89,4.3,-0.43365514543995165
34746,W01001129,1656,101,6.1,0.7304730985736595
34747,W01001116,1933,56,2.9,-1.3390882241172049
34748,W01001123,1472,38,2.6,-1.5331095981194731
34749,W01001124,1461,70,4.8,-0.1102861887695041
34750,W01001125,1431,66,4.6,-0.23963377143768325
34751,W01001130,1265,53,4.2,-0.49832893677404094
34752,W01002036,1554,85,5.5,0.3424303505691226
34753,W01002037,1066,39,3.7,-0.8216978934444885
34754,W01001086,1511,70,4.6,-0.23963377143768325
34755,W01001087,1521,82,5.4,0.27775655923503334
34756,W01001088,2144,133,6.2,0.7951468899077493
34757,W01001089,1601,82,5.1,0.08373518523276433
34758,W01001090,1444,68,4.7,-0.1749599801035934
34759,W01001081,1739,111,6.4,0.9244944725759284
34760,W01001092,2122,152,7.2,1.4418848032486444
34761,W01001094,1237,81,6.5,0.9891682639100178
34762,W01001095,1402,116,8.3,2.1532965079236295
34763,W01001096,1306,64,4.9,-0.045612397435414245
34764,W01001097,1541,123,8.0,1.9592751339213603
34765,W01001114,1572,54,3.4,-1.0157192674467572
34766,W01001115,2149,99,4.6,-0.23963377143768325
34767,W01001131,1743,136,7.8,1.8299275512531812
34768,W01001132,1357,76,5.6,0.40710414190321187
34769,W01001133,2237,87,3.9,-0.6923503107763097
34770,W01001134,1112,47,4.2,-0.49832893677404094
34771,W01001067,1390,78,5.6,0.40710414190321187
34772,W01001068,1644,104,6.3,0.8598206812418386
34773,W01001070,1044,82,7.9,1.8946013425872712
34774,W01001071,1479,70,4.7,-0.1749599801035934
34775,W01001072,2721,159,5.8,0.536451724571391
34776,W01001091,1623,55,3.4,-1.0157192674467572
34777,W01001098,1031,36,3.5,-0.9510454761126677
34778,W01001100,1471,37,2.5,-1.5977833894535627
34779,W01001103,1177,45,3.8,-0.7570241021103993
34780,W01001106,1437,52,3.6,-0.8863716847785781
34781,W01001107,1494,47,3.1,-1.2097406414490257
34782,W01001109,1372,46,3.4,-1.0157192674467572
34783,W01001110,1705,70,4.1,-0.5630027281081308
34784,W01001111,1347,62,4.6,-0.23963377143768325
34785,W01001112,1318,66,5.0,0.019061393898675037
34786,W01001063,1589,101,6.4,0.9244944725759284
34787,W01001065,1564,84,5.4,0.27775655923503334
34788,W01001069,1564,126,8.1,2.02394892525545
34789,W01001079,1510,131,8.7,2.4119916732599864
34790,W01001080,1582,95,6.0,0.6657993072395701
34791,W01001910,1676,120,7.2,1.4418848032486444
34792,W01001911,1147,70,6.1,0.7304730985736595
34793,W01001062,1332,53,4.0,-0.6276765194422201
34794,W01001064,1409,65,4.6,-0.23963377143768325
34795,W01001093,1762,83,4.7,-0.1749599801035934
34796,W01001099,1195,65,5.4,0.27775655923503334
34797,W01001101,1537,97,6.3,0.8598206812418386
34798,W01001102,1528,102,6.7,1.1185158465781968
34799,W01001108,1816,113,6.2,0.7951468899077493
34800,W01001117,1283,45,3.5,-0.9510454761126677
34801,W01001120,1349,51,3.8,-0.7570241021103993
34802,W01001121,1697,66,3.9,-0.6923503107763097
34803,W01001122,2469,179,7.2,1.4418848032486444
34804,W01002038,1265,42,3.3,-1.0803930587808468
34805,W01002039,1761,124,7.0,1.3125372205804653
34806,W01001059,1759,89,5.1,0.08373518523276433
34807,W01001060,1400,50,3.6,-0.8863716847785781
34808,W01001066,1622,86,5.3,0.21308276790094346
34809,W01001073,2089,125,6.0,0.6657993072395701
34810,W01001998,2220,130,5.9,0.6011255159054809
34811,W01002040,1944,200,10.3,3.4467723346054195
34812,W01001777,1758,80,4.6,-0.23963377143768325
34813,W01001778,1746,61,3.5,-0.9510454761126677
34814,W01001794,1342,78,5.8,0.536451724571391
34815,W01001799,1251,25,2.0,-1.9211523461240103
34816,W01001793,1356,79,5.8,0.536451724571391
34817,W01001795,1517,91,6.0,0.6657993072395701
34818,W01001796,1421,62,4.4,-0.3689813541058618
34819,W01001798,1401,79,5.6,0.40710414190321187
34820,W01001841,1915,97,5.1,0.08373518523276433
34821,W01001842,1788,155,8.7,2.4119916732599864
34822,W01001844,1886,94,5.0,0.019061393898675037
34823,W01002016,1222,110,9.0,2.6060130472622554
34824,W01002017,1439,202,14.0,5.839702613966731
34825,W01002018,1547,112,7.2,1.4418848032486444
34826,W01001849,1550,79,5.1,0.08373518523276433
34827,W01001852,1869,82,4.4,-0.3689813541058618
34828,W01001853,1606,69,4.3,-0.43365514543995165
34829,W01001854,1522,46,3.0,-1.2744144327831153
34830,W01001791,1821,93,5.1,0.08373518523276433
34831,W01001792,1614,81,5.0,0.019061393898675037
34832,W01001797,1438,86,6.0,0.6657993072395701
34833,W01001800,1419,80,5.6,0.40710414190321187
34834,W01001949,1298,58,4.5,-0.3043075627717725
34835,W01001953,1513,104,6.9,1.247863429246376
34836,W01001820,1194,43,3.6,-0.8863716847785781
34837,W01001846,1741,85,4.9,-0.045612397435414245
34838,W01001847,1543,70,4.5,-0.3043075627717725
34839,W01001948,2289,180,7.9,1.8946013425872712
34840,W01001954,1516,33,2.2,-1.7918047634558312
34841,W01001802,1708,97,5.7,0.4717779332373017
34842,W01001807,1642,91,5.5,0.3424303505691226
34843,W01001808,1723,121,7.0,1.3125372205804653
34844,W01001840,1924,99,5.1,0.08373518523276433
34845,W01001730,1535,37,2.4,-1.6624571807876523
34846,W01001731,1482,106,7.2,1.4418848032486444
34847,W01001736,1492,71,4.8,-0.1102861887695041
34848,W01001815,1384,69,5.0,0.019061393898675037
34849,W01001811,1582,112,7.1,1.3772110119145546
34850,W01001816,2778,187,6.7,1.1185158465781968
34851,W01001817,1374,54,3.9,-0.6923503107763097
34852,W01001818,1581,132,8.3,2.1532965079236295
34853,W01001888,1657,87,5.3,0.21308276790094346
34854,W01001893,1846,134,7.3,1.5065585945827338
34855,W01001894,1523,68,4.5,-0.3043075627717725
34856,W01001895,1633,75,4.6,-0.23963377143768325
34857,W01001877,1830,112,6.1,0.7304730985736595
34858,W01001878,1592,108,6.8,1.1831896379122862
34859,W01001882,1755,114,6.5,0.9891682639100178
34860,W01001885,2609,185,7.1,1.3772110119145546
34861,W01001773,2567,168,6.5,0.9891682639100178
34862,W01001848,1471,87,5.9,0.6011255159054809
34863,W01001850,1904,80,4.2,-0.49832893677404094
34864,W01001851,1542,50,3.2,-1.1450668501149361
34865,W01001879,1906,134,7.0,1.3125372205804653
34866,W01001880,1647,113,6.9,1.247863429246376
34867,W01001881,1472,86,5.8,0.536451724571391
34868,W01001884,1442,148,10.3,3.4467723346054195
34869,W01001727,1216,73,6.0,0.6657993072395701
34870,W01001728,1417,66,4.7,-0.1749599801035934
34871,W01001729,2900,164,5.7,0.4717779332373017
34872,W01001819,2373,85,3.6,-0.8863716847785781
34873,W01001803,1678,108,6.4,0.9244944725759284
34874,W01001804,1585,88,5.6,0.40710414190321187
34875,W01001805,1548,90,5.8,0.536451724571391
34876,W01001806,1721,98,5.7,0.4717779332373017
34877,W01001866,1576,91,5.8,0.536451724571391
34878,W01001867,1415,91,6.4,0.9244944725759284
34879,W01001883,1658,90,5.4,0.27775655923503334
34880,W01001886,1320,104,7.9,1.8946013425872712
34881,W01001809,1216,52,4.3,-0.43365514543995165
34882,W01001810,1730,96,5.5,0.3424303505691226
34883,W01001812,1278,78,6.1,0.7304730985736595
34884,W01001813,1832,124,6.8,1.1831896379122862
34885,W01001814,1442,63,4.4,-0.3689813541058618
34886,W01001769,1593,87,5.5,0.3424303505691226
34887,W01001770,1044,44,4.2,-0.49832893677404094
34888,W01001771,1662,99,6.0,0.6657993072395701
34889,W01001774,1400,79,5.6,0.40710414190321187
34890,W01001732,1736,81,4.7,-0.1749599801035934
34891,W01001733,1499,67,4.5,-0.3043075627717725
34892,W01001734,1602,74,4.6,-0.23963377143768325
34893,W01001735,2043,79,3.9,-0.6923503107763097
34894,W01001887,1624,84,5.2,0.14840897656685417
34895,W01001889,1458,55,3.8,-0.7570241021103993
34896,W01001891,1631,84,5.2,0.14840897656685417
34897,W01001892,1441,82,5.7,0.4717779332373017
34898,W01001896,1448,59,4.1,-0.5630027281081308
34899,W01001772,1403,60,4.3,-0.43365514543995165
34900,W01001775,1630,133,8.2,2.088622716589539
34901,W01001776,1305,77,5.9,0.6011255159054809
34902,W01001890,1572,73,4.6,-0.23963377143768325
34903,W01001863,1503,79,5.3,0.21308276790094346
34904,W01001864,1481,72,4.9,-0.045612397435414245
34905,W01001865,1289,67,5.2,0.14840897656685417
34906,W01001868,1521,86,5.7,0.4717779332373017
34907,W01001785,1204,70,5.8,0.536451724571391
34908,W01001786,1494,76,5.1,0.08373518523276433
34909,W01001787,1374,61,4.4,-0.3689813541058618
34910,W01001788,1598,107,6.7,1.1185158465781968
34911,W01001789,1536,80,5.2,0.14840897656685417
34912,W01001790,1221,78,6.4,0.9244944725759284
34913,W01001821,1715,39,2.3,-1.7271309721217418
34914,W01001826,1370,62,4.5,-0.3043075627717725
34915,W01001827,1645,77,4.7,-0.1749599801035934
34916,W01001828,1515,69,4.6,-0.23963377143768325
34917,W01001755,1492,71,4.8,-0.1102861887695041
34918,W01001756,4264,92,2.2,-1.7918047634558312
34919,W01001757,1456,59,4.1,-0.5630027281081308
34920,W01001758,2200,93,4.2,-0.49832893677404094
34921,W01001779,1512,60,4.0,-0.6276765194422201
34922,W01001780,1621,34,2.1,-1.8564785547899207
34923,W01001781,1666,52,3.1,-1.2097406414490257
34924,W01001782,1458,86,5.9,0.6011255159054809
34925,W01001783,1211,46,3.8,-0.7570241021103993
34926,W01001784,1308,58,4.4,-0.3689813541058618
34927,W01001747,1670,75,4.5,-0.3043075627717725
34928,W01001748,1566,108,6.9,1.247863429246376
34929,W01001749,1544,95,6.2,0.7951468899077493
34930,W01001751,1861,199,10.7,3.705467499941777
34931,W01001718,1762,49,2.8,-1.4037620154512944
34932,W01001719,2014,47,2.3,-1.7271309721217418
34933,W01001720,2240,20,0.9,-2.6325640507989947
34934,W01001722,1761,23,1.3,-2.373868885462637
34935,W01001726,1794,53,3.0,-1.2744144327831153
34936,W01001822,1863,113,6.1,0.7304730985736595
34937,W01001823,1275,83,6.5,0.9891682639100178
34938,W01001824,1549,66,4.3,-0.43365514543995165
34939,W01001825,1982,126,6.4,0.9244944725759284
34940,W01001831,1500,52,3.5,-0.9510454761126677
34941,W01001836,1328,49,3.7,-0.8216978934444885
34942,W01001837,1472,52,3.5,-0.9510454761126677
34943,W01001838,1631,58,3.6,-0.8863716847785781
34944,W01001839,1589,49,3.1,-1.2097406414490257
34945,W01001750,1601,70,4.4,-0.3689813541058618
34946,W01001752,1588,69,4.3,-0.43365514543995165
34947,W01001753,1630,70,4.3,-0.43365514543995165
34948,W01001754,1605,67,4.2,-0.49832893677404094
34949,W01001721,2894,30,1.0,-2.5678902594649053
34950,W01001724,2406,18,0.7,-2.761911633467174
34951,W01001725,2312,29,1.3,-2.373868885462637
34952,W01001922,2013,7,0.3,-3.020606798803532
34953,W01002019,2624,76,2.9,-1.3390882241172049
34954,W01001829,1995,48,2.4,-1.6624571807876523
34955,W01001830,1625,55,3.4,-1.0157192674467572
34956,W01001832,1770,44,2.5,-1.5977833894535627
34957,W01001833,1539,64,4.2,-0.49832893677404094
34958,W01001834,1652,62,3.8,-0.7570241021103993
34959,W01001835,2182,40,1.8,-2.0504999287921897
34960,W01001858,1592,57,3.6,-0.8863716847785781
34961,W01001859,1507,69,4.6,-0.23963377143768325
34962,W01001860,1658,72,4.3,-0.43365514543995165
34963,W01001861,1536,65,4.2,-0.49832893677404094
34964,W01001714,1568,60,3.8,-0.7570241021103993
34965,W01001715,1552,65,4.2,-0.49832893677404094
34966,W01001716,1279,66,5.2,0.14840897656685417
34967,W01001717,1543,105,6.8,1.1831896379122862
34968,W01001694,1998,106,5.3,0.21308276790094346
34969,W01001695,3990,114,2.9,-1.3390882241172049
34970,W01001696,1538,105,6.8,1.1831896379122862
34971,W01001697,1981,148,7.5,1.635906177250913
34972,W01001698,2099,125,6.0,0.6657993072395701
34973,W01001870,1451,80,5.5,0.3424303505691226
34974,W01001871,1646,110,6.7,1.1185158465781968
34975,W01001876,1631,101,6.2,0.7951468899077493
34976,W01002020,1566,120,7.7,1.765253759919092
34977,W01002021,1503,110,7.3,1.5065585945827338
34978,W01001869,1384,67,4.8,-0.1102861887695041
34979,W01001872,1597,84,5.3,0.21308276790094346
34980,W01001873,1834,118,6.4,0.9244944725759284
34981,W01001874,1542,111,7.2,1.4418848032486444
34982,W01001737,1633,117,7.2,1.4418848032486444
34983,W01001738,1448,135,9.3,2.8000344212645247
34984,W01001739,1507,160,10.6,3.6407937086076876
34985,W01001740,1535,133,8.7,2.4119916732599864
34986,W01001741,1690,203,12.0,4.546226787284941
34987,W01001710,1866,148,7.9,1.8946013425872712
34988,W01001711,2098,146,7.0,1.3125372205804653
34989,W01001712,1455,62,4.3,-0.43365514543995165
34990,W01001713,1730,83,4.8,-0.1102861887695041
34991,W01002022,1240,134,10.8,3.770141291275867
34992,W01002023,1813,110,6.1,0.7304730985736595
34993,W01001704,1671,111,6.6,1.053842055244107
34994,W01001706,1397,93,6.7,1.1185158465781968
34995,W01001707,2034,132,6.5,0.9891682639100178
34996,W01001746,1541,129,8.4,2.217970299257719
34997,W01001855,1782,101,5.7,0.4717779332373017
34998,W01001856,1722,105,6.1,0.7304730985736595
34999,W01001857,2102,139,6.6,1.053842055244107
35000,W01001862,1859,98,5.3,0.21308276790094346
35001,W01001742,1603,106,6.6,1.053842055244107
35002,W01001743,1460,79,5.4,0.27775655923503334
35003,W01001744,1751,162,9.3,2.8000344212645247
35004,W01001745,1267,51,4.0,-0.6276765194422201
35005,W01001764,2015,97,4.8,-0.1102861887695041
35006,W01001765,1476,112,7.6,1.700579968585002
35007,W01001766,1691,107,6.3,0.8598206812418386
35008,W01001767,1812,91,5.0,0.019061393898675037
35009,W01001768,1668,107,6.4,0.9244944725759284
35010,W01001702,1779,94,5.3,0.21308276790094346
35011,W01001703,1227,104,8.5,2.282644090591808
35012,W01001705,1947,112,5.8,0.536451724571391
35013,W01001708,1644,81,4.9,-0.045612397435414245
35014,W01001759,1591,95,6.0,0.6657993072395701
35015,W01001760,1665,102,6.1,0.7304730985736595
35016,W01001761,1777,114,6.4,0.9244944725759284
35017,W01001762,1841,150,8.1,2.02394892525545
35018,W01001940,1050,32,3.0,-1.2744144327831153
35019,W01001943,1198,47,3.9,-0.6923503107763097
35020,W01001944,1176,46,3.9,-0.6923503107763097
35021,W01001947,1741,116,6.7,1.1185158465781968
35022,W01002024,1118,41,3.7,-0.8216978934444885
35023,W01002025,1114,84,7.5,1.635906177250913
35024,W01001699,2532,171,6.8,1.1831896379122862
35025,W01001942,1597,94,5.9,0.6011255159054809
35026,W01001946,1327,84,6.3,0.8598206812418386
35027,W01001950,1173,56,4.8,-0.1102861887695041
35028,W01001951,1522,36,2.4,-1.6624571807876523
35029,W01001952,1880,51,2.7,-1.4684358067853835
35030,W01001186,1731,78,4.5,-0.3043075627717725
35031,W01001187,1358,62,4.6,-0.23963377143768325
35032,W01001188,1302,66,5.1,0.08373518523276433
35033,W01001221,1419,64,4.5,-0.3043075627717725
35034,W01001222,1557,108,6.9,1.247863429246376
35035,W01001233,1811,65,3.6,-0.8863716847785781
35036,W01001148,1750,103,5.9,0.6011255159054809
35037,W01001152,1932,90,4.7,-0.1749599801035934
35038,W01001153,1559,71,4.6,-0.23963377143768325
35039,W01001155,1529,76,5.0,0.019061393898675037
35040,W01001149,1406,69,4.9,-0.045612397435414245
35041,W01001150,1913,172,9.0,2.6060130472622554
35042,W01001151,1815,73,4.0,-0.6276765194422201
35043,W01001154,1412,81,5.7,0.4717779332373017
35044,W01001156,1398,42,3.0,-1.2744144327831153
35045,W01001147,1798,62,3.4,-1.0157192674467572
35046,W01001168,1389,64,4.6,-0.23963377143768325
35047,W01001169,2542,173,6.8,1.1831896379122862
35048,W01001170,1186,40,3.4,-1.0157192674467572
35049,W01001137,2389,155,6.5,0.9891682639100178
35050,W01001138,1348,106,7.9,1.8946013425872712
35051,W01001139,1417,97,6.8,1.1831896379122862
35052,W01001140,1420,91,6.4,0.9244944725759284
35053,W01001141,1508,95,6.3,0.8598206812418386
35054,W01001142,1934,141,7.3,1.5065585945827338
35055,W01001204,1532,84,5.5,0.3424303505691226
35056,W01001205,1460,58,4.0,-0.6276765194422201
35057,W01001206,1462,69,4.7,-0.1749599801035934
35058,W01001207,1278,80,6.3,0.8598206812418386
35059,W01001208,1521,90,5.9,0.6011255159054809
35060,W01001265,1547,105,6.8,1.1831896379122862
35061,W01001266,1365,63,4.6,-0.23963377143768325
35062,W01001267,1484,91,6.1,0.7304730985736595
35063,W01001268,1312,70,5.3,0.21308276790094346
35064,W01001209,1455,72,4.9,-0.045612397435414245
35065,W01001210,1453,75,5.2,0.14840897656685417
35066,W01001211,1529,86,5.6,0.40710414190321187
35067,W01001212,1312,79,6.0,0.6657993072395701
35068,W01001175,1291,53,4.1,-0.5630027281081308
35069,W01001177,1280,43,3.4,-1.0157192674467572
35070,W01001202,1770,104,5.9,0.6011255159054809
35071,W01001203,1356,77,5.7,0.4717779332373017
35072,W01001269,1452,75,5.2,0.14840897656685417
35073,W01001270,1447,71,4.9,-0.045612397435414245
35074,W01001271,1537,92,6.0,0.6657993072395701
35075,W01001272,1466,72,4.9,-0.045612397435414245
35076,W01001273,1744,64,3.7,-0.8216978934444885
35077,W01001214,1291,41,3.2,-1.1450668501149361
35078,W01001216,1524,91,6.0,0.6657993072395701
35079,W01001962,2479,180,7.3,1.5065585945827338
35080,W01001143,1489,78,5.2,0.14840897656685417
35081,W01001144,1730,124,7.2,1.4418848032486444
35082,W01001145,1746,101,5.8,0.536451724571391
35083,W01001146,1411,75,5.3,0.21308276790094346
35084,W01001176,1450,87,6.0,0.6657993072395701
35085,W01001274,1218,107,8.8,2.476665464594077
35086,W01001275,1781,95,5.3,0.21308276790094346
35087,W01001276,1276,59,4.6,-0.23963377143768325
35088,W01001260,1226,121,9.9,3.1880771692690613
35089,W01001285,1362,49,3.6,-0.8863716847785781
35090,W01001286,1475,92,6.2,0.7951468899077493
35091,W01001287,1451,67,4.6,-0.23963377143768325
35092,W01001288,1423,63,4.4,-0.3689813541058618
35093,W01001963,2248,107,4.8,-0.1102861887695041
35094,W01001180,1528,94,6.2,0.7951468899077493
35095,W01001181,1388,73,5.3,0.21308276790094346
35096,W01001282,2046,129,6.3,0.8598206812418386
35097,W01001283,1459,81,5.6,0.40710414190321187
35098,W01001284,1076,48,4.5,-0.3043075627717725
35099,W01001166,1369,77,5.6,0.40710414190321187
35100,W01001167,1406,75,5.3,0.21308276790094346
35101,W01001247,1583,77,4.9,-0.045612397435414245
35102,W01001248,1977,87,4.4,-0.3689813541058618
35103,W01001171,1282,46,3.6,-0.8863716847785781
35104,W01001229,1409,64,4.5,-0.3043075627717725
35105,W01001230,1543,63,4.1,-0.5630027281081308
35106,W01001231,1434,72,5.0,0.019061393898675037
35107,W01001280,1558,90,5.8,0.536451724571391
35108,W01001281,1693,93,5.5,0.3424303505691226
35109,W01001217,1108,50,4.5,-0.3043075627717725
35110,W01001218,1526,84,5.5,0.3424303505691226
35111,W01001219,1219,61,5.0,0.019061393898675037
35112,W01001220,1493,80,5.4,0.27775655923503334
35113,W01001259,1603,78,4.9,-0.045612397435414245
35114,W01001261,1252,64,5.1,0.08373518523276433
35115,W01001164,1594,122,7.7,1.765253759919092
35116,W01001165,1345,68,5.1,0.08373518523276433
35117,W01001256,1186,58,4.9,-0.045612397435414245
35118,W01001257,1225,39,3.2,-1.1450668501149361
35119,W01001258,1238,45,3.6,-0.8863716847785781
35120,W01001172,1398,68,4.9,-0.045612397435414245
35121,W01001173,1356,69,5.1,0.08373518523276433
35122,W01001174,1415,92,6.5,0.9891682639100178
35123,W01001232,1283,79,6.2,0.7951468899077493
35124,W01001227,1281,74,5.8,0.536451724571391
35125,W01001228,1625,73,4.5,-0.3043075627717725
35126,W01001234,1487,64,4.3,-0.43365514543995165
35127,W01001235,1661,100,6.0,0.6657993072395701
35128,W01001236,1609,80,5.0,0.019061393898675037
35129,W01001964,2260,112,5.0,0.019061393898675037
35130,W01001185,2090,169,8.1,2.02394892525545
35131,W01001237,1449,68,4.7,-0.1749599801035934
35132,W01001238,1716,107,6.2,0.7951468899077493
35133,W01001262,1579,89,5.6,0.40710414190321187
35134,W01001263,1682,63,3.7,-0.8216978934444885
35135,W01001264,1906,39,2.0,-1.9211523461240103
35136,W01001178,1632,99,6.1,0.7304730985736595
35137,W01001179,1707,79,4.6,-0.23963377143768325
35138,W01001253,1452,72,5.0,0.019061393898675037
35139,W01001255,2021,143,7.1,1.3772110119145546
35140,W01001914,1916,72,3.8,-0.7570241021103993
35141,W01001917,1449,47,3.2,-1.1450668501149361
35142,W01001249,1451,58,4.0,-0.6276765194422201
35143,W01001250,1523,61,4.0,-0.6276765194422201
35144,W01001251,1511,106,7.0,1.3125372205804653
35145,W01001252,1567,75,4.8,-0.1102861887695041
35146,W01001162,2545,188,7.4,1.5712323859168236
35147,W01001244,1378,42,3.0,-1.2744144327831153
35148,W01001245,1232,54,4.4,-0.3689813541058618
35149,W01001246,1347,57,4.2,-0.49832893677404094
35150,W01001184,2098,112,5.3,0.21308276790094346
35151,W01001239,1297,51,3.9,-0.6923503107763097
35152,W01001240,1902,72,3.8,-0.7570241021103993
35153,W01001241,1643,74,4.5,-0.3043075627717725
35154,W01001196,1441,63,4.4,-0.3689813541058618
35155,W01001197,1215,50,4.1,-0.5630027281081308
35156,W01001198,1492,59,4.0,-0.6276765194422201
35157,W01001199,1658,79,4.8,-0.1102861887695041
35158,W01001915,1646,82,5.0,0.019061393898675037
35159,W01001916,1497,92,6.1,0.7304730985736595
35160,W01001157,1308,69,5.3,0.21308276790094346
35161,W01001158,1488,92,6.2,0.7951468899077493
35162,W01001159,1573,100,6.4,0.9244944725759284
35163,W01001277,1116,42,3.8,-0.7570241021103993
35164,W01001278,1146,66,5.8,0.536451724571391
35165,W01001279,1103,58,5.3,0.21308276790094346
35166,W01001160,1630,72,4.4,-0.3689813541058618
35167,W01001189,1514,81,5.4,0.27775655923503334
35168,W01001190,2994,198,6.6,1.053842055244107
35169,W01001965,1706,93,5.5,0.3424303505691226
35170,W01001966,1737,167,9.6,2.9940557952667923
35171,W01001193,1135,33,2.9,-1.3390882241172049
35172,W01001194,2108,98,4.6,-0.23963377143768325
35173,W01001195,1452,54,3.7,-0.8216978934444885
35174,W01001242,1359,54,4.0,-0.6276765194422201
35175,W01001243,1406,68,4.8,-0.1102861887695041
35176,W01001192,1428,78,5.5,0.3424303505691226
35177,W01001223,1743,81,4.6,-0.23963377143768325
35178,W01001224,2028,88,4.3,-0.43365514543995165
35179,W01001225,1566,58,3.7,-0.8216978934444885
35180,W01001226,1683,68,4.0,-0.6276765194422201
35181,W01001967,1491,69,4.6,-0.23963377143768325
35182,W01001968,1515,127,8.4,2.217970299257719
35183,W01001374,1425,78,5.5,0.3424303505691226
35184,W01001375,1477,75,5.1,0.08373518523276433
35185,W01001376,1422,81,5.7,0.4717779332373017
35186,W01001406,1832,89,4.9,-0.045612397435414245
35187,W01001428,1237,76,6.1,0.7304730985736595
35188,W01001429,1154,42,3.6,-0.8863716847785781
35189,W01001360,1291,47,3.6,-0.8863716847785781
35190,W01001361,1144,47,4.1,-0.5630027281081308
35191,W01001384,1511,106,7.0,1.3125372205804653
35192,W01001385,1545,103,6.7,1.1185158465781968
35193,W01001386,1593,103,6.5,0.9891682639100178
35194,W01001325,1656,94,5.7,0.4717779332373017
35195,W01001326,2173,146,6.7,1.1185158465781968
35196,W01001362,1993,91,4.6,-0.23963377143768325
35197,W01001336,1420,82,5.8,0.536451724571391
35198,W01001337,1446,65,4.5,-0.3043075627717725
35199,W01001338,1733,112,6.5,0.9891682639100178
35200,W01001339,1440,136,9.4,2.8647082125986136
35201,W01001334,1447,88,6.1,0.7304730985736595
35202,W01001335,1262,45,3.6,-0.8863716847785781
35203,W01001347,1499,64,4.3,-0.43365514543995165
35204,W01001351,1392,40,2.9,-1.3390882241172049
35205,W01001356,1189,43,3.6,-0.8863716847785781
35206,W01001357,1695,86,5.1,0.08373518523276433
35207,W01001358,1504,106,7.0,1.3125372205804653
35208,W01001359,1406,73,5.2,0.14840897656685417
35209,W01001390,2105,121,5.7,0.4717779332373017
35210,W01001391,1617,74,4.6,-0.23963377143768325
35211,W01001352,1748,92,5.3,0.21308276790094346
35212,W01001353,1530,58,3.8,-0.7570241021103993
35213,W01001387,1191,58,4.9,-0.045612397435414245
35214,W01001388,1822,134,7.4,1.5712323859168236
35215,W01001389,1099,38,3.5,-0.9510454761126677
35216,W01001414,1588,106,6.7,1.1185158465781968
35217,W01001415,1731,100,5.8,0.536451724571391
35218,W01001416,1383,60,4.3,-0.43365514543995165
35219,W01001417,1388,77,5.5,0.3424303505691226
35220,W01001418,1399,83,5.9,0.6011255159054809
35221,W01001348,1759,90,5.1,0.08373518523276433
35222,W01001349,1720,65,3.8,-0.7570241021103993
35223,W01001350,1737,93,5.4,0.27775655923503334
35224,W01001392,1936,68,3.5,-0.9510454761126677
35225,W01001380,1784,94,5.3,0.21308276790094346
35226,W01001381,1470,82,5.6,0.40710414190321187
35227,W01001382,1546,62,4.0,-0.6276765194422201
35228,W01001383,1439,55,3.8,-0.7570241021103993
35229,W01001401,2066,113,5.5,0.3424303505691226
35230,W01001402,1599,97,6.1,0.7304730985736595
35231,W01001403,1590,84,5.3,0.21308276790094346
35232,W01001404,1347,49,3.6,-0.8863716847785781
35233,W01001405,1780,81,4.6,-0.23963377143768325
35234,W01001363,1800,114,6.3,0.8598206812418386
35235,W01001364,1781,108,6.1,0.7304730985736595
35236,W01001365,1930,76,3.9,-0.6923503107763097
35237,W01001369,2421,115,4.8,-0.1102861887695041
35238,W01001377,1450,57,3.9,-0.6923503107763097
35239,W01001378,1503,70,4.7,-0.1749599801035934
35240,W01001379,1520,73,4.8,-0.1102861887695041
35241,W01001432,2754,174,6.3,0.8598206812418386
35242,W01001433,1360,62,4.6,-0.23963377143768325
35243,W01001434,1373,63,4.6,-0.23963377143768325
35244,W01001327,2454,167,6.8,1.1831896379122862
35245,W01001328,1504,72,4.8,-0.1102861887695041
35246,W01001329,1485,67,4.5,-0.3043075627717725
35247,W01001354,1665,67,4.0,-0.6276765194422201
35248,W01001355,1531,63,4.1,-0.5630027281081308
35249,W01001430,2380,135,5.7,0.4717779332373017
35250,W01001431,1584,84,5.3,0.21308276790094346
35251,W01001407,1306,55,4.2,-0.49832893677404094
35252,W01001408,1442,83,5.8,0.536451724571391
35253,W01001409,1582,78,4.9,-0.045612397435414245
35254,W01001410,1809,112,6.2,0.7951468899077493
35255,W01001411,1603,64,4.0,-0.6276765194422201
35256,W01001412,1660,78,4.7,-0.1749599801035934
35257,W01001413,1823,97,5.3,0.21308276790094346
35258,W01001330,1446,77,5.3,0.21308276790094346
35259,W01001331,1742,118,6.8,1.1831896379122862
35260,W01001332,1846,126,6.8,1.1831896379122862
35261,W01001333,1476,100,6.8,1.1831896379122862
35262,W01001366,1559,54,3.5,-0.9510454761126677
35263,W01001367,1458,83,5.7,0.4717779332373017
35264,W01001368,1422,64,4.5,-0.3043075627717725
35265,W01001393,1346,78,5.8,0.536451724571391
35266,W01001397,1578,78,4.9,-0.045612397435414245
35267,W01001400,1419,104,7.3,1.5065585945827338
35268,W01001340,1869,84,4.5,-0.3043075627717725
35269,W01001341,1703,87,5.1,0.08373518523276433
35270,W01001344,1668,61,3.7,-0.8216978934444885
35271,W01001346,1524,95,6.2,0.7951468899077493
35272,W01001342,1188,54,4.5,-0.3043075627717725
35273,W01001343,1100,57,5.2,0.14840897656685417
35274,W01001345,1406,112,8.0,1.9592751339213603
35275,W01001419,1599,53,3.3,-1.0803930587808468
35276,W01001371,1916,131,6.8,1.1831896379122862
35277,W01001372,1800,62,3.4,-1.0157192674467572
35278,W01001373,1940,118,6.1,0.7304730985736595
35279,W01001420,1211,55,4.5,-0.3043075627717725
35280,W01001421,1440,95,6.6,1.053842055244107
35281,W01001422,1469,81,5.5,0.3424303505691226
35282,W01001370,1829,73,4.0,-0.6276765194422201
35283,W01001394,1296,64,4.9,-0.045612397435414245
35284,W01001395,1313,60,4.6,-0.23963377143768325
35285,W01001396,1537,80,5.2,0.14840897656685417
35286,W01001399,1258,50,4.0,-0.6276765194422201
35287,W01001398,2792,178,6.4,0.9244944725759284
35288,W01001423,1380,69,5.0,0.019061393898675037
35289,W01001424,1410,71,5.0,0.019061393898675037
35290,W01001425,1736,80,4.6,-0.23963377143768325
35291,W01001426,1456,83,5.7,0.4717779332373017
35292,W01001427,1853,96,5.2,0.14840897656685417
35293,W01001440,1342,67,5.0,0.019061393898675037
35294,W01001441,1173,95,8.1,2.02394892525545
35295,W01001442,1097,51,4.6,-0.23963377143768325
35296,W01001470,1406,68,4.8,-0.1102861887695041
35297,W01001471,1608,73,4.5,-0.3043075627717725
35298,W01001446,1229,53,4.3,-0.43365514543995165
35299,W01001447,1479,88,5.9,0.6011255159054809
35300,W01001448,1165,55,4.7,-0.1749599801035934
35301,W01001449,1374,72,5.2,0.14840897656685417
35302,W01001472,1375,61,4.4,-0.3689813541058618
35303,W01001473,1269,81,6.4,0.9244944725759284
35304,W01001474,1423,65,4.6,-0.23963377143768325
35305,W01001475,1124,62,5.5,0.3424303505691226
35306,W01001480,1466,84,5.7,0.4717779332373017
35307,W01001438,1477,68,4.6,-0.23963377143768325
35308,W01001439,1606,81,5.0,0.019061393898675037
35309,W01001456,1266,71,5.6,0.40710414190321187
35310,W01001457,1792,114,6.4,0.9244944725759284
35311,W01001458,1644,109,6.6,1.053842055244107
35312,W01001443,1231,57,4.6,-0.23963377143768325
35313,W01001444,1969,106,5.4,0.27775655923503334
35314,W01001445,1354,75,5.5,0.3424303505691226
35315,W01001467,1904,115,6.0,0.6657993072395701
35316,W01001468,1325,71,5.4,0.27775655923503334
35317,W01001469,1316,84,6.4,0.9244944725759284
35318,W01001462,1818,110,6.1,0.7304730985736595
35319,W01001463,1788,78,4.4,-0.3689813541058618
35320,W01001478,1366,68,5.0,0.019061393898675037
35321,W01001479,1476,112,7.6,1.700579968585002
35322,W01001481,1634,65,4.0,-0.6276765194422201
35323,W01001450,1214,58,4.8,-0.1102861887695041
35324,W01001451,1292,62,4.8,-0.1102861887695041
35325,W01001452,1431,52,3.6,-0.8863716847785781
35326,W01001459,1207,85,7.0,1.3125372205804653
35327,W01001460,1725,81,4.7,-0.1749599801035934
35328,W01001461,1263,57,4.5,-0.3043075627717725
35329,W01001435,1358,73,5.4,0.27775655923503334
35330,W01001436,1370,76,5.5,0.3424303505691226
35331,W01001437,1437,64,4.5,-0.3043075627717725
35332,W01001453,1489,75,5.0,0.019061393898675037
35333,W01001454,1278,68,5.3,0.21308276790094346
35334,W01001455,1685,105,6.2,0.7951468899077493
35335,W01001464,1435,68,4.7,-0.1749599801035934
35336,W01001465,1526,73,4.8,-0.1102861887695041
35337,W01001466,1443,65,4.5,-0.3043075627717725
35338,W01001973,2261,124,5.5,0.3424303505691226
35339,W01001487,1666,92,5.5,0.3424303505691226
35340,W01001488,1519,120,7.9,1.8946013425872712
35341,W01001489,1433,70,4.9,-0.045612397435414245
35342,W01001490,1401,65,4.6,-0.23963377143768325
35343,W01001482,1249,84,6.7,1.1185158465781968
35344,W01001483,1444,111,7.7,1.765253759919092
35345,W01001484,1632,63,3.9,-0.6923503107763097
35346,W01001485,1253,66,5.3,0.21308276790094346
35347,W01001486,1466,61,4.2,-0.49832893677404094
35348,W01001525,1842,105,5.7,0.4717779332373017
35349,W01001529,2036,143,7.0,1.3125372205804653
35350,W01001530,1793,150,8.4,2.217970299257719
35351,W01001531,1672,88,5.3,0.21308276790094346
35352,W01001491,1700,105,6.2,0.7951468899077493
35353,W01001496,1469,97,6.6,1.053842055244107
35354,W01001523,1421,74,5.2,0.14840897656685417
35355,W01001524,1855,77,4.2,-0.49832893677404094
35356,W01001540,1268,64,5.0,0.019061393898675037
35357,W01001541,1158,43,3.7,-0.8216978934444885
35358,W01001510,1597,78,4.9,-0.045612397435414245
35359,W01001511,1538,75,4.9,-0.045612397435414245
35360,W01001512,1291,40,3.1,-1.2097406414490257
35361,W01001513,1469,63,4.3,-0.43365514543995165
35362,W01001514,1079,40,3.7,-0.8216978934444885
35363,W01001515,1392,59,4.2,-0.49832893677404094
35364,W01001516,1435,87,6.1,0.7304730985736595
35365,W01001517,2438,133,5.5,0.3424303505691226
35366,W01001518,1131,42,3.7,-0.8216978934444885
35367,W01001519,1282,81,6.3,0.8598206812418386
35368,W01001520,2596,160,6.2,0.7951468899077493
35369,W01001521,1421,84,5.9,0.6011255159054809
35370,W01001522,1596,62,3.9,-0.6923503107763097
35371,W01001537,1169,45,3.8,-0.7570241021103993
35372,W01001493,1808,106,5.9,0.6011255159054809
35373,W01001494,1545,76,4.9,-0.045612397435414245
35374,W01001495,1794,68,3.8,-0.7570241021103993
35375,W01001507,1938,91,4.7,-0.1749599801035934
35376,W01001501,1321,81,6.1,0.7304730985736595
35377,W01001503,1238,87,7.0,1.3125372205804653
35378,W01001536,1144,84,7.3,1.5065585945827338
35379,W01001538,1326,84,6.3,0.8598206812418386
35380,W01001539,1439,86,6.0,0.6657993072395701
35381,W01001506,1520,80,5.3,0.21308276790094346
35382,W01001526,1400,101,7.2,1.4418848032486444
35383,W01001527,1178,48,4.1,-0.5630027281081308
35384,W01001528,1779,150,8.4,2.217970299257719
35385,W01001532,1768,111,6.3,0.8598206812418386
35386,W01001497,1393,84,6.0,0.6657993072395701
35387,W01001498,1243,69,5.6,0.40710414190321187
35388,W01001499,1161,73,6.3,0.8598206812418386
35389,W01001500,1244,50,4.0,-0.6276765194422201
35390,W01001502,1201,46,3.8,-0.7570241021103993
35391,W01001492,2438,137,5.6,0.40710414190321187
35392,W01001533,1497,55,3.7,-0.8216978934444885
35393,W01001534,1404,70,5.0,0.019061393898675037
35394,W01001535,1244,52,4.2,-0.49832893677404094
35395,W01001504,2323,136,5.9,0.6011255159054809
35396,W01001505,2651,168,6.3,0.8598206812418386
35397,W01001508,1179,47,4.0,-0.6276765194422201
35398,W01001509,1382,38,2.7,-1.4684358067853835
35399,W01001545,1522,56,3.7,-0.8216978934444885
35400,W01001548,2085,70,3.4,-1.0157192674467572
35401,W01001557,1805,71,3.9,-0.6923503107763097
35402,W01001571,1494,61,4.1,-0.5630027281081308
35403,W01001579,1576,59,3.7,-0.8216978934444885
35404,W01001546,1563,103,6.6,1.053842055244107
35405,W01001558,1575,61,3.9,-0.6923503107763097
35406,W01001580,1751,61,3.5,-0.9510454761126677
35407,W01001974,1438,114,7.9,1.8946013425872712
35408,W01001975,1321,68,5.1,0.08373518523276433
35409,W01001561,1600,57,3.6,-0.8863716847785781
35410,W01001562,1369,51,3.7,-0.8216978934444885
35411,W01001563,1140,55,4.8,-0.1102861887695041
35412,W01001569,1340,49,3.7,-0.8216978934444885
35413,W01001976,1602,66,4.1,-0.5630027281081308
35414,W01001977,1461,102,7.0,1.3125372205804653
35415,W01001552,1508,39,2.6,-1.5331095981194731
35416,W01001554,1523,30,2.0,-1.9211523461240103
35417,W01001576,1071,52,4.9,-0.045612397435414245
35418,W01001577,1291,68,5.3,0.21308276790094346
35419,W01001599,2123,87,4.1,-0.5630027281081308
35420,W01001978,1491,62,4.2,-0.49832893677404094
35421,W01001979,2035,136,6.7,1.1185158465781968
35422,W01001568,1782,52,2.9,-1.3390882241172049
35423,W01001575,1236,38,3.1,-1.2097406414490257
35424,W01001581,1933,56,2.9,-1.3390882241172049
35425,W01001980,2194,74,3.4,-1.0157192674467572
35426,W01001555,1136,26,2.3,-1.7271309721217418
35427,W01001556,1373,61,4.4,-0.3689813541058618
35428,W01001560,1369,41,3.0,-1.2744144327831153
35429,W01001565,1811,58,3.2,-1.1450668501149361
35430,W01001596,1205,12,1.0,-2.5678902594649053
35431,W01001597,1422,59,4.1,-0.5630027281081308
35432,W01001549,1389,31,2.2,-1.7918047634558312
35433,W01001583,1515,46,3.0,-1.2744144327831153
35434,W01001585,1281,53,4.1,-0.5630027281081308
35435,W01001586,2484,108,4.3,-0.43365514543995165
35436,W01001594,1405,64,4.6,-0.23963377143768325
35437,W01001595,1296,43,3.3,-1.0803930587808468
35438,W01001559,1276,46,3.6,-0.8863716847785781
35439,W01001584,1759,72,4.1,-0.5630027281081308
35440,W01001587,1878,97,5.2,0.14840897656685417
35441,W01001592,1625,82,5.0,0.019061393898675037
35442,W01001593,1632,94,5.8,0.536451724571391
35443,W01001542,2124,103,4.8,-0.1102861887695041
35444,W01001543,1781,79,4.4,-0.3689813541058618
35445,W01001578,2485,109,4.4,-0.3689813541058618
35446,W01001590,2119,78,3.7,-0.8216978934444885
35447,W01001551,1171,64,5.5,0.3424303505691226
35448,W01001588,1611,48,3.0,-1.2744144327831153
35449,W01001589,1426,61,4.3,-0.43365514543995165
35450,W01001598,1672,105,6.3,0.8598206812418386
35451,W01001908,2148,134,6.2,0.7951468899077493
35452,W01001572,1606,73,4.5,-0.3043075627717725
35453,W01001573,1411,44,3.1,-1.2097406414490257
35454,W01001574,1331,79,5.9,0.6011255159054809
35455,W01001582,1790,95,5.3,0.21308276790094346
35456,W01001591,1597,99,6.2,0.7951468899077493
35457,W01001623,1407,64,4.5,-0.3043075627717725
35458,W01001624,1207,53,4.4,-0.3689813541058618
35459,W01001625,1176,30,2.6,-1.5331095981194731
35460,W01001626,1507,69,4.6,-0.23963377143768325
35461,W01001627,1609,71,4.4,-0.3689813541058618
35462,W01001628,1065,65,6.1,0.7304730985736595
35463,W01001651,1439,65,4.5,-0.3043075627717725
35464,W01001652,1655,112,6.8,1.1831896379122862
35465,W01001653,1356,60,4.4,-0.3689813541058618
35466,W01001654,1584,80,5.1,0.08373518523276433
35467,W01001655,1568,72,4.6,-0.23963377143768325
35468,W01001617,1478,120,8.1,2.02394892525545
35469,W01001618,1124,67,6.0,0.6657993072395701
35470,W01001619,1382,98,7.1,1.3772110119145546
35471,W01001620,1689,127,7.5,1.635906177250913
35472,W01001621,1415,71,5.0,0.019061393898675037
35473,W01001622,1208,57,4.7,-0.1749599801035934
35474,W01001639,2176,144,6.6,1.053842055244107
35475,W01001640,1107,38,3.4,-1.0157192674467572
35476,W01001641,1364,56,4.1,-0.5630027281081308
35477,W01001650,1662,98,5.9,0.6011255159054809
35478,W01002026,1869,202,10.8,3.770141291275867
35479,W01002027,1779,89,5.0,0.019061393898675037
35480,W01001614,1602,121,7.6,1.700579968585002
35481,W01001615,1594,112,7.0,1.3125372205804653
35482,W01001616,1414,72,5.1,0.08373518523276433
35483,W01001678,1664,135,8.1,2.02394892525545
35484,W01001601,1551,89,5.7,0.4717779332373017
35485,W01001681,1339,105,7.8,1.8299275512531812
35486,W01001682,1397,68,4.9,-0.045612397435414245
35487,W01001683,1093,69,6.3,0.8598206812418386
35488,W01001684,1412,92,6.5,0.9891682639100178
35489,W01001675,1585,95,6.0,0.6657993072395701
35490,W01001676,1856,113,6.1,0.7304730985736595
35491,W01001677,1391,63,4.5,-0.3043075627717725
35492,W01001679,1114,51,4.6,-0.23963377143768325
35493,W01001680,1287,71,5.5,0.3424303505691226
35494,W01001606,1276,62,4.9,-0.045612397435414245
35495,W01001608,1488,62,4.2,-0.49832893677404094
35496,W01001663,1393,73,5.2,0.14840897656685417
35497,W01001665,1645,77,4.7,-0.1749599801035934
35498,W01001669,1253,48,3.8,-0.7570241021103993
35499,W01001670,2291,99,4.3,-0.43365514543995165
35500,W01001673,1419,56,3.9,-0.6923503107763097
35501,W01001674,1569,87,5.5,0.3424303505691226
35502,W01002028,1944,94,4.8,-0.1102861887695041
35503,W01002029,1765,233,13.2,5.322312283294014
35504,W01001664,1230,99,8.0,1.9592751339213603
35505,W01001666,1495,92,6.2,0.7951468899077493
35506,W01001667,1310,84,6.4,0.9244944725759284
35507,W01001668,1237,85,6.9,1.247863429246376
35508,W01001611,1200,69,5.8,0.536451724571391
35509,W01001612,1528,76,5.0,0.019061393898675037
35510,W01001613,1523,106,7.0,1.3125372205804653
35511,W01001691,1683,74,4.4,-0.3689813541058618
35512,W01001692,2348,230,9.8,3.123403377934972
35513,W01001600,1847,107,5.8,0.536451724571391
35514,W01001602,1624,95,5.8,0.536451724571391
35515,W01001603,1520,66,4.3,-0.43365514543995165
35516,W01001604,1494,65,4.4,-0.3689813541058618
35517,W01001642,1665,121,7.3,1.5065585945827338
35518,W01001643,1905,179,9.4,2.8647082125986136
35519,W01001690,2215,174,7.9,1.8946013425872712
35520,W01001693,2906,239,8.2,2.088622716589539
35521,W01002030,1426,104,7.3,1.5065585945827338
35522,W01002031,1694,146,8.6,2.347317881925897
35523,W01001605,1460,58,4.0,-0.6276765194422201
35524,W01001685,1702,101,5.9,0.6011255159054809
35525,W01001686,1290,47,3.6,-0.8863716847785781
35526,W01001687,2331,118,5.1,0.08373518523276433
35527,W01001607,1365,118,8.6,2.347317881925897
35528,W01001609,1915,146,7.6,1.700579968585002
35529,W01001610,1322,67,5.1,0.08373518523276433
35530,W01001645,1283,66,5.1,0.08373518523276433
35531,W01001646,1646,111,6.7,1.1185158465781968
35532,W01001648,1552,78,5.0,0.019061393898675037
35533,W01002032,1281,57,4.4,-0.3689813541058618
35534,W01002033,1404,121,8.6,2.347317881925897
35535,W01001635,1323,53,4.0,-0.6276765194422201
35536,W01001637,2129,119,5.6,0.40710414190321187
35537,W01001638,1216,54,4.4,-0.3689813541058618
35538,W01001671,2309,167,7.2,1.4418848032486444
35539,W01001629,1375,56,4.1,-0.5630027281081308
35540,W01001630,1658,114,6.9,1.247863429246376
35541,W01001631,1344,71,5.3,0.21308276790094346
35542,W01001632,1407,73,5.2,0.14840897656685417
35543,W01001659,1912,137,7.2,1.4418848032486444
35544,W01001660,2724,228,8.4,2.217970299257719
35545,W01001661,2979,203,6.8,1.1831896379122862
35546,W01001662,1675,92,5.5,0.3424303505691226
35547,W01001633,1721,178,10.3,3.4467723346054195
35548,W01001634,1479,80,5.4,0.27775655923503334
35549,W01001689,2065,89,4.3,-0.43365514543995165
35550,W01002034,1705,115,6.7,1.1185158465781968
35551,W01002035,1608,141,8.8,2.476665464594077
35552,W01001636,1929,107,5.5,0.3424303505691226
35553,W01001657,1452,69,4.8,-0.1102861887695041
35554,W01001658,2078,107,5.1,0.08373518523276433
35555,W01001912,1527,63,4.1,-0.5630027281081308
35556,W01001913,1442,61,4.2,-0.49832893677404094
35557,W01000461,1585,71,4.5,-0.3043075627717725
35558,W01000470,1989,78,3.9,-0.6923503107763097
35559,W01000475,2399,94,3.9,-0.6923503107763097
35560,W01001906,1953,78,4.0,-0.6276765194422201
35561,W01001907,1382,61,4.4,-0.3689813541058618
35562,W01000444,2259,104,4.6,-0.23963377143768325
35563,W01000457,2148,94,4.4,-0.3689813541058618
35564,W01000458,1857,79,4.3,-0.43365514543995165
35565,W01000498,1488,75,5.0,0.019061393898675037
35566,W01000499,1237,52,4.2,-0.49832893677404094
35567,W01000500,1712,110,6.4,0.9244944725759284
35568,W01000501,2200,75,3.4,-1.0157192674467572
35569,W01000442,2053,93,4.5,-0.3043075627717725
35570,W01000452,1996,60,3.0,-1.2744144327831153
35571,W01000473,2158,110,5.1,0.08373518523276433
35572,W01000428,1339,60,4.5,-0.3043075627717725
35573,W01000441,1536,70,4.6,-0.23963377143768325
35574,W01000476,1283,51,4.0,-0.6276765194422201
35575,W01000497,1376,66,4.8,-0.1102861887695041
35576,W01000433,2272,90,4.0,-0.6276765194422201
35577,W01000460,1707,60,3.5,-0.9510454761126677
35578,W01000488,2174,91,4.2,-0.49832893677404094
35579,W01000434,1742,73,4.2,-0.49832893677404094
35580,W01000439,2038,82,4.0,-0.6276765194422201
35581,W01000447,2015,107,5.3,0.21308276790094346
35582,W01000480,2106,112,5.3,0.21308276790094346
35583,W01000481,2197,86,3.9,-0.6923503107763097
35584,W01000482,1893,73,3.9,-0.6923503107763097
35585,W01000478,1873,141,7.5,1.635906177250913
35586,W01000479,1453,89,6.1,0.7304730985736595
35587,W01000483,1839,115,6.3,0.8598206812418386
35588,W01000429,2325,91,3.9,-0.6923503107763097
35589,W01000453,1384,51,3.7,-0.8216978934444885
35590,W01000466,1334,72,5.4,0.27775655923503334
35591,W01000467,1449,44,3.0,-1.2744144327831153
35592,W01000427,1345,57,4.2,-0.49832893677404094
35593,W01000448,1395,81,5.8,0.536451724571391
35594,W01000449,1519,38,2.5,-1.5977833894535627
35595,W01000464,1193,51,4.3,-0.43365514543995165
35596,W01000484,1684,59,3.5,-0.9510454761126677
35597,W01000485,1584,57,3.6,-0.8863716847785781
35598,W01000486,1064,39,3.7,-0.8216978934444885
35599,W01000438,1231,54,4.4,-0.3689813541058618
35600,W01000451,1187,36,3.0,-1.2744144327831153
35601,W01000472,1188,45,3.8,-0.7570241021103993
35602,W01000477,1533,74,4.8,-0.1102861887695041
35603,W01000487,2084,98,4.7,-0.1749599801035934
35604,W01000454,1266,39,3.1,-1.2097406414490257
35605,W01000455,2185,120,5.5,0.3424303505691226
35606,W01000456,2149,58,2.7,-1.4684358067853835
35607,W01000431,1259,57,4.5,-0.3043075627717725
35608,W01000432,1210,55,4.5,-0.3043075627717725
35609,W01000450,1399,58,4.1,-0.5630027281081308
35610,W01000459,1209,40,3.3,-1.0803930587808468
35611,W01000471,1765,72,4.1,-0.5630027281081308
35612,W01000430,1316,50,3.8,-0.7570241021103993
35613,W01000443,2281,87,3.8,-0.7570241021103993
35614,W01000445,1482,48,3.2,-1.1450668501149361
35615,W01000446,1680,61,3.6,-0.8863716847785781
35616,W01000494,1701,77,4.5,-0.3043075627717725
35617,W01000489,1778,79,4.4,-0.3689813541058618
35618,W01000492,1517,54,3.6,-0.8863716847785781
35619,W01000493,1731,63,3.6,-0.8863716847785781
35620,W01001901,1837,114,6.2,0.7951468899077493
35621,W01001902,1386,85,6.1,0.7304730985736595
35622,W01000465,1035,33,3.2,-1.1450668501149361
35623,W01001903,2110,71,3.4,-1.0157192674467572
35624,W01001904,1648,57,3.5,-0.9510454761126677
35625,W01001905,2151,82,3.8,-0.7570241021103993
35626,W01000440,1312,44,3.4,-1.0157192674467572
35627,W01000474,1747,68,3.9,-0.6923503107763097
35628,W01000503,1060,38,3.6,-0.8863716847785781
35629,W01001897,1870,74,4.0,-0.6276765194422201
35630,W01000426,1420,74,5.2,0.14840897656685417
35631,W01000496,2081,85,4.1,-0.5630027281081308
35632,W01000502,2063,88,4.3,-0.43365514543995165
35633,W01000504,1132,57,5.0,0.019061393898675037
35634,W01000505,1432,62,4.3,-0.43365514543995165
35635,W01001899,2216,131,5.9,0.6011255159054809
35636,W01001295,1509,93,6.2,0.7951468899077493
35637,W01001296,1579,87,5.5,0.3424303505691226
35638,W01001297,1816,87,4.8,-0.1102861887695041
35639,W01001298,1730,100,5.8,0.536451724571391
35640,W01001310,1552,99,6.4,0.9244944725759284
35641,W01001311,1174,127,10.8,3.770141291275867
35642,W01001291,2079,126,6.1,0.7304730985736595
35643,W01001294,1668,73,4.4,-0.3689813541058618
35644,W01001305,1225,61,5.0,0.019061393898675037
35645,W01001306,1422,71,5.0,0.019061393898675037
35646,W01001324,1937,97,5.0,0.019061393898675037
35647,W01001292,1840,150,8.2,2.088622716589539
35648,W01001293,1680,79,4.7,-0.1749599801035934
35649,W01001307,1514,53,3.5,-0.9510454761126677
35650,W01001315,1701,71,4.2,-0.49832893677404094
35651,W01001314,2095,92,4.4,-0.3689813541058618
35652,W01001317,1745,95,5.4,0.27775655923503334
35653,W01001318,1481,86,5.8,0.536451724571391
35654,W01001959,1532,73,4.8,-0.1102861887695041
35655,W01001960,1437,77,5.4,0.27775655923503334
35656,W01001289,1359,70,5.2,0.14840897656685417
35657,W01001302,1434,111,7.7,1.765253759919092
35658,W01001312,1474,75,5.1,0.08373518523276433
35659,W01001313,1475,64,4.3,-0.43365514543995165
35660,W01001961,2345,115,4.9,-0.045612397435414245
35661,W01001290,2411,166,6.9,1.247863429246376
35662,W01001319,1592,52,3.3,-1.0803930587808468
35663,W01001320,1425,57,4.0,-0.6276765194422201
35664,W01001321,1622,102,6.3,0.8598206812418386
35665,W01001322,1634,94,5.8,0.536451724571391
35666,W01001299,1691,146,8.6,2.347317881925897
35667,W01001300,1735,109,6.3,0.8598206812418386
35668,W01001301,1913,126,6.6,1.053842055244107
35669,W01001308,1253,85,6.8,1.1831896379122862
35670,W01001309,1302,78,6.0,0.6657993072395701
35671,W01001898,1462,53,3.6,-0.8863716847785781
