"ltla24_code","index"
"E06000001",0.706711925200972
"E06000002",0.737622851240298
"E06000003",0.347799537720093
"E06000004",0.171671459168122
"E06000005",0.372692424623768
"E06000006",0.585061434423198
"E06000007",-0.0928113830908081
"E06000008",0.787298580083258
"E06000009",1.05958092943074
"E06000010",0.620246123213375
"E06000011",-0.170553605017711
"E06000012",0.424083553250962
"E06000013",0.18631106445852
"E06000014",-0.348435304919979
"E06000015",0.448415396144546
"E06000016",0.772453984668814
"E06000017",-0.605938642394688
"E06000018",0.519610513612299
"E06000019",-0.10352746054735
"E06000020",0.199193531390197
"E06000021",0.724294585949979
"E06000022",-0.436531794880246
"E06000023",-0.017756552638379
"E06000024",-0.0711542196381216
"E06000025",-0.402707805726331
"E06000026",0.193310665178379
"E06000027",0.475844296875196
"E06000030",-0.118712808105296
"E06000031",0.290851885560482
"E06000032",0.468257049087736
"E06000033",0.275809758860248
"E06000034",-0.0799491400794237
"E06000035",0.0364593270599247
"E06000036",-0.487788815764084
"E06000037",-0.631812772248691
"E06000038",-0.0451134398309168
"E06000039",0.155210665733984
"E06000040",-0.477910102723514
"E06000041",-0.703689498882231
"E06000042",-0.225444032833398
"E06000043",-0.11837332430185
"E06000044",0.168062384940788
"E06000045",0.144662156950805
"E06000046",0.257979898187123
"E06000047",0.172362643119699
"E06000049",-0.209167572931563
"E06000050",-0.110752635456425
"E06000051",-0.195617282111023
"E06000052",-0.0777403340387976
"E06000053",-1.3083747149277
"E06000054",-0.469635059193854
"E06000055",0.0659259003905763
"E06000056",-0.464665931978482
"E06000057",0.00319973038286063
"E06000058",0.0595759712447045
"E06000059",-0.148137416742184
"E06000060",-0.485044701572369
"E06000061",-0.0801495589465977
"E06000062",-0.241728455386799
"E06000063",-0.0387376075223633
"E06000064",-0.215794937917839
"E06000065",-0.287788602027939
"E06000066",-0.175067515736682
"E07000008",-0.428982892977408
"E07000009",-0.508004188877599
"E07000010",0.137621429642975
"E07000011",-0.439491754114265
"E07000012",-0.635692296255142
"E07000032",-0.104164584663516
"E07000033",0.211305695542472
"E07000034",0.356159229360464
"E07000035",-0.450937273549994
"E07000036",-0.000274709109831803
"E07000037",-0.258419398380957
"E07000038",0.0118899267353632
"E07000039",-0.315305197115161
"E07000040",-0.154871997024111
"E07000041",-0.0781749590287466
"E07000042",-0.310012020981364
"E07000043",0.0410406317573213
"E07000044",-0.363219165578186
"E07000045",-0.0186381817136692
"E07000046",-0.0726104274627548
"E07000047",-0.277306761065299
"E07000061",0.540140656470676
"E07000062",0.656303905920856
"E07000063",0.0161520655743163
"E07000064",0.226374844427325
"E07000065",-0.296730648970757
"E07000066",0.00657103279344016
"E07000067",-0.289641935978769
"E07000068",-0.408049307886607
"E07000069",0.058524980328066
"E07000070",-0.368948584465554
"E07000071",-0.208969686212099
"E07000072",-0.208156725829638
"E07000073",0.212366897652794
"E07000074",-0.463539948267966
"E07000075",-0.24886039518035
"E07000076",0.430015552540018
"E07000077",-0.717615979217544
"E07000078",-0.0865493517582668
"E07000079",-0.648327166870507
"E07000080",-0.314527371895293
"E07000081",0.216695494897494
"E07000082",-0.494180226203656
"E07000083",-0.325438810816842
"E07000084",-0.472952325455115
"E07000085",-0.528116914768199
"E07000086",-0.37268390353013
"E07000087",-0.354953149964689
"E07000088",0.020998201868536
"E07000089",-0.807427177951795
"E07000090",0.0659625502219204
"E07000091",-0.153455947963374
"E07000092",-0.195025997236975
"E07000093",-0.355494015213579
"E07000094",-0.442796593363573
"E07000095",-0.0132041191748262
"E07000096",-0.125214117574992
"E07000098",-0.200480138879048
"E07000099",-0.306212168252491
"E07000102",-0.4522574027825
"E07000103",0.0198138894301445
"E07000105",-0.124284258864078
"E07000106",-0.0233242138954019
"E07000107",-0.184433786598986
"E07000108",0.098824064261773
"E07000109",0.0373961987088124
"E07000110",-0.117923557037457
"E07000111",-0.401959688028869
"E07000112",0.251970698879096
"E07000113",-0.0989870073188183
"E07000114",0.617127292153323
"E07000115",-0.430149525327654
"E07000116",-0.34126524829229
"E07000117",0.85813172132226
"E07000118",-0.0979176995422173
"E07000119",0.209393526774468
"E07000120",0.686143663068126
"E07000121",0.0767570775280997
"E07000122",0.612393895639607
"E07000123",0.397539227468375
"E07000124",-0.53220009516346
"E07000125",0.171132461479142
"E07000126",-0.0836852975943793
"E07000127",0.0638615080361273
"E07000128",0.36696025204219
"E07000129",-0.322977786544879
"E07000130",-0.27711757291898
"E07000131",-0.520913255201394
"E07000132",-0.22430988955686
"E07000133",-0.363879454658909
"E07000134",-0.326074413273574
"E07000135",0.0865078947832842
"E07000136",0.311330235304511
"E07000137",0.350964198091971
"E07000138",0.257194689481306
"E07000139",-0.339974496190295
"E07000140",-0.0954766834269488
"E07000141",-0.140886835701385
"E07000142",-0.0144473647870728
"E07000143",-0.156144893623135
"E07000144",-0.326920966227964
"E07000145",0.548655509763897
"E07000146",0.00353929312242982
"E07000147",-0.0617025080661982
"E07000148",0.169140355348603
"E07000149",-0.454883147703229
"E07000170",0.328325974564203
"E07000171",0.0939393380796038
"E07000172",-0.0986436124109449
"E07000173",-0.0511017013035167
"E07000174",0.340541540603667
"E07000175",0.023167844287447
"E07000176",-0.442152684308693
"E07000177",-0.452661949989915
"E07000178",-0.254414401427348
"E07000179",-0.634367583555383
"E07000180",-0.609744283481398
"E07000181",-0.547217767637991
"E07000192",0.127080256753765
"E07000193",0.0331054798562081
"E07000194",-0.2555363740268
"E07000195",0.124342840626324
"E07000196",-0.105025033471441
"E07000197",-0.123495605625165
"E07000198",-0.235017604660527
"E07000199",0.0364218693156588
"E07000200",-0.454080863201537
"E07000202",0.253755819523565
"E07000203",-0.56844787427665
"E07000207",-0.5782396711548
"E07000208",-0.464956466027313
"E07000209",-0.608614849295153
"E07000210",-0.327579371039812
"E07000211",-0.292104133712125
"E07000212",-0.106784366733839
"E07000213",-0.12603527981004
"E07000214",-0.464278394006166
"E07000215",-0.343288152091051
"E07000216",-0.530339848010749
"E07000217",-0.417105463856703
"E07000218",-0.031916913391212
"E07000219",0.300192174117413
"E07000220",-0.0857362964529129
"E07000221",-0.182827812902988
"E07000222",-0.288882999194956
"E07000223",0.0670477491134414
"E07000224",0.253118762663669
"E07000225",-0.137694050890259
"E07000226",-0.0181626735137461
"E07000227",-0.586091076271989
"E07000228",-0.407374747949929
"E07000229",0.25717911463417
"E07000234",-0.156159964898642
"E07000235",-0.17292014960895
"E07000236",0.0730850025998761
"E07000237",-0.00572808938620471
"E07000238",-0.213362286725264
"E07000239",0.421533403501552
"E07000240",-0.612583620942855
"E07000241",-0.253842680149305
"E07000242",-0.612553172899749
"E07000243",0.130996822773236
"E07000244",0.0142938521553713
"E07000245",-0.316023659122936
"E08000001",0.481346190049051
"E08000002",0.193739404219123
"E08000003",0.566138192745659
"E08000004",0.694035218381724
"E08000005",0.601694552943438
"E08000006",0.347144786349768
"E08000007",0.0520466373446829
"E08000008",0.418861480285059
"E08000009",-0.147131386759099
"E08000010",0.163666044259277
"E08000011",0.667203522235758
"E08000012",0.6621733421246
"E08000013",0.395384087190681
"E08000014",0.372995721533979
"E08000015",0.406984804463801
"E08000016",0.358993262066981
"E08000017",0.372022717186557
"E08000018",0.3445856106101
"E08000019",0.2928501504747
"E08000021",0.349773565792155
"E08000022",0.193539965499018
"E08000023",0.626974700792726
"E08000024",0.494467185589143
"E08000025",0.75997416280499
"E08000026",0.429607480671533
"E08000027",0.341539174068037
"E08000028",0.757898195041598
"E08000029",-0.0431249395678642
"E08000030",0.613589533281188
"E08000031",0.800002652831498
"E08000032",0.67310730063437
"E08000033",0.259662023742733
"E08000034",0.291290403814877
"E08000035",0.0851788197469081
"E08000036",0.22091076414601
"E08000037",0.481909700307411
"E09000001",0.32873626321472
"E09000002",0.497018898564588
"E09000003",0.0749286165109403
"E09000004",-0.180147141484609
"E09000005",0.426902691758149
"E09000006",-0.262961155304057
"E09000007",0.24673619296214
"E09000008",0.264311766524067
"E09000009",0.212124343535229
"E09000010",0.43286767746602
"E09000011",0.184158331071288
"E09000012",0.521803005846538
"E09000013",0.112862664047743
"E09000014",0.32353559423702
"E09000015",-0.0341849569245175
"E09000016",-0.0290818427396289
"E09000017",0.181226663917253
"E09000018",0.256205711718281
"E09000019",0.362583307431949
"E09000020",0.19536845590255
"E09000021",-0.307575581391308
"E09000022",0.0530424230940632
"E09000023",0.185235854799765
"E09000024",-0.189386989014893
"E09000025",0.59348063003623
"E09000026",0.0772286285617431
"E09000027",-0.535798588518672
"E09000028",0.337367089046534
"E09000029",-0.117734136575194
"E09000030",0.506888376007004
"E09000031",0.199242922550005
"E09000032",-0.35911809199336
"E09000033",0.306970651136023
