ltla24_code,index,rc1,rc2,rc3,rc4,rc5
S12000005,0.059517008736107664,-0.3660167877961036,1.239136242703305,0.03754092475574203,-1.5599894468996223,-0.16241329222229306
S12000006,-0.009397095774798837,-0.8610955831030175,0.962281348692963,0.8594848814995797,0.037046377092338476,0.45519369869955184
S12000008,0.09617261593863652,-0.4094122367907511,1.4037855190077324,-0.916790797020309,0.944845723960475,-0.4599453059261459
S12000010,-0.37141277459308014,-0.18681383537740692,-0.47172618130131916,-1.3732668003351944,-0.24472781012764075,-0.24050652330228764
S12000011,-0.5223708920966601,0.5460239137994921,-2.168270340030274,-1.001340250873173,-0.8556713854788568,-1.4183396792494947
S12000013,-0.2857035226464918,-0.9299299730502883,-0.564594361161283,2.062224708271626,0.621893388333584,-0.42735884003192365
S12000014,-0.006637729518305258,-0.05330573981824152,0.4377381732411169,-0.5513538806054148,-0.27341047242694244,-0.30548903051783316
S12000017,-0.20024486735917763,-0.7553987314867466,-0.011605728306428982,0.826298485535268,0.18734399941893237,0.395959492246462
S12000018,0.6291663559083227,0.6343124701441147,1.105059994356106,-0.017151501660450055,2.3460904735561248,-0.6818550635925535
S12000019,-0.4219773135497542,-0.3509524198913313,0.20245930628485662,-2.368541138914409,-1.1538955310857846,0.07366967734677338
S12000020,-0.42492338754863695,-1.1856253799997043,0.11218112436279318,-0.20983727410849384,0.10773103388482766,1.3841832517769417
S12000021,0.27286260859985967,-0.1392857974205844,1.1880818580408217,0.8731364616494003,-0.5724169044524575,-0.512313698038819
S12000023,-0.4720517132332804,-1.0468468786185425,-0.20774533402417086,0.8781554963468862,-1.6299341480363814,0.2098923068595666
S12000026,-0.18501665908972356,-0.7106625668714778,0.10203852056201487,1.0258794313038317,-0.7738573986088443,0.36184133132337903
S12000027,-0.5718659889053705,-0.9597905163020958,-0.9692120510090816,0.3253736753421785,0.5413089794544048,0.06439930452079243
S12000028,0.18771019051971236,-9.723075774632078e-5,0.0782891262931077,0.9252085800375656,1.9256160648306515,-0.8218398422126427
S12000029,0.05716864913237871,0.2922019318152257,0.1999897687306788,-0.5774644953552449,-0.04793889878478513,-1.0117694957686874
S12000030,-0.2492128301073172,0.06639129667980834,-1.122072550641816,0.31235087639271925,0.14468646913681157,-0.9939506594786248
S12000033,0.33004987699677496,0.7278948167229651,-0.7331964415851133,-0.1249179554737152,0.6613602572565849,3.820992423688618
S12000034,-0.7744203183784999,-1.2305698732524857,-0.6015145493717005,-1.9095074680724027,0.6932788925359967,1.410453517297921
S12000035,-0.17177464074092536,-0.4124794820527062,-0.43859950406413084,1.7531992646066301,-1.4478499163391805,-0.18246629235779507
S12000036,0.5088618146432156,2.2368156013620264,-2.037944750052926,1.0022467950183824,-1.487750384820219,0.6485536865550218
S12000038,0.1918376512954856,0.560871286370778,-0.18802664556857643,0.04252179017487472,0.6074348631076989,-0.7735080758996384
S12000039,0.7017848719626638,0.8145530302980666,1.502019286685934,0.5150591864613058,-0.5426570349921578,-0.7502502825175178
S12000040,-0.23403828820220637,-0.44499717420997553,0.4943822898773376,-1.1022481561224515,-0.7762717700918462,-0.0376771839549713
S12000041,-0.11873396712501746,-0.6230266588141563,0.15609467013501366,0.14998524365244653,1.2483752449398333,0.4603799726293033
S12000042,0.7960114749568292,1.174765315001578,0.8112721486059141,0.2881608149174685,-0.047970297623207696,1.567309747188804
S12000045,-0.5267278450128894,0.22005769846717982,-2.134635510513305,-0.9690736674848044,1.0236447364733472,-1.0005918355167003
S12000047,-0.03428214691033126,-0.26718594609452656,0.30860448286469133,-0.07740990556376684,0.4046574001007608,-0.21244007891152736
S12000048,-0.19762897796576132,-0.1672159295827743,-0.8212538449395567,0.44964524197570593,0.8728410817253602,-0.5233855979939976
S12000049,1.8069500119972446,3.644176226212467,1.007650735008825,-0.0405569895394108,0.37343616995630285,0.2100606090312884
S12000050,0.14032782807099642,0.18264515441696094,1.1593331971164706,-1.0870115768123703,-1.3272497559961083,-0.5467882416709705
