,0,1,2,3,4
z_people_on_uc_perc,-0.009643707248671585,-0.06688754443547516,-0.019789943999814125,0.019174908910666078,-0.014281013469421292
z_bad_v_bad_health_perc,0.853366384720411,0.15260052441958338,0.30232847598770035,0.12735982243905275,0.0860409811822924
z_carehomes_per_1k_residents,0.006990497755782784,0.06674553017007653,0.15980318678185765,0.15845535858115836,0.03258290830056482
z_under5_perc,0.061902727023128025,0.14626181617176634,-0.2777251954183941,-0.507560365479211,0.06623488883083835
z_poor_or_no_english_perc,0.19329099041186834,0.7702626380655003,0.10855036749256575,-0.07081027422988241,0.13454699811488524
z_limited_a_lot_a_little_perc,0.8712612456380642,0.0454983249155589,0.286185912549463,0.35166409980715113,0.023701669679647916
z_lone_parent_hh_perc,0.6265303589034611,0.2023153019007154,-0.044463565873506035,-0.436642697240244,0.1458686976532804
z_over65_perc,0.1267719079081837,-0.29900970579765135,-0.13728441113745035,0.8969429307935545,-0.19817846686406698
z_nearest_gp_mins,0.05643247598098962,0.13375061072105743,0.11834207476201172,0.03923498347584946,0.7653464660768426
z_nearest_hospital_mins,0.004463664075213513,0.248906147635858,0.16429012590086994,-0.004614893761967464,0.5960724156614153
z_no_cars_or_vans_perc,0.36802418877809023,0.4375870392525155,0.7198071269615224,-0.061989222045852416,0.3010296663668804
z_children_in_low_income_families_perc,0.5103718979887989,0.31744221834350045,0.17860098357853124,-0.14135637723360941,0.03212209729669636
z_pop_in_mobile_homes_perc,-0.0013751578924277284,-0.006556051378630137,-0.010669252528481393,0.032721423068282254,-0.12044122509516549
z_aged85plus_perc,0.08011295873259826,-0.12416022289209849,0.01771407890678287,0.7346383740643064,-0.00016598264418770148
z_one_person_hh_perc,0.3047568549263682,0.16829488415188168,0.8016540340911082,0.25550465218313106,0.12355522371684331
z_pop_in_flats_perc,-0.014033502226079119,0.44437429682998303,0.7369344941622622,-0.031145553938122034,0.3154940007640723
z_unpaid_carers_perc,0.49695550129818317,-0.21845729238159464,-0.2956904029087462,0.1720322168154862,-0.0901373427516113
z_overcrowded_hh_perc,0.3900014096740052,0.6124788652910161,0.1623687910325402,-0.26073673618874016,0.16864114167781724
z_non_white_british_perc,-0.33912717674839166,0.8073853771005728,0.33121003011796096,-0.1479103842798649,0.2021536633558123
z_low_attainment_perc,0.9029135199969504,0.001941577307897543,-0.0029827644844882383,-0.017249582644054542,-0.02774173939532122
