,lsoa21cd,total_pop,pop_in_flats_tenements,pop_in_flats_tenements_perc,z_pop_in_flats_tenements_perc
33755,W01000003,1140,35,3.07,-0.5121655381966014
33756,W01000004,581,0,0.0,-0.7756000642577675
33757,W01000018,584,11,1.88,-0.6142785955297569
33758,W01000028,812,17,2.09,-0.5962586442356707
33759,W01000031,674,4,0.59,-0.7249725820505727
33760,W01000010,879,43,4.89,-0.35599262698118694
33761,W01000021,1014,3,0.3,-0.749857276694787
33762,W01002005,1027,1,0.1,-0.7670191350701073
33763,W01000016,584,71,12.16,0.26784092496170486
33764,W01000017,730,51,6.99,-0.17579311404032408
33765,W01000029,714,64,8.96,-0.006748809043419388
33766,W01000030,1061,148,13.95,0.4214395574208212
33767,W01000033,722,115,15.93,0.5913419553364918
33768,W01000036,516,88,17.05,0.6874483622382854
33769,W01000037,499,49,9.82,0.06704718197045771
33770,W01000022,678,1,0.15,-0.7627286704762772
33771,W01000034,639,0,0.0,-0.7756000642577675
33772,W01000040,498,17,3.41,-0.4829903789585569
33773,W01000044,514,1,0.19,-0.7592962988012133
33774,W01002007,994,64,6.44,-0.22298822457245482
33775,W01000005,819,39,4.76,-0.36714783492514513
33776,W01000013,959,30,3.13,-0.5070169806840052
33777,W01000019,647,19,2.94,-0.5233207461405596
33778,W01000026,577,3,0.52,-0.7309792324819349
33779,W01000035,795,7,0.88,-0.7000878874063582
33780,W01000006,656,0,0.0,-0.7756000642577675
33781,W01000012,779,108,13.86,0.41371672115192704
33782,W01000014,971,88,9.06,0.0018321201442407157
33783,W01000041,634,102,16.09,0.6050714420367481
33784,W01000009,783,3,0.38,-0.7429925333446589
33785,W01000023,634,3,0.47,-0.7352696970757648
33786,W01000024,504,0,0.0,-0.7756000642577675
33787,W01002008,969,30,3.1,-0.5095912594403034
33788,W01000008,645,22,3.41,-0.4829903789585569
33789,W01000011,567,106,18.69,0.8281756009159117
33790,W01000015,647,12,1.85,-0.6168528742860551
33791,W01000042,909,47,5.17,-0.33196602525573854
33792,W01000007,752,7,0.93,-0.6957974228125282
33793,W01000025,927,2,0.22,-0.7567220200449151
33794,W01000027,781,7,0.9,-0.6983717015688262
33795,W01000038,1014,3,0.3,-0.749857276694787
33796,W01000062,563,125,22.2,1.1293662154027821
33797,W01000076,492,58,11.79,0.23609148696736226
33798,W01000077,541,122,22.55,1.1593994675595929
33799,W01000091,484,140,28.93,1.7068627497323094
33800,W01000092,614,99,16.12,0.6076457207930462
33801,W01000064,774,34,4.39,-0.3988972729194876
33802,W01000072,693,64,9.24,0.017277792682028933
33803,W01000075,637,53,8.32,-0.061666755844444296
33804,W01000090,523,3,0.57,-0.7266887678881047
33805,W01000102,761,109,14.32,0.4531889954151638
33806,W01000050,604,8,1.32,-0.6623317989806536
33807,W01000071,1000,2,0.2,-0.7584382058824473
33808,W01000096,528,33,6.25,-0.23929199002900908
33809,W01000097,537,45,8.38,-0.05651819833184817
33810,W01000115,890,2,0.22,-0.7567220200449151
33811,W01000052,464,1,0.22,-0.7567220200449151
33812,W01000053,492,2,0.41,-0.7404182545883609
33813,W01000087,759,9,1.19,-0.6734870069246119
33814,W01000119,1050,94,8.95,-0.007606901962185535
33815,W01000063,804,3,0.37,-0.743850626263425
33816,W01000081,881,53,6.02,-0.25902812716062745
33817,W01000099,714,1,0.14,-0.7635867633950433
33818,W01000103,521,5,0.96,-0.6932231440562303
33819,W01000059,953,134,14.06,0.4308785795272474
33820,W01000093,1047,119,11.37,0.2000515843791897
33821,W01000098,1031,104,10.09,0.09021569077714005
33822,W01000110,648,30,4.63,-0.37830304286910327
33823,W01000054,454,13,2.86,-0.5301854894906877
33824,W01000088,822,2,0.24,-0.7550058342073831
33825,W01000111,745,112,15.03,0.5141135926475506
33826,W01000118,713,3,0.42,-0.7395601616695949
33827,W01000073,721,8,1.11,-0.6803517502747399
33828,W01000086,920,3,0.33,-0.7472829979384891
33829,W01000104,799,30,3.75,-0.4538152197205124
33830,W01000112,843,6,0.71,-0.7146754670253807
33831,W01000056,811,42,5.18,-0.33110793233697255
33832,W01000065,532,49,9.21,0.014703513925730948
33833,W01000113,814,14,1.72,-0.6280080822300131
33834,W01000114,643,0,0.0,-0.7756000642577675
33835,W01000066,497,2,0.4,-0.7412763475071269
33836,W01000100,476,2,0.42,-0.7395601616695949
33837,W01000105,727,64,8.8,-0.020478295743675615
33838,W01000106,797,80,10.04,0.08592522618330992
33839,W01000107,566,74,13.07,0.3459273805694121
33840,W01000047,565,27,4.78,-0.36543164908761305
33841,W01000061,766,30,3.92,-0.43922764010149024
33842,W01000078,684,4,0.58,-0.7258306749693387
33843,W01000089,825,13,1.58,-0.6400213830927374
33844,W01000070,535,5,0.93,-0.6957974228125282
33845,W01000094,526,4,0.76,-0.7103850024315504
33846,W01000095,562,6,1.07,-0.683784121949804
33847,W01000108,1033,117,11.33,0.19661921270412572
33848,W01000109,812,128,15.76,0.5767543757174697
33849,W01000074,897,59,6.58,-0.21097492370973064
33850,W01000101,619,22,3.55,-0.4709770780958327
33851,W01002003,1154,19,1.65,-0.6340147326613752
33852,W01000080,706,60,8.5,-0.04622108330665608
33853,W01000084,496,0,0.0,-0.7756000642577675
33854,W01001932,1130,5,0.44,-0.737843975832063
33855,W01000051,943,114,12.09,0.26183427453034275
33856,W01000060,602,0,0.0,-0.7756000642577675
33857,W01000082,448,0,0.0,-0.7756000642577675
33858,W01000083,566,8,1.41,-0.6546089627117596
33859,W01000057,631,6,0.95,-0.6940812369749962
33860,W01000067,567,53,9.35,0.026716814788455032
33861,W01000068,663,64,9.65,0.05245960235143549
33862,W01002004,1014,200,19.72,0.9165591715488108
33863,W01000085,947,11,1.16,-0.67606128568091
33864,W01000116,867,88,10.15,0.09536424828973616
33865,W01000117,697,72,10.33,0.11080992082752439
33866,W01001933,968,31,3.2,-0.5010103302526432
33867,W01000132,743,204,27.46,1.5807230906737055
33868,W01000146,1009,298,29.53,1.7583483248582703
33869,W01000147,769,255,33.16,2.0698360543703327
33870,W01000169,921,292,31.7,1.9445544882304948
33871,W01000186,786,386,49.11,3.4384942598021246
33872,W01000133,826,63,7.63,-0.12087516723929925
33873,W01000168,753,83,11.02,0.17001833222237928
33874,W01000187,656,230,35.06,2.232873708935876
33875,W01000188,749,31,4.14,-0.42034959588863796
33876,W01000154,600,16,2.67,-0.5464892549472419
33877,W01000173,645,43,6.67,-0.20325208744083653
33878,W01000174,730,22,3.01,-0.5173140957091975
33879,W01000175,760,23,3.03,-0.5155979098716654
33880,W01000155,649,92,14.18,0.4411756945524395
33881,W01000156,836,350,41.87,2.8172349866155306
33882,W01000157,692,160,23.12,1.2083107639292556
33883,W01000158,777,82,10.55,0.12968796504037672
33884,W01000149,692,5,0.72,-0.7138173741066145
33885,W01000150,638,1,0.16,-0.7618705775575112
33886,W01000151,619,19,3.07,-0.5121655381966014
33887,W01000152,606,27,4.46,-0.3928906224881255
33888,W01000184,1057,62,5.87,-0.2718995209421176
33889,W01000135,996,64,6.43,-0.2238463174912209
33890,W01000136,849,185,21.79,1.0941844057333756
33891,W01000165,858,34,3.96,-0.4357952684264262
33892,W01000166,1169,47,4.02,-0.4306467109138301
33893,W01000139,669,58,8.67,-0.03163350368763385
33894,W01000143,653,37,5.67,-0.28906137931743786
33895,W01000144,818,276,33.74,2.119605443658762
33896,W01000182,1004,461,45.92,3.1647626187157663
33897,W01000138,948,148,15.61,0.5638829819359794
33898,W01000145,570,77,13.51,0.3836834689951166
33899,W01000180,560,5,0.89,-0.6992297944875923
33900,W01000181,607,16,2.64,-0.5490635337035399
33901,W01000183,664,209,31.48,1.9256764440176426
33902,W01000126,730,48,6.58,-0.21097492370973064
33903,W01000127,579,87,15.03,0.5141135926475506
33904,W01000128,649,69,10.63,0.13655270839050485
33905,W01000153,744,25,3.36,-0.48728084355238704
33906,W01000163,524,13,2.48,-0.5627930204037961
33907,W01000164,547,12,2.19,-0.5876777150480106
33908,W01000140,785,51,6.5,-0.21783966705985877
33909,W01000141,817,23,2.82,-0.5336178611657517
33910,W01000142,729,10,1.37,-0.6580413343868237
33911,W01000178,890,185,20.79,1.0083751138567743
33912,W01000179,922,33,3.58,-0.46840279933953466
33913,W01001927,591,2,0.34,-0.746424905019723
33914,W01001928,639,205,32.08,1.9771620191436035
33915,W01000167,846,45,5.32,-0.3190946314742483
33916,W01000176,710,83,11.69,0.22751055777970217
33917,W01000177,617,14,2.27,-0.5808129716978825
33918,W01001926,999,28,2.8,-0.5353340470032837
33919,W01000124,879,2,0.23,-0.7558639271261491
33920,W01000129,531,54,10.17,0.09708043412726816
33921,W01000130,742,35,4.72,-0.3705802066002092
33922,W01000131,696,47,6.75,-0.19638734409070843
33923,W01000123,827,124,14.99,0.5106812209724867
33924,W01000125,710,6,0.85,-0.7026621661626563
33925,W01000170,819,22,2.69,-0.5447730691097099
33926,W01000171,689,96,13.93,0.41972337158328915
33927,W01000172,633,89,14.06,0.4308785795272474
33928,W01000122,851,8,0.94,-0.6949393298937623
33929,W01000159,579,5,0.86,-0.7018040732438904
33930,W01000162,757,1,0.13,-0.7644448563138092
33931,W01000190,605,4,0.66,-0.7189659316192106
33932,W01000121,517,6,1.16,-0.67606128568091
33933,W01000134,946,115,12.16,0.26784092496170486
33934,W01000137,625,0,0.0,-0.7756000642577675
33935,W01000148,452,28,6.19,-0.24444054754160513
33936,W01000185,546,9,1.65,-0.6340147326613752
33937,W01000189,638,2,0.31,-0.748999183776021
33938,W01000218,738,158,21.41,1.0615768748202672
33939,W01000219,1091,21,1.92,-0.6108462238546929
33940,W01000220,886,17,1.92,-0.6108462238546929
33941,W01000213,601,96,15.97,0.594774327011556
33942,W01000214,521,74,14.2,0.4428918803899715
33943,W01000215,582,2,0.34,-0.746424905019723
33944,W01000216,582,75,12.89,0.33048170803162386
33945,W01000212,945,16,1.69,-0.6305823609863113
33946,W01000221,683,81,11.86,0.24209813739872438
33947,W01000222,864,5,0.58,-0.7258306749693387
33948,W01000226,742,43,5.8,-0.2779061713734797
33949,W01000227,726,113,15.56,0.5595925173421494
33950,W01000228,613,212,34.58,2.191685248835107
33951,W01000239,843,348,41.28,2.766607504408336
33952,W01000240,822,285,34.67,2.199408085104001
33953,W01000241,570,53,9.3,0.022426350194625057
33954,W01000236,815,141,17.3,0.7089006852074358
33955,W01000237,654,42,6.42,-0.22470441040998687
33956,W01000238,700,28,4.0,-0.43236289675136214
33957,W01000200,535,11,2.06,-0.5988329229919687
33958,W01000201,725,21,2.9,-0.5267531178156235
33959,W01000217,884,16,1.81,-0.620285245961119
33960,W01000248,698,2,0.29,-0.7507153696135531
33961,W01000191,866,6,0.69,-0.7163916528629126
33962,W01000223,592,5,0.84,-0.7035202590814224
33963,W01000224,694,34,4.9,-0.35513453406242085
33964,W01000225,711,66,9.28,0.020710164357092914
33965,W01000245,840,70,8.33,-0.0608086629256783
33966,W01000246,731,46,6.29,-0.23585961835394503
33967,W01000247,786,9,1.15,-0.6769193785996759
33968,W01000194,914,48,5.25,-0.32510128190561044
33969,W01000198,614,75,12.21,0.27213138955553495
33970,W01000199,717,14,1.95,-0.6082719450983949
33971,W01000195,654,2,0.31,-0.748999183776021
33972,W01000196,557,6,1.08,-0.682926029031038
33973,W01000197,728,47,6.46,-0.22127203873492282
33974,W01000211,768,2,0.26,-0.7532896483698511
33975,W01000203,1058,3,0.28,-0.7515734625323192
33976,W01000204,667,9,1.35,-0.6597575202243557
33977,W01000206,889,10,1.12,-0.679493657355974
33978,W01000242,954,126,13.21,0.3579406814321363
33979,W01000243,937,131,13.98,0.4240138361771193
33980,W01000244,738,1,0.14,-0.7635867633950433
33981,W01000193,561,34,6.06,-0.2555957554855634
33982,W01000202,669,2,0.3,-0.749857276694787
33983,W01000207,978,6,0.61,-0.7232563962130407
33984,W01000192,447,2,0.45,-0.7369858829132969
33985,W01000205,538,4,0.74,-0.7121011882690824
33986,W01000208,623,83,13.32,0.3673797035385624
33987,W01000209,665,141,21.2,1.0435569235261808
33988,W01000210,615,16,2.6,-0.552495905378604
33989,W01000229,770,68,8.83,-0.01790401698737763
33990,W01000230,914,19,2.08,-0.5971167371544367
33991,W01000231,617,48,7.78,-0.10800377345780902
33992,W01000232,703,4,0.57,-0.7266887678881047
33993,W01000233,587,25,4.26,-0.41005248086344576
33994,W01000234,880,43,4.89,-0.35599262698118694
33995,W01000235,578,40,6.92,-0.1817997644716862
33996,W01000287,875,18,2.06,-0.5988329229919687
33997,W01000298,679,2,0.29,-0.7507153696135531
33998,W01000338,783,2,0.26,-0.7532896483698511
33999,W01000306,993,28,2.82,-0.5336178611657517
34000,W01000320,789,7,0.89,-0.6992297944875923
34001,W01000340,969,1,0.1,-0.7670191350701073
34002,W01000253,783,27,3.45,-0.47955800728349285
34003,W01000254,932,48,5.15,-0.33368221109327056
34004,W01000296,643,72,11.2,0.18546400476016747
34005,W01000297,513,12,2.34,-0.5748063212665203
34006,W01000304,959,203,21.17,1.0409826447698831
34007,W01000305,806,56,6.95,-0.17922548571538813
34008,W01000288,997,209,20.96,1.0229626934757967
34009,W01000290,709,332,46.83,3.2428490743234732
34010,W01000292,538,3,0.56,-0.7275468608068707
34011,W01000293,1120,41,3.66,-0.46153805598940656
34012,W01000289,520,5,0.96,-0.6932231440562303
34013,W01000291,586,3,0.51,-0.7318373254007008
34014,W01000294,749,1,0.13,-0.7644448563138092
34015,W01000295,626,13,2.08,-0.5971167371544367
34016,W01000258,916,3,0.33,-0.7472829979384891
34017,W01000270,518,1,0.19,-0.7592962988012133
34018,W01000271,590,2,0.34,-0.746424905019723
34019,W01000272,768,2,0.26,-0.7532896483698511
34020,W01000301,739,1,0.14,-0.7635867633950433
34021,W01000273,655,26,3.97,-0.4349371755076601
34022,W01000274,897,151,16.83,0.668570318025433
34023,W01000275,490,2,0.41,-0.7404182545883609
34024,W01000278,604,90,14.9,0.5029583847035926
34025,W01000276,492,4,0.81,-0.7060945378377204
34026,W01000277,552,0,0.0,-0.7756000642577675
34027,W01000279,510,4,0.78,-0.7086688165940185
34028,W01000281,513,4,0.78,-0.7086688165940185
34029,W01000283,949,29,3.06,-0.5130236311153673
34030,W01000332,757,2,0.26,-0.7532896483698511
34031,W01000333,650,103,15.85,0.5844772119863637
34032,W01000334,815,72,8.83,-0.01790401698737763
34033,W01000335,494,46,9.31,0.023284443113391052
34034,W01000336,551,64,11.62,0.22150390734834005
34035,W01000337,970,102,10.52,0.1271136862840786
34036,W01000252,732,3,0.41,-0.7404182545883609
34037,W01000280,692,43,6.21,-0.24272436170407316
34038,W01000282,570,0,0.0,-0.7756000642577675
34039,W01000325,734,3,0.41,-0.7404182545883609
34040,W01000311,755,64,8.48,-0.04793726914418807
34041,W01000312,765,30,3.92,-0.43922764010149024
34042,W01000328,874,47,5.38,-0.31394607396165225
34043,W01000264,707,40,5.66,-0.28991947223620385
34044,W01000265,680,27,3.97,-0.4349371755076601
34045,W01000323,691,15,2.17,-0.5893939008855426
34046,W01000324,647,0,0.0,-0.7756000642577675
34047,W01000251,628,35,5.57,-0.297642308505098
34048,W01000268,690,0,0.0,-0.7756000642577675
34049,W01000284,718,11,1.53,-0.6443118476865674
34050,W01000285,678,19,2.8,-0.5353340470032837
34051,W01000286,889,96,10.8,0.15114028800952706
34052,W01000302,879,40,4.55,-0.38516778621923137
34053,W01000249,512,0,0.0,-0.7756000642577675
34054,W01000250,630,1,0.16,-0.7618705775575112
34055,W01000261,633,14,2.21,-0.5859615292104785
34056,W01000321,713,12,1.68,-0.6314404539050772
34057,W01000322,605,0,0.0,-0.7756000642577675
34058,W01000255,958,20,2.09,-0.5962586442356707
34059,W01000256,658,19,2.89,-0.5276112107343895
34060,W01000257,1176,28,2.38,-0.5713739495914563
34061,W01000329,722,16,2.22,-0.5851034362917125
34062,W01000330,906,126,13.91,0.4180071857457572
34063,W01000331,619,7,1.13,-0.678635564437208
34064,W01000313,688,36,5.23,-0.3268174677431424
34065,W01000314,608,164,26.97,1.5386765376541707
34066,W01000315,900,77,8.56,-0.041072525794059955
34067,W01000316,506,0,0.0,-0.7756000642577675
34068,W01000317,652,3,0.46,-0.7361277899945308
34069,W01000318,504,71,14.09,0.4334528582835454
34070,W01000319,711,157,22.08,1.1190691003775899
34071,W01000259,782,122,15.6,0.5630248890172134
34072,W01000260,765,2,0.26,-0.7532896483698511
34073,W01000262,629,27,4.29,-0.4074782021071477
34074,W01000263,603,148,24.54,1.3301599583940293
34075,W01000266,772,62,8.03,-0.08655145048865877
34076,W01000267,871,1,0.11,-0.7661610421513414
34077,W01000303,735,1,0.14,-0.7635867633950433
34078,W01000326,904,29,3.21,-0.5001522373338771
34079,W01000327,1035,14,1.35,-0.6597575202243557
34080,W01000299,828,0,0.0,-0.7756000642577675
34081,W01000300,739,12,1.62,-0.6365890114176733
34082,W01000309,928,4,0.43,-0.7387020687508289
34083,W01000339,705,2,0.28,-0.7515734625323192
34084,W01000269,729,34,4.66,-0.3757287641128052
34085,W01000307,569,0,0.0,-0.7756000642577675
34086,W01000308,503,7,1.39,-0.6563251485492916
34087,W01000310,792,11,1.39,-0.6563251485492916
34088,W01000374,593,70,11.8,0.23694957988612841
34089,W01000375,886,95,10.72,0.14427554465939896
34090,W01000376,561,2,0.36,-0.7447087191821911
34091,W01000391,622,7,1.13,-0.678635564437208
34092,W01000392,646,26,4.02,-0.4306467109138301
34093,W01000377,625,1,0.16,-0.7618705775575112
34094,W01000378,519,17,3.28,-0.49414558690251514
34095,W01000379,717,99,13.81,0.40942625655809706
34096,W01000380,538,3,0.56,-0.7275468608068707
34097,W01000351,888,25,2.82,-0.5336178611657517
34098,W01000373,731,24,3.28,-0.49414558690251514
34099,W01000400,813,98,12.05,0.25840190285527875
34100,W01000401,866,86,9.93,0.07648620407688382
34101,W01000347,1171,172,14.69,0.48493843340950615
34102,W01000348,610,62,10.16,0.09622234120850216
34103,W01000362,597,32,5.36,-0.3156622597991843
34104,W01000363,675,46,6.81,-0.19123878657811239
34105,W01000364,651,30,4.61,-0.38001922870663524
34106,W01000368,916,45,4.91,-0.35427644114365486
34107,W01000371,498,80,16.06,0.60249716328045
34108,W01000372,710,335,47.18,3.2728823264802838
34109,W01000387,494,5,1.01,-0.6889326794624001
34110,W01000388,472,38,8.05,-0.08483526465112662
34111,W01000422,971,46,4.74,-0.3688640207626771
34112,W01000413,517,111,21.47,1.0667254323328632
34113,W01000414,525,63,12.0,0.2541114382614486
34114,W01000425,808,146,18.07,0.7749738399524188
34115,W01001969,930,138,14.84,0.4978098271909964
34116,W01000349,1045,234,22.39,1.1456699808593367
34117,W01000350,859,267,31.08,1.891352727267002
34118,W01000365,816,62,7.6,-0.12344944599559732
34119,W01000402,1148,308,26.83,1.5266632367914466
34120,W01000381,501,144,28.74,1.6905589842757547
34121,W01000382,673,340,50.52,3.5594853613481328
34122,W01000423,882,88,9.98,0.08077666867071394
34123,W01000424,599,93,15.53,0.5570182385858513
34124,W01001929,587,196,33.39,2.0895721915019516
34125,W01001931,689,229,33.24,2.0767007977204615
34126,W01000398,547,45,8.23,-0.06938959211333841
34127,W01000399,472,1,0.21,-0.7575801129636811
34128,W01000406,865,10,1.16,-0.67606128568091
34129,W01000408,503,31,6.16,-0.2470148262979032
34130,W01000366,629,30,4.77,-0.3662897420063791
34131,W01000367,540,4,0.74,-0.7121011882690824
34132,W01000385,762,12,1.57,-0.6408794760115033
34133,W01000410,747,34,4.55,-0.38516778621923137
34134,W01000386,661,109,16.49,0.6393951587873885
34135,W01000405,919,70,7.62,-0.12173326015806525
34136,W01000411,764,200,26.18,1.4708871970716557
34137,W01000412,660,22,3.33,-0.489855122308685
34138,W01000394,499,0,0.0,-0.7756000642577675
34139,W01000395,449,4,0.89,-0.6992297944875923
34140,W01000407,628,6,0.96,-0.6932231440562303
34141,W01000419,616,92,14.94,0.5063907563786565
34142,W01000420,678,77,11.36,0.1991934914604237
34143,W01000354,725,8,1.1,-0.6812098431935061
34144,W01000355,826,142,17.19,0.6994616631010097
34145,W01000356,624,3,0.48,-0.7344116041569988
34146,W01000389,863,21,2.43,-0.5670834849976263
34147,W01000409,785,110,14.01,0.4265881149334173
34148,W01000345,694,15,2.16,-0.5902519938043086
34149,W01000346,627,1,0.16,-0.7618705775575112
34150,W01000403,565,7,1.24,-0.6691965423307817
34151,W01000404,870,48,5.52,-0.30193277309892813
34152,W01000359,526,3,0.57,-0.7266887678881047
34153,W01000360,513,35,6.82,-0.19038069365934632
34154,W01000361,883,89,10.08,0.08935759785837405
34155,W01001930,902,23,2.55,-0.556786369972434
34156,W01000369,606,17,2.81,-0.5344759540845176
34157,W01000370,683,5,0.73,-0.7129592811878485
34158,W01000390,756,8,1.06,-0.68464221486857
34159,W01001970,927,3,0.32,-0.748141090857255
34160,W01000384,488,12,2.46,-0.5645092062413282
34161,W01000417,675,20,2.96,-0.5216045603030275
34162,W01000418,736,46,6.25,-0.23929199002900908
34163,W01001971,459,1,0.22,-0.7567220200449151
34164,W01001972,514,1,0.19,-0.7592962988012133
34165,W01000341,676,104,15.38,0.5441468448043613
34166,W01000342,694,181,26.08,1.4623062678839955
34167,W01000343,465,2,0.43,-0.7387020687508289
34168,W01000344,583,1,0.17,-0.7610124846387453
34169,W01000393,813,63,7.75,-0.11057805221410709
34170,W01000415,668,67,10.03,0.08506713326454392
34171,W01000416,502,0,0.0,-0.7756000642577675
34172,W01000523,797,6,0.75,-0.7112430953503165
34173,W01000548,762,49,6.43,-0.2238463174912209
34174,W01000549,772,3,0.39,-0.7421344404258929
34175,W01001937,920,46,5.0,-0.3465536048747608
34176,W01000512,560,95,16.96,0.6797255259693913
34177,W01000513,910,264,29.01,1.7137274930824373
34178,W01000517,529,135,25.52,1.4142530644330986
34179,W01002000,528,61,11.55,0.21549725691697807
34180,W01002001,420,194,46.19,3.1879311275224484
34181,W01000515,590,120,20.34,0.9697609325123038
34182,W01000516,689,48,6.97,-0.17750929987785616
34183,W01000518,524,148,28.24,1.647654338337454
34184,W01001935,489,76,15.54,0.5578763315046172
34185,W01001936,417,42,10.07,0.08849950493960805
34186,W01000506,663,74,11.16,0.1820316330851035
34187,W01000524,839,1,0.12,-0.7653029492325754
34188,W01000538,662,2,0.3,-0.749857276694787
34189,W01000539,511,2,0.39,-0.7421344404258929
34190,W01000540,557,26,4.67,-0.3748706711940392
34191,W01000545,875,5,0.57,-0.7266887678881047
34192,W01002002,1980,20,1.01,-0.6889326794624001
34193,W01000527,431,40,9.28,0.020710164357092914
34194,W01000528,623,71,11.4,0.20262586313548783
34195,W01000535,892,10,1.12,-0.679493657355974
34196,W01000537,637,6,0.94,-0.6949393298937623
34197,W01000541,757,7,0.92,-0.6966555157312943
34198,W01000507,525,5,0.95,-0.6940812369749962
34199,W01000508,506,34,6.72,-0.1989616228470065
34200,W01000509,888,65,7.32,-0.14747604772104564
34201,W01000510,627,119,18.98,0.853060295560126
34202,W01000511,557,71,12.75,0.3184684071688996
34203,W01000546,546,18,3.3,-0.49242940106498306
34204,W01000547,529,10,1.89,-0.613420502610991
34205,W01000519,765,3,0.39,-0.7421344404258929
34206,W01000522,555,0,0.0,-0.7756000642577675
34207,W01000531,817,21,2.57,-0.5550701841349021
34208,W01000533,654,51,7.8,-0.10628758762027703
34209,W01000551,593,1,0.17,-0.7610124846387453
34210,W01000525,510,3,0.59,-0.7249725820505727
34211,W01000534,653,9,1.38,-0.6571832414680576
34212,W01000536,622,1,0.16,-0.7618705775575112
34213,W01000542,954,1,0.1,-0.7670191350701073
34214,W01000543,874,16,1.83,-0.618569060123587
34215,W01000550,532,4,0.75,-0.7112430953503165
34216,W01000552,851,2,0.24,-0.7550058342073831
34217,W01000558,909,2,0.22,-0.7567220200449151
34218,W01000559,625,0,0.0,-0.7756000642577675
34219,W01000560,574,5,0.87,-0.7009459803251243
34220,W01000561,568,43,7.57,-0.1260237247518953
34221,W01000613,956,17,1.78,-0.622859524717417
34222,W01000562,715,11,1.54,-0.6434537547678014
34223,W01000565,888,54,6.08,-0.2538795696480313
34224,W01000566,750,21,2.8,-0.5353340470032837
34225,W01000567,933,19,2.04,-0.6005491088295007
34226,W01000597,524,21,4.01,-0.4315048038325961
34227,W01000617,633,5,0.79,-0.7078107236752523
34228,W01000579,1027,23,2.24,-0.5833872504541805
34229,W01000581,629,2,0.32,-0.748141090857255
34230,W01000612,846,25,2.96,-0.5216045603030275
34231,W01000618,683,6,0.88,-0.7000878874063582
34232,W01000582,697,2,0.29,-0.7507153696135531
34233,W01000583,594,15,2.53,-0.5585025558099661
34234,W01000611,937,21,2.24,-0.5833872504541805
34235,W01000623,823,2,0.24,-0.7550058342073831
34236,W01000569,471,5,1.06,-0.68464221486857
34237,W01000570,643,234,36.39,2.3470000671317557
34238,W01000572,846,57,6.74,-0.19724543700947442
34239,W01002009,620,124,20.0,0.9405857732742593
34240,W01002010,603,190,31.51,1.9282507227739407
34241,W01000571,1089,71,6.52,-0.21612348122232677
34242,W01000573,1156,53,4.58,-0.3825935074629333
34243,W01000586,930,46,4.95,-0.3508440694685908
34244,W01000577,648,8,1.23,-0.6700546352495478
34245,W01000585,565,1,0.18,-0.7601543917199792
34246,W01000595,1177,117,9.94,0.0773442969956498
34247,W01000596,734,18,2.45,-0.5653672991600942
34248,W01000555,646,0,0.0,-0.7756000642577675
34249,W01000556,522,2,0.38,-0.7429925333446589
34250,W01000575,1123,48,4.27,-0.40919438794467977
34251,W01000614,623,9,1.44,-0.6520346839554616
34252,W01000622,619,25,4.04,-0.42893052507629803
34253,W01000554,765,0,0.0,-0.7756000642577675
34254,W01000580,984,3,0.3,-0.749857276694787
34255,W01000598,1020,74,7.25,-0.15348269815240775
34256,W01000599,896,19,2.12,-0.5936843654793726
34257,W01000587,1051,213,20.27,0.9637542820809417
34258,W01000588,1046,243,23.23,1.2177497860356816
34259,W01002011,709,59,8.32,-0.061666755844444296
34260,W01002012,611,54,8.84,-0.017045924068611634
34261,W01000553,554,6,1.08,-0.682926029031038
34262,W01000563,458,0,0.0,-0.7756000642577675
34263,W01000564,587,34,5.79,-0.2787642642922457
34264,W01000576,1048,44,4.2,-0.41520103837604183
34265,W01002013,1154,119,10.31,0.10909373498999239
34266,W01000589,547,57,10.42,0.11853275709641849
34267,W01000590,563,62,11.01,0.16916023930361326
34268,W01000591,698,8,1.15,-0.6769193785996759
34269,W01000592,519,83,15.99,0.5964905128490879
34270,W01000594,1011,168,16.62,0.6505503667313469
34271,W01000600,839,191,22.77,1.178277511772445
34272,W01000601,661,27,4.08,-0.425498153401234
34273,W01000602,581,90,15.49,0.5535858669107873
34274,W01000603,834,106,12.71,0.31503603549383563
34275,W01000604,752,28,3.72,-0.45638949847681043
34276,W01000605,770,48,6.23,-0.24100817586654108
34277,W01000557,636,3,0.47,-0.7352696970757648
34278,W01000578,772,15,1.94,-0.6091300380171609
34279,W01000584,873,17,1.95,-0.6082719450983949
34280,W01000609,1165,25,2.15,-0.5911100867230745
34281,W01000574,772,3,0.39,-0.7421344404258929
34282,W01000606,726,62,8.54,-0.0427887116315921
34283,W01000607,1063,140,13.17,0.3545083097570722
34284,W01000608,732,99,13.52,0.3845415619138826
34285,W01000610,743,41,5.52,-0.30193277309892813
34286,W01000619,951,167,17.56,0.7312111010953519
34287,W01002014,1079,319,29.56,1.760922603614568
34288,W01000685,674,14,2.08,-0.5971167371544367
34289,W01000686,544,1,0.18,-0.7601543917199792
34290,W01000701,680,8,1.18,-0.6743450998433779
34291,W01000702,518,31,5.98,-0.2624604988356914
34292,W01000647,623,18,2.89,-0.5276112107343895
34293,W01000650,703,4,0.57,-0.7266887678881047
34294,W01000678,585,25,4.27,-0.40919438794467977
34295,W01000679,531,6,1.13,-0.678635564437208
34296,W01000646,948,63,6.65,-0.20496827327836853
34297,W01000688,767,8,1.04,-0.6863584007061021
34298,W01000689,753,1,0.13,-0.7644448563138092
34299,W01000728,850,2,0.24,-0.7550058342073831
34300,W01000676,669,10,1.49,-0.6477442193616314
34301,W01000677,703,59,8.39,-0.055660105413082174
34302,W01000687,820,7,0.85,-0.7026621661626563
34303,W01000709,923,9,0.98,-0.6915069582186981
34304,W01000624,963,3,0.31,-0.748999183776021
34305,W01000682,583,16,2.74,-0.5404826045158798
34306,W01000683,480,0,0.0,-0.7756000642577675
34307,W01000684,767,11,1.43,-0.6528927768742275
34308,W01000643,699,54,7.73,-0.11229423805163907
34309,W01000644,739,20,2.71,-0.5430568832721778
34310,W01000645,847,97,11.45,0.2069163277293178
34311,W01000648,566,2,0.35,-0.745566812100957
34312,W01000649,646,4,0.62,-0.7223983032942747
34313,W01000637,643,87,13.53,0.3853996548326486
34314,W01000638,488,60,12.3,0.2798542258244291
34315,W01000639,679,88,12.96,0.33648835846298597
34316,W01000640,540,12,2.22,-0.5851034362917125
34317,W01000641,1192,364,30.54,1.8450157096536375
34318,W01000642,773,66,8.54,-0.0427887116315921
34319,W01000693,522,23,4.41,-0.39718108708195554
34320,W01000694,650,3,0.46,-0.7361277899945308
34321,W01000656,886,34,3.84,-0.44609238345161834
34322,W01000657,520,27,5.19,-0.33024983941820646
34323,W01000658,583,43,7.38,-0.1423274902084496
34324,W01000718,627,40,6.38,-0.22813678208505092
34325,W01000719,622,16,2.57,-0.5550701841349021
34326,W01000680,947,2,0.21,-0.7575801129636811
34327,W01000681,894,77,8.61,-0.036782061200229976
34328,W01000724,808,41,5.07,-0.34054695444339866
34329,W01000725,1023,61,5.96,-0.26417668467322347
34330,W01000675,858,2,0.23,-0.7558639271261491
34331,W01000695,968,10,1.03,-0.6872164936248681
34332,W01000696,682,2,0.29,-0.7507153696135531
34333,W01000722,577,5,0.87,-0.7009459803251243
34334,W01000723,644,6,0.93,-0.6957974228125282
34335,W01000625,495,46,9.29,0.02156825727585891
34336,W01000626,756,112,14.81,0.4952355484346984
34337,W01000627,987,43,4.36,-0.4014715516757856
34338,W01000714,651,75,11.52,0.21292297816067993
34339,W01000715,563,10,1.78,-0.622859524717417
34340,W01000697,844,10,1.18,-0.6743450998433779
34341,W01000698,810,32,3.95,-0.43665336134519217
34342,W01000699,574,0,0.0,-0.7756000642577675
34343,W01000712,725,8,1.1,-0.6812098431935061
34344,W01000713,591,29,4.91,-0.35427644114365486
34345,W01000662,941,22,2.34,-0.5748063212665203
34346,W01000663,1085,3,0.28,-0.7515734625323192
34347,W01000664,1067,11,1.03,-0.6872164936248681
34348,W01000716,570,0,0.0,-0.7756000642577675
34349,W01000717,643,49,7.62,-0.12173326015806525
34350,W01000665,766,1,0.13,-0.7644448563138092
34351,W01000666,723,34,4.7,-0.37229639243774115
34352,W01000731,1060,13,1.23,-0.6700546352495478
34353,W01000670,718,38,5.29,-0.3216689102305464
34354,W01000671,885,3,0.34,-0.746424905019723
34355,W01000729,522,20,3.83,-0.4469504763703843
34356,W01000730,542,9,1.66,-0.6331566397426093
34357,W01000690,763,29,3.8,-0.4495247551266824
34358,W01000691,780,12,1.54,-0.6434537547678014
34359,W01000692,639,16,2.5,-0.5610768345662641
34360,W01001999,1102,0,0.0,-0.7756000642577675
34361,W01000651,691,26,3.76,-0.45295712680174643
34362,W01000652,720,17,2.36,-0.5730901354289883
34363,W01000655,797,43,5.4,-0.3122298881241202
34364,W01000632,592,29,4.9,-0.35513453406242085
34365,W01000633,705,104,14.75,0.4900869909221023
34366,W01000634,636,2,0.31,-0.748999183776021
34367,W01000710,893,1,0.11,-0.7661610421513414
34368,W01000711,887,35,3.95,-0.43665336134519217
34369,W01000703,819,73,8.91,-0.011039273637249516
34370,W01000704,714,7,0.98,-0.6915069582186981
34371,W01000705,805,65,8.07,-0.08311907881359464
34372,W01000653,647,26,4.02,-0.4306467109138301
34373,W01000654,750,53,7.07,-0.16892837069019598
34374,W01000667,940,27,2.87,-0.5293273965719216
34375,W01001925,970,9,0.93,-0.6957974228125282
34376,W01000628,638,20,3.13,-0.5070169806840052
34377,W01000629,734,90,12.26,0.27642185414936493
34378,W01000630,645,22,3.41,-0.4829903789585569
34379,W01000631,756,27,3.57,-0.46926089225830064
34380,W01000635,1000,10,1.0,-0.6897907723811662
34381,W01000636,981,27,2.75,-0.5396245115971138
34382,W01000706,669,5,0.75,-0.7112430953503165
34383,W01000707,606,1,0.17,-0.7610124846387453
34384,W01000708,596,108,18.12,0.779264304546249
34385,W01000659,755,43,5.7,-0.2864871005611398
34386,W01000660,735,93,12.65,0.3098874779812395
34387,W01000732,609,35,5.75,-0.28219663596730976
34388,W01000733,596,135,22.65,1.1679803967472528
34389,W01000734,604,49,8.11,-0.07968670713853065
34390,W01001923,821,211,25.7,1.4296987369708867
34391,W01001924,595,83,13.95,0.4214395574208212
34392,W01000672,636,8,1.26,-0.6674803564932498
34393,W01000673,511,23,4.5,-0.38945825081306146
34394,W01000674,852,8,0.94,-0.6949393298937623
34395,W01000700,889,6,0.67,-0.7181078387004446
34396,W01000720,783,27,3.45,-0.47955800728349285
34397,W01000721,588,13,2.21,-0.5859615292104785
34398,W01000735,1063,71,6.68,-0.20239399452207055
34399,W01000845,836,17,2.03,-0.6014072017482668
34400,W01000846,973,196,20.14,0.9525990741369835
34401,W01000847,520,35,6.73,-0.1981035299282404
34402,W01000848,503,37,7.36,-0.1440436760459816
34403,W01000750,672,89,13.24,0.3605149601884343
34404,W01000751,617,10,1.62,-0.6365890114176733
34405,W01000752,635,36,5.67,-0.28906137931743786
34406,W01000753,598,26,4.35,-0.40232964459455167
34407,W01000754,698,55,7.88,-0.09942284427014891
34408,W01000803,795,20,2.52,-0.5593606487287321
34409,W01000806,615,2,0.33,-0.7472829979384891
34410,W01000807,553,5,0.9,-0.6983717015688262
34411,W01000808,618,10,1.62,-0.6365890114176733
34412,W01000810,633,184,29.07,1.7188760505950336
34413,W01000815,646,5,0.77,-0.7095269095127845
34414,W01000816,744,13,1.75,-0.6254338034737151
34415,W01000791,619,2,0.32,-0.748141090857255
34416,W01000792,692,0,0.0,-0.7756000642577675
34417,W01000793,751,13,1.73,-0.6271499893112471
34418,W01000837,915,2,0.22,-0.7567220200449151
34419,W01000838,558,66,11.83,0.2395238586424264
34420,W01000774,765,131,17.12,0.6934550126696476
34421,W01000841,649,60,9.24,0.017277792682028933
34422,W01000842,590,0,0.0,-0.7756000642577675
34423,W01000843,575,0,0.0,-0.7756000642577675
34424,W01000844,611,57,9.33,0.025000628950923042
34425,W01001991,652,132,20.25,0.9620380962434096
34426,W01001992,660,194,29.39,1.7463350239955462
34427,W01000795,696,8,1.15,-0.6769193785996759
34428,W01000800,587,1,0.17,-0.7610124846387453
34429,W01000801,758,115,15.17,0.5261268935102749
34430,W01001993,587,8,1.36,-0.6588994273055896
34431,W01001994,625,10,1.6,-0.6383051972552054
34432,W01000784,591,52,8.8,-0.020478295743675615
34433,W01000785,737,8,1.09,-0.682067936112272
34434,W01000786,572,0,0.0,-0.7756000642577675
34435,W01000802,1005,203,20.2,0.9577476316495795
34436,W01000877,721,9,1.25,-0.6683384494120158
34437,W01000878,591,31,5.25,-0.32510128190561044
34438,W01000809,718,83,11.56,0.21635534983574406
34439,W01000811,668,63,9.43,0.03358155813858314
34440,W01000812,714,143,20.03,0.9431600520305575
34441,W01000813,686,6,0.87,-0.7009459803251243
34442,W01000814,638,31,4.86,-0.35856690573748495
34443,W01000817,867,170,19.61,0.9071201494423847
34444,W01000818,652,36,5.52,-0.30193277309892813
34445,W01000819,639,3,0.47,-0.7352696970757648
34446,W01000820,623,44,7.06,-0.16978646360896205
34447,W01000821,629,52,8.27,-0.06595722043827443
34448,W01000822,584,41,7.02,-0.1732188352840261
34449,W01000794,925,33,3.57,-0.46926089225830064
34450,W01000797,652,5,0.77,-0.7095269095127845
34451,W01000798,649,11,1.69,-0.6305823609863113
34452,W01000799,760,18,2.37,-0.5722320425102223
34453,W01000830,710,107,15.07,0.5175459643226148
34454,W01000832,748,293,39.17,2.5855498985487073
34455,W01000833,737,165,22.39,1.1456699808593367
34456,W01000834,558,23,4.12,-0.42206578172616993
34457,W01000836,916,99,10.81,0.15199838092829307
34458,W01000759,669,1,0.15,-0.7627286704762772
34459,W01000777,767,46,6.0,-0.2607443129981594
34460,W01000778,765,7,0.92,-0.6966555157312943
34461,W01000779,593,28,4.72,-0.3705802066002092
34462,W01000760,707,6,0.85,-0.7026621661626563
34463,W01000761,637,4,0.63,-0.7215402103755085
34464,W01000762,618,16,2.59,-0.55335399829737
34465,W01000831,814,80,9.83,0.06790527488922371
34466,W01000835,603,40,6.63,-0.20668445911590058
34467,W01000738,737,63,8.55,-0.04193061871282595
34468,W01000739,1111,408,36.72,2.3753171334510337
34469,W01000740,622,4,0.64,-0.7206821174567426
34470,W01000741,861,90,10.45,0.12110703585271647
34471,W01000763,611,13,2.13,-0.5928262725606066
34472,W01000764,713,52,7.29,-0.1500503264773437
34473,W01000765,755,46,6.09,-0.25302147672926534
34474,W01000766,623,4,0.64,-0.7206821174567426
34475,W01000767,715,182,25.45,1.4082464140017363
34476,W01000742,804,360,44.78,3.0669400259764408
34477,W01000744,766,97,12.66,0.3107455709000055
34478,W01000787,673,15,2.23,-0.5842453433729464
34479,W01000788,715,26,3.64,-0.46325424182693853
34480,W01000789,632,49,7.75,-0.11057805221410709
34481,W01000790,910,111,12.2,0.2712732966367688
34482,W01000755,891,54,6.06,-0.2555957554855634
34483,W01000756,726,271,37.33,2.4276608014957604
34484,W01000757,702,76,10.83,0.15371456676582504
34485,W01000758,808,33,4.08,-0.425498153401234
34486,W01000772,619,46,7.43,-0.13803702561461953
34487,W01000828,729,1,0.14,-0.7635867633950433
34488,W01000829,855,37,4.33,-0.40404583043208364
34489,W01000862,686,14,2.04,-0.6005491088295007
34490,W01000863,766,117,15.27,0.5347078226979349
34491,W01000864,678,29,4.28,-0.40833629502591373
34492,W01000865,582,2,0.34,-0.746424905019723
34493,W01000866,496,9,1.81,-0.620285245961119
34494,W01000867,567,31,5.47,-0.30622323769275817
34495,W01000849,1021,68,6.66,-0.20411018035960254
34496,W01000851,730,27,3.7,-0.4581056843143425
34497,W01000852,616,10,1.62,-0.6365890114176733
34498,W01001995,636,64,10.06,0.08764141202084205
34499,W01001996,822,524,63.75,4.694742292875568
34500,W01000853,726,80,11.02,0.17001833222237928
34501,W01000854,587,2,0.34,-0.746424905019723
34502,W01000855,638,64,10.03,0.08506713326454392
34503,W01000856,919,477,51.9,3.6779021841378423
34504,W01000857,978,425,43.46,2.953671760699327
34505,W01000747,670,170,25.37,1.4013816706516085
34506,W01000868,482,1,0.21,-0.7575801129636811
34507,W01000869,685,168,24.53,1.3293018654752635
34508,W01000870,587,91,15.5,0.5544439598295533
34509,W01000872,630,117,18.57,0.8178784858907194
34510,W01000874,617,71,11.51,0.21206488524191394
34511,W01000745,1018,289,28.39,1.6605257321189448
34512,W01000746,719,127,17.66,0.7397920302830122
34513,W01001955,1252,1082,86.42,6.64003893971812
34514,W01001958,795,633,79.62,6.056535754957231
34515,W01001997,1100,782,71.09,5.324582495249822
34516,W01000749,900,278,30.89,1.8750489618104482
34517,W01000871,807,141,17.47,0.7234882648264579
34518,W01000873,528,60,11.36,0.1991934914604237
34519,W01000875,736,169,22.96,1.1945812772289994
34520,W01000876,566,23,4.06,-0.42721433923876606
34521,W01000858,683,21,3.07,-0.5121655381966014
34522,W01000859,654,82,12.54,0.3004484558748133
34523,W01000860,652,21,3.22,-0.4992941444151111
34524,W01000861,433,100,23.09,1.2057364851729575
34525,W01000736,767,10,1.3,-0.6640479848181857
34526,W01000737,686,125,18.22,0.7878452337339088
34527,W01000804,710,153,21.55,1.0735901756829915
34528,W01000805,472,10,2.12,-0.5936843654793726
34529,W01000879,755,7,0.93,-0.6957974228125282
34530,W01000880,749,67,8.95,-0.007606901962185535
34531,W01000881,688,286,41.57,2.7914921990525503
34532,W01000882,818,113,13.81,0.40942625655809706
34533,W01000775,697,15,2.15,-0.5911100867230745
34534,W01000776,724,13,1.8,-0.621143338879885
34535,W01000839,464,1,0.22,-0.7567220200449151
34536,W01000840,701,5,0.71,-0.7146754670253807
34537,W01000823,785,8,1.02,-0.6880745865436342
34538,W01000824,757,219,28.93,1.7068627497323094
34539,W01000825,647,56,8.66,-0.03249159660639985
34540,W01000826,602,38,6.31,-0.23414343251641304
34541,W01000827,591,47,7.95,-0.0934161938387868
34542,W01000768,610,8,1.31,-0.6631898918994197
34543,W01000769,603,11,1.82,-0.619427153042353
34544,W01000770,640,3,0.47,-0.7352696970757648
34545,W01000771,539,4,0.74,-0.7121011882690824
34546,W01000781,704,24,3.41,-0.4829903789585569
34547,W01000782,515,6,1.17,-0.6752031927621439
34548,W01001956,816,77,9.44,0.03443965105734914
34549,W01000918,862,134,15.55,0.5587344244233834
34550,W01000944,513,20,3.9,-0.4409438259390222
34551,W01000965,874,36,4.12,-0.42206578172616993
34552,W01000893,815,23,2.82,-0.5336178611657517
34553,W01000925,667,122,18.29,0.793851884165271
34554,W01000926,868,45,5.18,-0.33110793233697255
34555,W01000888,1111,30,2.7,-0.5439149761909439
34556,W01000946,719,25,3.48,-0.4769837285271948
34557,W01000947,898,51,5.68,-0.2882032863986719
34558,W01000948,872,152,17.43,0.7200558931513938
34559,W01000955,598,46,7.69,-0.11572660972670314
34560,W01000956,533,8,1.5,-0.6468861264428655
34561,W01000971,598,35,5.85,-0.27361570677964964
34562,W01000904,658,3,0.46,-0.7361277899945308
34563,W01000905,643,56,8.71,-0.028201132012569723
34564,W01000908,740,49,6.62,-0.2075425520346666
34565,W01001985,918,3,0.33,-0.7472829979384891
34566,W01000907,747,136,18.21,0.786987140815143
34567,W01000922,732,118,16.12,0.6076457207930462
34568,W01001986,1127,44,3.9,-0.4409438259390222
34569,W01000934,642,72,11.21,0.18632209767893362
34570,W01000935,835,194,23.23,1.2177497860356816
34571,W01000938,634,13,2.05,-0.5996910159107347
34572,W01000939,649,257,39.6,2.6224478940556457
34573,W01000940,580,78,13.45,0.3785349114825205
34574,W01000909,487,11,2.26,-0.5816710646166484
34575,W01000910,648,2,0.31,-0.748999183776021
34576,W01000911,494,0,0.0,-0.7756000642577675
34577,W01000969,655,17,2.6,-0.552495905378604
34578,W01000912,558,115,20.61,0.9929294413189861
34579,W01000913,544,56,10.29,0.10737754915246026
34580,W01000914,691,69,9.99,0.08163476158947994
34581,W01000915,485,2,0.41,-0.7404182545883609
34582,W01000916,488,1,0.2,-0.7584382058824473
34583,W01001987,600,10,1.67,-0.6322985468238432
34584,W01001988,592,59,9.97,0.07991857575194795
34585,W01001989,587,6,1.02,-0.6880745865436342
34586,W01000936,627,65,10.37,0.11424229250258837
34587,W01000941,658,55,8.36,-0.058234384169380315
34588,W01000942,786,141,17.94,0.7638186320084607
34589,W01000943,609,3,0.49,-0.7335535112382328
34590,W01000894,669,68,10.16,0.09622234120850216
34591,W01000895,797,128,16.06,0.60249716328045
34592,W01000896,648,24,3.7,-0.4581056843143425
34593,W01000897,610,30,4.92,-0.3534183482248889
34594,W01000937,937,218,23.27,1.2211821577107458
34595,W01000898,644,22,3.42,-0.4821322860397909
34596,W01000899,795,12,1.51,-0.6460280335240994
34597,W01000900,796,165,20.73,1.0032265563441785
34598,W01000901,750,22,2.93,-0.5241788390593256
34599,W01000945,503,20,3.98,-0.4340790825888941
34600,W01000889,807,37,4.58,-0.3825935074629333
34601,W01000890,688,1,0.15,-0.7627286704762772
34602,W01000891,634,69,10.88,0.15800503135965518
34603,W01000892,825,15,1.82,-0.619427153042353
34604,W01000883,612,0,0.0,-0.7756000642577675
34605,W01000958,636,87,13.68,0.39827104861413887
34606,W01000961,705,99,14.04,0.42916239368971526
34607,W01000962,601,25,4.16,-0.4186334100511059
34608,W01000963,792,60,7.58,-0.12516563183312931
34609,W01000964,761,115,15.11,0.5209783359976787
34610,W01000884,586,37,6.31,-0.23414343251641304
34611,W01000885,666,158,23.72,1.2597963390552163
34612,W01000886,747,77,10.31,0.10909373498999239
34613,W01000957,831,272,32.73,2.0329380588633943
34614,W01000959,754,62,8.22,-0.07024768503210439
34615,W01000960,812,115,14.16,0.4394595087149075
34616,W01000949,568,1,0.18,-0.7601543917199792
34617,W01000950,664,27,4.07,-0.42635624631999997
34618,W01000951,825,176,21.33,1.0547121314701389
34619,W01000952,488,17,3.48,-0.4769837285271948
34620,W01000966,660,23,3.48,-0.4769837285271948
34621,W01000932,476,34,7.14,-0.16292172025883392
34622,W01000933,759,3,0.4,-0.7412763475071269
34623,W01000967,671,47,7.0,-0.1749350211215581
34624,W01000968,858,11,1.28,-0.6657641706557177
34625,W01000919,508,14,2.76,-0.5387664186783477
34626,W01000927,886,34,3.84,-0.44609238345161834
34627,W01000928,702,14,1.99,-0.6048395734233308
34628,W01000929,552,20,3.62,-0.4649704276644706
34629,W01000931,591,27,4.57,-0.38345160038169934
34630,W01000973,653,109,16.69,0.656557017162709
34631,W01001900,669,11,1.64,-0.6348728255801414
34632,W01000887,940,61,6.49,-0.21869775997862476
34633,W01000921,645,46,7.13,-0.16377981317759993
34634,W01000930,544,17,3.12,-0.5078750736027713
34635,W01000953,729,49,6.72,-0.1989616228470065
34636,W01000954,629,10,1.59,-0.6391632901739713
34637,W01000970,478,57,11.92,0.2472466949113205
34638,W01001990,920,30,3.26,-0.4958617727400471
34639,W01000991,453,50,11.04,0.17173451805991125
34640,W01000992,616,16,2.6,-0.552495905378604
34641,W01000993,584,27,4.62,-0.37916113578786925
34642,W01000994,586,38,6.48,-0.21955585289739074
34643,W01000995,647,9,1.39,-0.6563251485492916
34644,W01001014,780,83,10.64,0.13741080130927083
34645,W01001015,605,0,0.0,-0.7756000642577675
34646,W01001017,612,29,4.74,-0.3688640207626771
34647,W01001018,631,28,4.44,-0.3946068083256575
34648,W01001020,633,69,10.9,0.15972121719718718
34649,W01000976,446,12,2.69,-0.5447730691097099
34650,W01000977,574,19,3.31,-0.49157130814621697
34651,W01001024,526,28,5.32,-0.3190946314742483
34652,W01001025,523,9,1.72,-0.6280080822300131
34653,W01001033,747,23,3.08,-0.5113074452778353
34654,W01001034,640,60,9.38,0.02929109354475317
34655,W01000975,876,58,6.62,-0.2075425520346666
34656,W01000978,779,56,7.19,-0.1586312556650038
34657,W01001009,502,3,0.6,-0.7241144891318066
34658,W01001042,581,5,0.86,-0.7018040732438904
34659,W01001043,514,15,2.92,-0.5250369319780915
34660,W01001012,593,1,0.17,-0.7610124846387453
34661,W01001013,636,53,8.33,-0.0608086629256783
34662,W01001016,744,11,1.48,-0.6486023122803974
34663,W01001019,628,5,0.8,-0.7069526307564863
34664,W01000974,1048,58,5.53,-0.30107468018016204
34665,W01001057,806,227,28.16,1.6407895949873261
34666,W01001058,785,62,7.9,-0.09770665843261685
34667,W01000986,733,18,2.46,-0.5645092062413282
34668,W01000987,1045,143,13.68,0.39827104861413887
34669,W01001055,496,68,13.71,0.400845327370437
34670,W01001056,514,17,3.31,-0.49157130814621697
34671,W01000996,647,32,4.95,-0.3508440694685908
34672,W01001048,652,37,5.67,-0.28906137931743786
34673,W01001049,515,16,3.11,-0.5087331665215373
34674,W01001050,651,80,12.29,0.27899613290566294
34675,W01001051,743,45,6.06,-0.2555957554855634
34676,W01001052,588,130,22.11,1.121643379133888
34677,W01001004,480,76,15.83,0.5827610261488317
34678,W01001005,737,3,0.41,-0.7404182545883609
34679,W01001006,953,3,0.31,-0.748999183776021
34680,W01001007,753,93,12.35,0.28414469041825907
34681,W01001039,685,40,5.84,-0.2744737996984157
34682,W01001040,674,29,4.3,-0.4066201091883817
34683,W01000999,610,47,7.7,-0.11486851680793714
34684,W01001000,741,10,1.35,-0.6597575202243557
34685,W01001001,763,47,6.16,-0.2470148262979032
34686,W01001002,1059,357,33.71,2.117031164902464
34687,W01001008,1142,2,0.18,-0.7601543917199792
34688,W01001038,1140,62,5.44,-0.3087975164490561
34689,W01001981,507,8,1.58,-0.6400213830927374
34690,W01001982,542,0,0.0,-0.7756000642577675
34691,W01001983,584,0,0.0,-0.7756000642577675
34692,W01001984,488,59,12.09,0.26183427453034275
34693,W01000997,779,6,0.77,-0.7095269095127845
34694,W01001010,507,77,15.19,0.5278430793478068
34695,W01001011,567,39,6.88,-0.18523213614675027
34696,W01001026,864,162,18.75,0.8333241584285077
34697,W01000989,682,22,3.23,-0.4984360514963451
34698,W01001037,741,2,0.27,-0.7524315554510852
34699,W01001041,920,7,0.76,-0.7103850024315504
34700,W01001021,763,187,24.51,1.3275856796377314
34701,W01001022,625,133,21.28,1.0504216668763091
34702,W01001023,822,189,22.99,1.197155555985297
34703,W01001028,876,89,10.16,0.09622234120850216
34704,W01001035,816,192,23.53,1.2434925735986622
34705,W01000979,702,2,0.28,-0.7515734625323192
34706,W01000983,669,11,1.64,-0.6348728255801414
34707,W01000985,514,0,0.0,-0.7756000642577675
34708,W01001003,577,34,5.89,-0.2701833351045856
34709,W01000980,568,42,7.39,-0.14146939728968358
34710,W01000981,500,47,9.4,0.03100727938228516
34711,W01000982,640,45,7.03,-0.17236074236526003
34712,W01000984,954,75,7.86,-0.10113903010768091
34713,W01000990,676,141,20.86,1.0143817642881365
34714,W01001027,714,67,9.38,0.02929109354475317
34715,W01001036,663,29,4.37,-0.4006134587570196
34716,W01001918,663,32,4.83,-0.361141184493783
34717,W01001919,552,1,0.18,-0.7601543917199792
34718,W01001920,460,0,0.0,-0.7756000642577675
34719,W01001921,574,17,2.96,-0.5216045603030275
34720,W01001031,634,1,0.16,-0.7618705775575112
34721,W01001032,825,8,0.97,-0.6923650511374642
34722,W01001046,981,262,26.71,1.5163661217662545
34723,W01001047,762,114,14.96,0.5081069422161887
34724,W01001053,467,19,4.07,-0.42635624631999997
34725,W01001054,553,40,7.23,-0.15519888398993975
34726,W01001029,817,3,0.37,-0.743850626263425
34727,W01001030,863,76,8.81,-0.01962020282490962
34728,W01001044,753,167,22.18,1.1276500295652503
34729,W01001045,775,95,12.26,0.27642185414936493
34730,W01001105,1147,13,1.13,-0.678635564437208
34731,W01001127,713,46,6.45,-0.2221301316536888
34732,W01001128,719,17,2.36,-0.5730901354289883
34733,W01001082,786,96,12.21,0.27213138955553495
34734,W01001083,713,10,1.4,-0.6554670556305255
34735,W01001084,762,30,3.94,-0.4375114542639582
34736,W01001085,631,6,0.95,-0.6940812369749962
34737,W01001113,950,27,2.84,-0.5319016753282196
34738,W01001119,744,9,1.21,-0.6717708210870799
34739,W01001135,969,38,3.92,-0.43922764010149024
34740,W01001136,693,23,3.32,-0.490713215227451
34741,W01001075,479,5,1.04,-0.6863584007061021
34742,W01001076,631,86,13.63,0.3939805840203089
34743,W01001077,620,106,17.1,0.6917388268321156
34744,W01001078,509,13,2.55,-0.556786369972434
34745,W01001104,901,207,22.97,1.1954393701477652
34746,W01001129,588,24,4.08,-0.425498153401234
34747,W01001116,815,147,18.04,0.7723995611961206
34748,W01001123,785,395,50.32,3.542323502972812
34749,W01001124,695,47,6.76,-0.19552925117194242
34750,W01001125,630,53,8.41,-0.053943919575550184
34751,W01001130,494,28,5.67,-0.28906137931743786
34752,W01002036,772,393,50.91,3.5929509851800066
34753,W01002037,563,152,27.0,1.5412508164104688
34754,W01001086,675,53,7.85,-0.10199712302644698
34755,W01001087,639,21,3.29,-0.49328749398374905
34756,W01001088,963,166,17.24,0.7037521276948395
34757,W01001089,695,30,4.32,-0.4049039233508497
34758,W01001090,632,7,1.11,-0.6803517502747399
34759,W01001081,717,70,9.76,0.061898624457861595
34760,W01001092,829,77,9.29,0.02156825727585891
34761,W01001094,516,9,1.74,-0.6262918963924812
34762,W01001095,628,128,20.38,0.9731933041873677
34763,W01001096,636,54,8.49,-0.04707917622542207
34764,W01001097,588,11,1.87,-0.615136688448523
34765,W01001114,644,9,1.4,-0.6554670556305255
34766,W01001115,860,53,6.16,-0.2470148262979032
34767,W01001131,737,242,32.84,2.042377080969821
34768,W01001132,583,19,3.26,-0.4958617727400471
34769,W01001133,962,139,14.45,0.46434420335912185
34770,W01001134,522,2,0.38,-0.7429925333446589
34771,W01001067,608,164,26.97,1.5386765376541707
34772,W01001068,711,25,3.52,-0.4735513568521308
34773,W01001070,527,129,24.48,1.3250114008814333
34774,W01001071,650,63,9.69,0.05589197402649947
34775,W01001072,1048,1,0.1,-0.7670191350701073
34776,W01001091,745,1,0.13,-0.7644448563138092
34777,W01001098,458,15,3.28,-0.49414558690251514
34778,W01001100,629,46,7.31,-0.1483341406398117
34779,W01001103,513,1,0.19,-0.7592962988012133
34780,W01001106,621,3,0.48,-0.7344116041569988
34781,W01001107,726,28,3.86,-0.44437619761408637
34782,W01001109,624,8,1.28,-0.6657641706557177
34783,W01001110,660,25,3.79,-0.45038284804544837
34784,W01001111,564,34,6.03,-0.25817003424186136
34785,W01001112,592,1,0.17,-0.7610124846387453
34786,W01001063,694,73,10.52,0.1271136862840786
34787,W01001065,670,81,12.09,0.26183427453034275
34788,W01001069,732,112,15.3,0.537282101454233
34789,W01001079,668,45,6.74,-0.19724543700947442
34790,W01001080,635,33,5.2,-0.3293917464994405
34791,W01001910,808,222,27.48,1.5824392765112372
34792,W01001911,506,42,8.3,-0.06338294168197628
34793,W01001062,582,90,15.46,0.5510115881544894
34794,W01001064,600,206,34.33,2.1702329258659567
34795,W01001093,764,154,20.16,0.9543152599745156
34796,W01001099,567,106,18.69,0.8281756009159117
34797,W01001101,680,56,8.24,-0.06853149919457241
34798,W01001102,678,19,2.8,-0.5353340470032837
34799,W01001108,854,23,2.69,-0.5447730691097099
34800,W01001117,587,8,1.36,-0.6588994273055896
34801,W01001120,595,1,0.17,-0.7610124846387453
34802,W01001121,725,51,7.03,-0.17236074236526003
34803,W01001122,840,0,0.0,-0.7756000642577675
34804,W01002038,579,112,19.34,0.8839516406357024
34805,W01002039,668,20,2.99,-0.5190302815467295
34806,W01001059,843,139,16.49,0.6393951587873885
34807,W01001060,648,77,11.88,0.2438143232362565
34808,W01001066,795,178,22.39,1.1456699808593367
34809,W01001073,1058,549,51.89,3.6770440912190763
34810,W01001998,963,130,13.5,0.38282537607635064
34811,W01002040,902,198,21.95,1.1079138924336318
34812,W01001777,709,66,9.31,0.023284443113391052
34813,W01001778,686,20,2.92,-0.5250369319780915
34814,W01001794,612,1,0.16,-0.7618705775575112
34815,W01001799,518,125,24.13,1.2949781487246228
34816,W01001793,569,49,8.61,-0.036782061200229976
34817,W01001795,656,31,4.73,-0.3697221136814431
34818,W01001796,643,25,3.89,-0.4418019188577882
34819,W01001798,651,25,3.84,-0.44609238345161834
34820,W01001841,747,0,0.0,-0.7756000642577675
34821,W01001842,729,43,5.9,-0.26932524218581955
34822,W01001844,851,150,17.63,0.7372177515267141
34823,W01002016,535,43,8.04,-0.08569335756989277
34824,W01002017,596,54,9.06,0.0018321201442407157
34825,W01002018,565,1,0.18,-0.7601543917199792
34826,W01001849,646,40,6.19,-0.24444054754160513
34827,W01001852,738,0,0.0,-0.7756000642577675
34828,W01001853,755,156,20.66,0.9972199059128163
34829,W01001854,796,247,31.03,1.8870622626731723
34830,W01001791,852,266,31.22,1.9033660281297264
34831,W01001792,687,150,21.83,1.0976167774084395
34832,W01001797,601,48,7.99,-0.08998382216372275
34833,W01001800,636,170,26.73,1.5180823076037862
34834,W01001949,681,419,61.53,4.504245664909513
34835,W01001953,633,121,19.12,0.8650735964228502
34836,W01001820,520,44,8.46,-0.04965345498172006
34837,W01001846,652,23,3.53,-0.4726932639333648
34838,W01001847,638,19,2.98,-0.5198883744654954
34839,W01001948,891,128,14.37,0.4574794600089937
34840,W01001954,640,126,19.69,0.913984892792513
34841,W01001802,745,98,13.15,0.3527921239195402
34842,W01001807,619,88,14.22,0.44460806622750365
34843,W01001808,638,54,8.46,-0.04965345498172006
34844,W01001840,880,227,25.8,1.438279666158547
34845,W01001730,631,94,14.9,0.5029583847035926
34846,W01001731,535,18,3.36,-0.48728084355238704
34847,W01001736,593,49,8.26,-0.06681531335704041
34848,W01001815,542,1,0.18,-0.7601543917199792
34849,W01001811,547,77,14.08,0.4325947653647794
34850,W01001816,1098,296,26.96,1.5378184447354049
34851,W01001817,584,81,13.87,0.4145748140706931
34852,W01001818,627,136,21.69,1.0856034765457157
34853,W01001888,688,76,11.05,0.1725926109786774
34854,W01001893,799,137,17.15,0.6960292914259454
34855,W01001894,645,44,6.82,-0.19038069365934632
34856,W01001895,839,513,61.14,4.470780041077639
34857,W01001877,816,29,3.55,-0.4709770780958327
34858,W01001878,624,15,2.4,-0.5696577637539242
34859,W01001882,758,26,3.43,-0.4812741931210249
34860,W01001885,1000,106,10.6,0.1339784296342067
34861,W01001773,1046,210,20.08,0.9474505166243873
34862,W01001848,607,11,1.81,-0.620285245961119
34863,W01001850,783,13,1.66,-0.6331566397426093
34864,W01001851,708,141,19.92,0.9337210299241314
34865,W01001879,796,144,18.09,0.7766900257899507
34866,W01001880,611,34,5.56,-0.298500401423864
34867,W01001881,658,150,22.8,1.1808517905287432
34868,W01001884,525,35,6.67,-0.20325208744083653
34869,W01001727,512,16,3.12,-0.5078750736027713
34870,W01001728,595,1,0.17,-0.7610124846387453
34871,W01001729,1170,52,4.44,-0.3946068083256575
34872,W01001819,967,77,7.96,-0.0925581009200208
34873,W01001803,698,75,10.74,0.14599173049693095
34874,W01001804,628,52,8.28,-0.06509912751950843
34875,W01001805,673,101,15.01,0.5123974068100187
34876,W01001806,810,302,37.28,2.4233703369019306
34877,W01001866,662,126,19.03,0.8573507601539562
34878,W01001867,545,79,14.5,0.46863466795295194
34879,W01001883,697,200,28.69,1.686268519681925
34880,W01001886,526,131,24.9,1.3610513034696057
34881,W01001809,533,89,16.7,0.6574151100814749
34882,W01001810,632,101,15.98,0.595632419930322
34883,W01001812,479,3,0.63,-0.7215402103755085
34884,W01001813,788,275,34.9,2.2191442222356192
34885,W01001814,684,265,38.74,2.548651903041769
34886,W01001769,615,20,3.25,-0.4967198656588131
34887,W01001770,491,99,20.16,0.9543152599745156
34888,W01001771,677,78,11.52,0.21292297816067993
34889,W01001774,532,0,0.0,-0.7756000642577675
34890,W01001732,674,135,20.03,0.9431600520305575
34891,W01001733,564,160,28.37,1.6588095462814125
34892,W01001734,587,28,4.77,-0.3662897420063791
34893,W01001735,611,90,14.73,0.4883708050845703
34894,W01001887,616,59,9.58,0.04645295192007338
34895,W01001889,703,188,26.74,1.5189404005225522
34896,W01001891,733,180,24.56,1.3318761442315614
34897,W01001892,598,0,0.0,-0.7756000642577675
34898,W01001896,603,40,6.63,-0.20668445911590058
34899,W01001772,591,5,0.85,-0.7026621661626563
34900,W01001775,707,74,10.47,0.12282322169024862
34901,W01001776,517,6,1.16,-0.67606128568091
34902,W01001890,605,27,4.46,-0.3928906224881255
34903,W01001863,645,61,9.46,0.036155836894881284
34904,W01001864,634,67,10.57,0.13140415087790872
34905,W01001865,516,13,2.52,-0.5593606487287321
34906,W01001868,598,69,11.54,0.21463916399821192
34907,W01001785,483,33,6.83,-0.1895226007405803
34908,W01001786,624,27,4.33,-0.40404583043208364
34909,W01001787,538,31,5.76,-0.2813385430485438
34910,W01001788,627,178,28.39,1.6605257321189448
34911,W01001789,724,120,16.57,0.6462599021375167
34912,W01001790,482,32,6.64,-0.2058263661971346
34913,W01001821,551,237,43.01,2.915057579354856
34914,W01001826,548,59,10.77,0.14856600925322894
34915,W01001827,627,64,10.21,0.1005128058023323
34916,W01001828,632,49,7.75,-0.11057805221410709
34917,W01001755,638,109,17.08,0.6900226409945833
34918,W01001756,623,122,19.58,0.9045458706860866
34919,W01001757,600,112,18.67,0.8264594150783797
34920,W01001758,656,30,4.57,-0.38345160038169934
34921,W01001779,665,127,19.1,0.8633574105853182
34922,W01001780,608,62,10.2,0.09965471288356614
34923,W01001781,823,266,32.32,1.997756249193988
34924,W01001782,587,2,0.34,-0.746424905019723
34925,W01001783,502,0,0.0,-0.7756000642577675
34926,W01001784,575,61,10.61,0.1348365225529727
34927,W01001747,826,129,15.62,0.5647410748547455
34928,W01001748,648,107,16.51,0.6411113446249208
34929,W01001749,671,114,16.99,0.6822998047256892
34930,W01001751,820,430,52.44,3.7242392017512067
34931,W01001718,620,67,10.81,0.15199838092829307
34932,W01001719,566,35,6.18,-0.24529864046037123
34933,W01001720,648,111,17.13,0.6943131055884134
34934,W01001722,526,43,8.17,-0.07453814962593452
34935,W01001726,549,52,9.47,0.037013929813647276
34936,W01001822,805,85,10.56,0.13054605795914273
34937,W01001823,514,9,1.75,-0.6254338034737151
34938,W01001824,725,131,18.07,0.7749738399524188
34939,W01001825,865,146,16.88,0.6728607826192631
34940,W01001831,656,53,8.08,-0.08226098589482864
34941,W01001836,527,59,11.2,0.18546400476016747
34942,W01001837,513,139,27.1,1.5498317455981292
34943,W01001838,624,23,3.69,-0.45896377723310855
34944,W01001839,603,35,5.8,-0.2779061713734797
34945,W01001750,822,332,40.39,2.6902372346381607
34946,W01001752,660,21,3.18,-0.5027265160901753
34947,W01001753,638,91,14.26,0.44804043790256765
34948,W01001754,793,196,24.72,1.3456056309318176
34949,W01001721,573,215,37.52,2.443964566952315
34950,W01001724,608,65,10.69,0.1417012659031008
34951,W01001725,520,58,11.15,0.1811735401663375
34952,W01001922,409,69,16.87,0.6720026897004973
34953,W01002019,1150,990,86.09,6.611721873398841
34954,W01001829,713,129,18.09,0.7766900257899507
34955,W01001830,888,226,25.45,1.4082464140017363
34956,W01001832,805,318,39.5,2.6138669648679858
34957,W01001833,700,167,23.86,1.2718096399179404
34958,W01001834,714,81,11.34,0.19747730562289173
34959,W01001835,978,558,57.06,4.120678130221106
34960,W01001858,852,130,15.26,0.533849729779169
34961,W01001859,770,156,20.26,0.9628961891621758
34962,W01001860,779,62,7.96,-0.0925581009200208
34963,W01001861,748,166,22.19,1.1285081224840163
34964,W01001714,611,9,1.47,-0.6494604051991635
34965,W01001715,793,225,28.37,1.6588095462814125
34966,W01001716,541,33,6.1,-0.2521633838104993
34967,W01001717,744,95,12.77,0.3201845930064316
34968,W01001694,885,162,18.31,0.7955680700028029
34969,W01001695,743,404,54.37,3.889851135073047
34970,W01001696,668,137,20.51,0.9843485121313261
34971,W01001697,864,178,20.6,0.9920713484002203
34972,W01001698,948,357,37.66,2.455977867815039
34973,W01001870,633,22,3.48,-0.4769837285271948
34974,W01001871,686,88,12.83,0.3253331505190277
34975,W01001876,654,126,19.27,0.8779449902043404
34976,W01002020,624,31,4.97,-0.34912788363105884
34977,W01002021,649,284,43.76,2.9794145482623073
34978,W01001869,614,19,3.09,-0.5104493523590693
34979,W01001872,696,91,13.07,0.3459273805694121
34980,W01001873,795,201,25.28,1.3936588343827148
34981,W01001874,751,130,17.31,0.7097587781262016
34982,W01001737,634,100,15.77,0.5776124686362356
34983,W01001738,520,4,0.77,-0.7095269095127845
34984,W01001739,549,50,9.11,0.006122584738070692
34985,W01001740,682,139,20.38,0.9731933041873677
34986,W01001741,610,26,4.26,-0.41005248086344576
34987,W01001710,803,89,11.08,0.17516688973497538
34988,W01001711,873,186,21.31,1.052995945632607
34989,W01001712,714,85,11.9,0.2455305090737885
34990,W01001713,774,91,11.76,0.23351720821106428
34991,W01002022,555,149,26.85,1.5283794226289789
34992,W01002023,688,38,5.52,-0.30193277309892813
34993,W01001704,623,159,25.52,1.4142530644330986
34994,W01001706,587,101,17.21,0.7011778489385416
34995,W01001707,807,76,9.42,0.03272346521981715
34996,W01001746,655,114,17.4,0.7174816143950957
34997,W01001855,669,121,18.09,0.7766900257899507
34998,W01001856,684,254,37.13,2.410498943120441
34999,W01001857,904,396,43.81,2.9837050128561375
35000,W01001862,761,136,17.87,0.7578119815770986
35001,W01001742,643,46,7.15,-0.16206362734006785
35002,W01001743,642,42,6.54,-0.2144072953847947
35003,W01001744,758,196,25.86,1.4434282236711433
35004,W01001745,547,14,2.56,-0.555928277053668
35005,W01001764,594,99,16.67,0.654840831325177
35006,W01001765,519,61,11.75,0.23265911529229827
35007,W01001766,697,60,8.61,-0.036782061200229976
35008,W01001767,742,131,17.65,0.7389339373642461
35009,W01001768,520,51,9.81,0.06618908905169173
35010,W01001702,739,42,5.68,-0.2882032863986719
35011,W01001703,487,109,22.38,1.1448118879405704
35012,W01001705,782,83,10.61,0.1348365225529727
35013,W01001708,732,298,40.71,2.7176962080386735
35014,W01001759,695,82,11.8,0.23694957988612841
35015,W01001760,678,160,23.6,1.2494992240300242
35016,W01001761,685,130,18.98,0.853060295560126
35017,W01001762,709,182,25.67,1.4271244582145892
35018,W01001940,667,647,97.0,7.547901247772562
35019,W01001943,647,548,84.7,6.492446957690366
35020,W01001944,625,531,84.96,6.5147573735782816
35021,W01001947,947,861,90.92,7.026180753162826
35022,W01002024,701,693,98.86,7.70750653066304
35023,W01002025,627,564,89.95,6.942945740042523
35024,W01001699,1031,732,71.0,5.316859658980928
35025,W01001942,775,390,50.32,3.542323502972812
35026,W01001946,667,414,62.07,4.550582682522878
35027,W01001950,597,498,83.42,6.382611064088316
35028,W01001951,500,273,54.6,3.909587272204666
35029,W01001952,644,555,86.18,6.619444709667736
35030,W01001186,695,8,1.15,-0.6769193785996759
35031,W01001187,594,1,0.17,-0.7610124846387453
35032,W01001188,602,99,16.45,0.6359627871123246
35033,W01001221,612,30,4.9,-0.35513453406242085
35034,W01001222,639,63,9.86,0.07047955364552169
35035,W01001233,782,9,1.15,-0.6769193785996759
35036,W01001148,833,65,7.8,-0.10628758762027703
35037,W01001152,836,53,6.34,-0.231569153760115
35038,W01001153,685,20,2.92,-0.5250369319780915
35039,W01001155,697,7,1.0,-0.6897907723811662
35040,W01001149,624,92,14.74,0.4892288980033363
35041,W01001150,869,57,6.56,-0.21269110954726272
35042,W01001151,789,30,3.8,-0.4495247551266824
35043,W01001154,685,163,23.8,1.2666610824053446
35044,W01001156,548,2,0.36,-0.7447087191821911
35045,W01001147,867,103,11.88,0.2438143232362565
35046,W01001168,610,20,3.28,-0.49414558690251514
35047,W01001169,1053,234,22.22,1.1310824012403142
35048,W01001170,530,1,0.19,-0.7592962988012133
35049,W01001137,1104,106,9.6,0.04816913775760537
35050,W01001138,643,93,14.46,0.465202296277888
35051,W01001139,598,4,0.67,-0.7181078387004446
35052,W01001140,640,17,2.66,-0.5473473478660079
35053,W01001141,674,82,12.17,0.26869901788047085
35054,W01001142,834,29,3.48,-0.4769837285271948
35055,W01001204,677,2,0.3,-0.749857276694787
35056,W01001205,701,80,11.41,0.20348395605425385
35057,W01001206,634,64,10.09,0.09021569077714005
35058,W01001207,558,100,17.92,0.7621024461709287
35059,W01001208,733,28,3.82,-0.4478085692891503
35060,W01001265,731,23,3.15,-0.5053007948464732
35061,W01001266,625,101,16.16,0.6110780924681102
35062,W01001267,681,36,5.29,-0.3216689102305464
35063,W01001268,590,4,0.68,-0.7172497457816785
35064,W01001209,582,29,4.98,-0.34826979071229275
35065,W01001210,639,14,2.19,-0.5876777150480106
35066,W01001211,628,2,0.32,-0.748141090857255
35067,W01001212,582,13,2.23,-0.5842453433729464
35068,W01001175,594,35,5.89,-0.2701833351045856
35069,W01001177,604,2,0.33,-0.7472829979384891
35070,W01001202,815,75,9.2,0.0138454210069648
35071,W01001203,587,69,11.75,0.23265911529229827
35072,W01001269,639,3,0.47,-0.7352696970757648
35073,W01001270,650,31,4.77,-0.3662897420063791
35074,W01001271,721,14,1.94,-0.6091300380171609
35075,W01001272,613,22,3.59,-0.4675447064207687
35076,W01001273,763,42,5.5,-0.3036489589364601
35077,W01001214,530,0,0.0,-0.7756000642577675
35078,W01001216,656,26,3.96,-0.4357952684264262
35079,W01001962,1181,158,13.38,0.37252826105115855
35080,W01001143,636,2,0.31,-0.748999183776021
35081,W01001144,701,11,1.57,-0.6408794760115033
35082,W01001145,778,62,7.97,-0.09170000800125482
35083,W01001146,632,47,7.44,-0.13717893269585346
35084,W01001176,624,5,0.8,-0.7069526307564863
35085,W01001274,521,48,9.21,0.014703513925730948
35086,W01001275,792,20,2.53,-0.5585025558099661
35087,W01001276,635,46,7.24,-0.15434079107117374
35088,W01001260,510,13,2.55,-0.556786369972434
35089,W01001285,599,13,2.17,-0.5893939008855426
35090,W01001286,622,4,0.64,-0.7206821174567426
35091,W01001287,642,3,0.47,-0.7352696970757648
35092,W01001288,668,131,19.61,0.9071201494423847
35093,W01001963,971,64,6.59,-0.21011683079096466
35094,W01001180,668,99,14.82,0.4960936413534644
35095,W01001181,629,75,11.92,0.2472466949113205
35096,W01001282,891,58,6.51,-0.21698157414109276
35097,W01001283,629,30,4.77,-0.3662897420063791
35098,W01001284,436,3,0.69,-0.7163916528629126
35099,W01001166,578,1,0.17,-0.7610124846387453
35100,W01001167,625,10,1.6,-0.6383051972552054
35101,W01001247,718,48,6.69,-0.20153590160330448
35102,W01001248,860,40,4.65,-0.3765868570315712
35103,W01001171,617,22,3.57,-0.46926089225830064
35104,W01001229,643,13,2.02,-0.6022652946670328
35105,W01001230,630,1,0.16,-0.7618705775575112
35106,W01001231,678,16,2.36,-0.5730901354289883
35107,W01001280,763,121,15.86,0.5853353049051297
35108,W01001281,742,0,0.0,-0.7756000642577675
35109,W01001217,467,30,6.42,-0.22470441040998687
35110,W01001218,636,11,1.73,-0.6271499893112471
35111,W01001219,602,132,21.93,1.1061977065961
35112,W01001220,622,28,4.5,-0.38945825081306146
35113,W01001259,677,43,6.35,-0.23071106084134899
35114,W01001261,558,10,1.79,-0.6220014317986511
35115,W01001164,671,20,2.98,-0.5198883744654954
35116,W01001165,581,31,5.34,-0.3173784456367163
35117,W01001256,534,8,1.5,-0.6468861264428655
35118,W01001257,532,28,5.26,-0.32424318898684446
35119,W01001258,640,54,8.44,-0.0513696408192522
35120,W01001172,640,26,4.06,-0.42721433923876606
35121,W01001173,622,71,11.41,0.20348395605425385
35122,W01001174,628,92,14.65,0.4815060617344422
35123,W01001232,590,87,14.75,0.4900869909221023
35124,W01001227,550,4,0.73,-0.7129592811878485
35125,W01001228,743,112,15.07,0.5175459643226148
35126,W01001234,660,4,0.61,-0.7232563962130407
35127,W01001235,750,62,8.27,-0.06595722043827443
35128,W01001236,661,12,1.82,-0.619427153042353
35129,W01001964,1073,125,11.65,0.22407818610463817
35130,W01001185,980,294,30.0,1.7986786920402729
35131,W01001237,602,28,4.65,-0.3765868570315712
35132,W01001238,690,96,13.91,0.4180071857457572
35133,W01001262,622,60,9.65,0.05245960235143549
35134,W01001263,632,39,6.17,-0.2461567333791372
35135,W01001264,514,42,8.17,-0.07453814962593452
35136,W01001178,688,46,6.69,-0.20153590160330448
35137,W01001179,738,65,8.81,-0.01962020282490962
35138,W01001253,602,17,2.82,-0.5336178611657517
35139,W01001255,837,96,11.47,0.20863251356684995
35140,W01001914,670,3,0.45,-0.7369858829132969
35141,W01001917,620,4,0.65,-0.7198240245379766
35142,W01001249,698,57,8.17,-0.07453814962593452
35143,W01001250,624,4,0.64,-0.7206821174567426
35144,W01001251,663,118,17.8,0.7518053311457364
35145,W01001252,667,2,0.3,-0.749857276694787
35146,W01001162,1063,89,8.37,-0.05737629125061432
35147,W01001244,628,10,1.59,-0.6391632901739713
35148,W01001245,517,1,0.19,-0.7592962988012133
35149,W01001246,621,59,9.5,0.039588208569945264
35150,W01001184,944,66,6.99,-0.17579311404032408
35151,W01001239,625,200,32.0,1.9702972757934756
35152,W01001240,859,31,3.61,-0.4658285205832367
35153,W01001241,758,96,12.66,0.3107455709000055
35154,W01001196,614,16,2.61,-0.551637812459838
35155,W01001197,494,0,0.0,-0.7756000642577675
35156,W01001198,661,6,0.91,-0.6975136086500603
35157,W01001199,708,24,3.39,-0.48470656479608887
35158,W01001915,603,0,0.0,-0.7756000642577675
35159,W01001916,558,43,7.71,-0.11401042388917114
35160,W01001157,589,17,2.89,-0.5276112107343895
35161,W01001158,632,25,3.96,-0.4357952684264262
35162,W01001159,654,12,1.83,-0.618569060123587
35163,W01001277,459,8,1.74,-0.6262918963924812
35164,W01001278,435,6,1.38,-0.6571832414680576
35165,W01001279,505,93,18.42,0.8050070921092294
35166,W01001160,679,2,0.29,-0.7507153696135531
35167,W01001189,680,38,5.59,-0.295926122667566
35168,W01001190,1171,29,2.48,-0.5627930204037961
35169,W01001965,702,35,4.99,-0.34741169779352676
35170,W01001966,650,28,4.31,-0.4057620162696157
35171,W01001193,477,1,0.21,-0.7575801129636811
35172,W01001194,875,1,0.11,-0.7661610421513414
35173,W01001195,652,78,11.96,0.2506790665863846
35174,W01001242,575,57,9.91,0.07477001823935182
35175,W01001243,683,173,25.33,1.3979492989765445
35176,W01001192,608,79,12.99,0.339062637219284
35177,W01001223,778,24,3.08,-0.5113074452778353
35178,W01001224,766,0,0.0,-0.7756000642577675
35179,W01001225,655,3,0.46,-0.7361277899945308
35180,W01001226,716,57,7.96,-0.0925581009200208
35181,W01001967,634,43,6.78,-0.19381306533441037
35182,W01001968,600,1,0.17,-0.7610124846387453
35183,W01001374,595,8,1.34,-0.6606156131431217
35184,W01001375,723,127,17.57,0.7320691940141181
35185,W01001376,648,59,9.1,0.005264491819304697
35186,W01001406,861,139,16.14,0.6093619066305782
35187,W01001428,528,82,15.53,0.5570182385858513
35188,W01001429,528,47,8.9,-0.011897366556015511
35189,W01001360,559,15,2.68,-0.545631162028476
35190,W01001361,486,1,0.21,-0.7575801129636811
35191,W01001384,693,19,2.74,-0.5404826045158798
35192,W01001385,677,39,5.76,-0.2813385430485438
35193,W01001386,692,42,6.07,-0.2547376625667973
35194,W01001325,658,26,3.95,-0.43665336134519217
35195,W01001326,961,65,6.76,-0.19552925117194242
35196,W01001362,901,86,9.54,0.043020580245009245
35197,W01001336,616,7,1.14,-0.6777774715184419
35198,W01001337,668,17,2.54,-0.5576444628912001
35199,W01001338,800,20,2.5,-0.5610768345662641
35200,W01001339,590,33,5.59,-0.295926122667566
35201,W01001334,592,8,1.35,-0.6597575202243557
35202,W01001335,530,0,0.0,-0.7756000642577675
35203,W01001347,648,19,2.93,-0.5241788390593256
35204,W01001351,644,14,2.17,-0.5893939008855426
35205,W01001356,478,1,0.21,-0.7575801129636811
35206,W01001357,722,42,5.82,-0.27618998553594765
35207,W01001358,619,12,1.94,-0.6091300380171609
35208,W01001359,638,26,4.08,-0.425498153401234
35209,W01001390,803,9,1.12,-0.679493657355974
35210,W01001391,672,28,4.17,-0.4177753171323399
35211,W01001352,743,23,3.1,-0.5095912594403034
35212,W01001353,741,124,16.73,0.659989388837773
35213,W01001387,531,18,3.39,-0.48470656479608887
35214,W01001388,760,55,7.24,-0.15434079107117374
35215,W01001389,463,6,1.3,-0.6640479848181857
35216,W01001414,689,161,23.37,1.229763086898406
35217,W01001415,720,8,1.11,-0.6803517502747399
35218,W01001416,627,5,0.8,-0.7069526307564863
35219,W01001417,580,1,0.17,-0.7610124846387453
35220,W01001418,632,80,12.66,0.3107455709000055
35221,W01001348,726,48,6.61,-0.20840064495343258
35222,W01001349,670,0,0.0,-0.7756000642577675
35223,W01001350,794,38,4.79,-0.36457355616884707
35224,W01001392,831,7,0.84,-0.7035202590814224
35225,W01001380,770,26,3.38,-0.48556465771485496
35226,W01001381,611,29,4.75,-0.3680059278439111
35227,W01001382,683,53,7.76,-0.10971995929534109
35228,W01001383,660,49,7.42,-0.13889511853338554
35229,W01001401,887,69,7.78,-0.10800377345780902
35230,W01001402,685,5,0.73,-0.7129592811878485
35231,W01001403,688,18,2.62,-0.550779719541072
35232,W01001404,592,1,0.17,-0.7610124846387453
35233,W01001405,747,54,7.23,-0.15519888398993975
35234,W01001363,710,2,0.28,-0.7515734625323192
35235,W01001364,677,30,4.43,-0.3954649012444236
35236,W01001365,819,56,6.84,-0.18866450782181432
35237,W01001369,1056,34,3.22,-0.4992941444151111
35238,W01001377,672,18,2.68,-0.545631162028476
35239,W01001378,677,5,0.74,-0.7121011882690824
35240,W01001379,641,3,0.47,-0.7352696970757648
35241,W01001432,1136,111,9.77,0.0627567173766276
35242,W01001433,645,35,5.43,-0.3096556093678222
35243,W01001434,546,1,0.18,-0.7601543917199792
35244,W01001327,1090,103,9.45,0.03529774397611513
35245,W01001328,653,64,9.8,0.06533099613292573
35246,W01001329,654,64,9.79,0.06447290321415958
35247,W01001354,720,15,2.08,-0.5971167371544367
35248,W01001355,752,223,29.65,1.7686454398834623
35249,W01001430,1014,55,5.42,-0.3105137022865882
35250,W01001431,655,9,1.37,-0.6580413343868237
35251,W01001407,606,12,1.98,-0.6056976663420968
35252,W01001408,602,50,8.31,-0.0625248487632103
35253,W01001409,697,16,2.3,-0.5782386929415844
35254,W01001410,830,120,14.46,0.465202296277888
35255,W01001411,766,91,11.88,0.2438143232362565
35256,W01001412,834,48,5.76,-0.2813385430485438
35257,W01001413,765,29,3.79,-0.45038284804544837
35258,W01001330,612,46,7.52,-0.13031418934572542
35259,W01001331,734,45,6.13,-0.24958910505420126
35260,W01001332,803,97,12.08,0.2609761816115767
35261,W01001333,626,53,8.47,-0.04879536206295406
35262,W01001366,701,15,2.14,-0.5919681796418406
35263,W01001367,658,40,6.08,-0.2538795696480313
35264,W01001368,646,91,14.09,0.4334528582835454
35265,W01001393,537,14,2.61,-0.551637812459838
35266,W01001397,682,9,1.32,-0.6623317989806536
35267,W01001400,559,62,11.09,0.1760249826537414
35268,W01001340,775,10,1.29,-0.6649060777369518
35269,W01001341,762,196,25.72,1.431414922808419
35270,W01001344,714,64,8.96,-0.006748809043419388
35271,W01001346,656,19,2.9,-0.5267531178156235
35272,W01001342,517,26,5.03,-0.3439793261184627
35273,W01001343,484,2,0.41,-0.7404182545883609
35274,W01001345,577,46,7.97,-0.09170000800125482
35275,W01001419,667,38,5.7,-0.2864871005611398
35276,W01001371,822,97,11.8,0.23694957988612841
35277,W01001372,816,7,0.86,-0.7018040732438904
35278,W01001373,821,31,3.78,-0.45124094096421447
35279,W01001420,556,28,5.04,-0.34312123319969673
35280,W01001421,684,218,31.87,1.9591420678495173
35281,W01001422,658,91,13.83,0.4111424423956291
35282,W01001370,835,95,11.38,0.20090967729795586
35283,W01001394,503,1,0.2,-0.7584382058824473
35284,W01001395,591,38,6.43,-0.2238463174912209
35285,W01001396,643,109,16.95,0.6788674330506251
35286,W01001399,562,13,2.31,-0.5773806000228183
35287,W01001398,1064,115,10.81,0.15199838092829307
35288,W01001423,643,18,2.8,-0.5353340470032837
35289,W01001424,647,145,22.41,1.1473861666968685
35290,W01001425,789,118,14.96,0.5081069422161887
35291,W01001426,575,11,1.91,-0.6117043167734589
35292,W01001427,741,14,1.89,-0.613420502610991
35293,W01001440,605,39,6.45,-0.2221301316536888
35294,W01001441,486,3,0.62,-0.7223983032942747
35295,W01001442,476,2,0.42,-0.7395601616695949
35296,W01001470,624,9,1.44,-0.6520346839554616
35297,W01001471,736,124,16.85,0.6702865038629653
35298,W01001446,510,29,5.69,-0.28734519347990584
35299,W01001447,612,51,8.33,-0.0608086629256783
35300,W01001448,603,62,10.28,0.10651945623369426
35301,W01001449,695,162,23.31,1.2246145293858097
35302,W01001472,602,2,0.33,-0.7472829979384891
35303,W01001473,567,14,2.47,-0.5636511133225621
35304,W01001474,632,83,13.13,0.3510759380820082
35305,W01001475,486,28,5.76,-0.2813385430485438
35306,W01001480,645,2,0.31,-0.748999183776021
35307,W01001438,685,82,11.97,0.25153715950515065
35308,W01001439,678,17,2.51,-0.5602187416474981
35309,W01001456,557,10,1.8,-0.621143338879885
35310,W01001457,797,165,20.7,1.0006522775878801
35311,W01001458,722,4,0.55,-0.7284049537256366
35312,W01001443,622,76,12.22,0.27298948247430094
35313,W01001444,840,32,3.81,-0.44866666220791634
35314,W01001445,608,1,0.16,-0.7618705775575112
35315,W01001467,805,64,7.95,-0.0934161938387868
35316,W01001468,605,67,11.07,0.1743087968162094
35317,W01001469,553,32,5.79,-0.2787642642922457
35318,W01001462,805,31,3.85,-0.44523429053285235
35319,W01001463,860,3,0.35,-0.745566812100957
35320,W01001478,646,10,1.55,-0.6425956618490354
35321,W01001479,676,61,9.02,-0.0016002515308234171
35322,W01001481,828,227,27.42,1.5772907189986416
35323,W01001450,532,3,0.56,-0.7275468608068707
35324,W01001451,644,30,4.66,-0.3757287641128052
35325,W01001452,635,15,2.36,-0.5730901354289883
35326,W01001459,480,28,5.83,-0.27533189261718166
35327,W01001460,792,95,11.99,0.2532533453426826
35328,W01001461,622,71,11.41,0.20348395605425385
35329,W01001435,618,11,1.78,-0.622859524717417
35330,W01001436,664,42,6.33,-0.23242724667888098
35331,W01001437,646,7,1.08,-0.682926029031038
35332,W01001453,631,56,8.87,-0.014471645312313649
35333,W01001454,581,15,2.58,-0.554212091216136
35334,W01001455,768,140,18.23,0.788703326652675
35335,W01001464,664,163,24.55,1.3310180513127956
35336,W01001465,693,15,2.16,-0.5902519938043086
35337,W01001466,735,31,4.22,-0.41348485253850986
35338,W01001973,1061,49,4.62,-0.37916113578786925
35339,W01001487,711,86,12.1,0.26269236744910873
35340,W01001488,648,159,24.54,1.3301599583940293
35341,W01001489,677,46,6.79,-0.19295497241564435
35342,W01001490,651,23,3.53,-0.4726932639333648
35343,W01001482,514,42,8.17,-0.07453814962593452
35344,W01001483,585,59,10.09,0.09021569077714005
35345,W01001484,677,1,0.15,-0.7627286704762772
35346,W01001485,554,85,15.34,0.5407144731292971
35347,W01001486,643,69,10.73,0.14513363757816494
35348,W01001525,722,24,3.32,-0.490713215227451
35349,W01001529,949,219,23.08,1.2048783922541912
35350,W01001530,673,83,12.33,0.28242850458072705
35351,W01001531,718,85,11.84,0.24038195156119238
35352,W01001491,798,115,14.41,0.46091183168405786
35353,W01001496,643,106,16.49,0.6393951587873885
35354,W01001523,634,14,2.21,-0.5859615292104785
35355,W01001524,890,171,19.21,0.8727964326917443
35356,W01001540,558,32,5.73,-0.28391282180484173
35357,W01001541,469,0,0.0,-0.7756000642577675
35358,W01001510,740,83,11.22,0.18718019059769964
35359,W01001511,716,102,14.25,0.4471823449838016
35360,W01001512,607,2,0.33,-0.7472829979384891
35361,W01001513,626,1,0.16,-0.7618705775575112
35362,W01001514,489,21,4.29,-0.4074782021071477
35363,W01001515,637,20,3.14,-0.5061588877652392
35364,W01001516,627,115,18.34,0.7981423487591011
35365,W01001517,1017,61,6.0,-0.2607443129981594
35366,W01001518,487,13,2.67,-0.5464892549472419
35367,W01001519,594,141,23.74,1.2615125248927481
35368,W01001520,1064,94,8.83,-0.01790401698737763
35369,W01001521,614,46,7.49,-0.1328884681020234
35370,W01001522,749,167,22.3,1.1379471445904425
35371,W01001537,511,7,1.37,-0.6580413343868237
35372,W01001493,880,148,16.82,0.6677122251066671
35373,W01001494,663,23,3.47,-0.47784182144596077
35374,W01001495,827,121,14.63,0.4797898758969102
35375,W01001507,880,92,10.45,0.12110703585271647
35376,W01001501,510,17,3.33,-0.489855122308685
35377,W01001503,488,16,3.28,-0.49414558690251514
35378,W01001536,473,102,21.56,1.0744482686017574
35379,W01001538,589,86,14.6,0.47721559714061207
35380,W01001539,599,19,3.17,-0.5035846090089412
35381,W01001506,779,289,37.1,2.4079246643641423
35382,W01001526,596,113,18.96,0.851344109722594
35383,W01001527,627,223,35.57,2.2766364477929426
35384,W01001528,728,37,5.08,-0.3396888615246327
35385,W01001532,751,92,12.25,0.27556376123059895
35386,W01001497,588,68,11.56,0.21635534983574406
35387,W01001498,525,38,7.24,-0.15434079107117374
35388,W01001499,511,29,5.68,-0.2882032863986719
35389,W01001500,498,1,0.2,-0.7584382058824473
35390,W01001502,493,2,0.41,-0.7404182545883609
35391,W01001492,992,59,5.95,-0.26503477759198946
35392,W01001533,624,13,2.08,-0.5971167371544367
35393,W01001534,628,44,7.01,-0.17407692820279208
35394,W01001535,564,42,7.45,-0.13632083977708748
35395,W01001504,996,95,9.54,0.043020580245009245
35396,W01001505,1099,61,5.55,-0.29935849434263007
35397,W01001508,517,36,6.96,-0.17836739279662214
35398,W01001509,605,30,4.96,-0.34998597654982483
35399,W01001545,671,39,5.81,-0.27704807845471374
35400,W01001548,902,3,0.33,-0.7472829979384891
35401,W01001557,941,161,17.11,0.6925969197508814
35402,W01001571,642,17,2.65,-0.5482054407847738
35403,W01001579,847,178,21.02,1.0281112509883927
35404,W01001546,693,81,11.69,0.22751055777970217
35405,W01001558,738,150,20.33,0.9689028395935376
35406,W01001580,830,91,10.96,0.16486977470978328
35407,W01001974,633,123,19.43,0.8916744769045966
35408,W01001975,626,117,18.69,0.8281756009159117
35409,W01001561,691,1,0.14,-0.7635867633950433
35410,W01001562,596,7,1.17,-0.6752031927621439
35411,W01001563,516,64,12.4,0.28843515501208916
35412,W01001569,604,25,4.14,-0.42034959588863796
35413,W01001976,695,43,6.19,-0.24444054754160513
35414,W01001977,604,56,9.27,0.01985207143832692
35415,W01001552,633,10,1.58,-0.6400213830927374
35416,W01001554,765,190,24.84,1.3559027459570099
35417,W01001576,498,35,7.03,-0.17236074236526003
35418,W01001577,620,181,29.19,1.7291731656202256
35419,W01001599,1004,78,7.77,-0.10886186637657509
35420,W01001978,687,82,11.94,0.24896288074885248
35421,W01001979,809,30,3.71,-0.4572475913955765
35422,W01001568,727,1,0.14,-0.7635867633950433
35423,W01001575,515,1,0.19,-0.7592962988012133
35424,W01001581,861,9,1.05,-0.6855003077873361
35425,W01001980,925,1,0.11,-0.7661610421513414
35426,W01001555,495,3,0.61,-0.7232563962130407
35427,W01001556,593,28,4.72,-0.3705802066002092
35428,W01001560,544,0,0.0,-0.7756000642577675
35429,W01001565,754,5,0.66,-0.7189659316192106
35430,W01001596,489,115,23.52,1.2426344806798961
35431,W01001597,678,40,5.9,-0.26932524218581955
35432,W01001549,606,3,0.5,-0.7326954183194668
35433,W01001583,666,8,1.2,-0.6726289140058459
35434,W01001585,539,11,2.04,-0.6005491088295007
35435,W01001586,1007,35,3.48,-0.4769837285271948
35436,W01001594,566,8,1.41,-0.6546089627117596
35437,W01001595,543,3,0.55,-0.7284049537256366
35438,W01001559,559,33,5.9,-0.26932524218581955
35439,W01001584,789,36,4.56,-0.3843096933004654
35440,W01001587,1051,242,23.03,1.2005879276603615
35441,W01001592,683,77,11.27,0.1914706551915296
35442,W01001593,756,30,3.97,-0.4349371755076601
35443,W01001542,884,99,11.2,0.18546400476016747
35444,W01001543,712,16,2.25,-0.5825291575354145
35445,W01001578,1083,26,2.4,-0.5696577637539242
35446,W01001590,885,18,2.03,-0.6014072017482668
35447,W01001551,465,13,2.8,-0.5353340470032837
35448,W01001588,739,3,0.41,-0.7404182545883609
35449,W01001589,665,63,9.47,0.037013929813647276
35450,W01001598,716,155,21.65,1.0821711048706515
35451,W01001908,933,137,14.68,0.48408034049074017
35452,W01001572,708,63,8.9,-0.011897366556015511
35453,W01001573,573,5,0.87,-0.7009459803251243
35454,W01001574,603,4,0.66,-0.7189659316192106
35455,W01001582,745,28,3.76,-0.45295712680174643
35456,W01001591,627,11,1.75,-0.6254338034737151
35457,W01001623,644,83,12.89,0.33048170803162386
35458,W01001624,504,2,0.4,-0.7412763475071269
35459,W01001625,567,36,6.35,-0.23071106084134899
35460,W01001626,603,48,7.96,-0.0925581009200208
35461,W01001627,682,33,4.84,-0.360283091575017
35462,W01001628,514,194,37.74,2.4628426111651676
35463,W01001651,619,15,2.42,-0.5679415779163922
35464,W01001652,722,259,35.87,2.3023792353559225
35465,W01001653,604,17,2.81,-0.5344759540845176
35466,W01001654,685,10,1.46,-0.6503184981179295
35467,W01001655,647,15,2.32,-0.5765225071040523
35468,W01001617,579,180,31.09,1.8922108201857681
35469,W01001618,489,80,16.36,0.6282399508434304
35470,W01001619,583,190,32.59,2.0209247580006706
35471,W01001620,689,86,12.48,0.2952998983622173
35472,W01001621,597,122,20.44,0.9783418616999641
35473,W01001622,517,31,6.0,-0.2607443129981594
35474,W01001639,854,15,1.76,-0.6245757105549491
35475,W01001640,484,1,0.21,-0.7575801129636811
35476,W01001641,540,5,0.93,-0.6957974228125282
35477,W01001650,653,9,1.38,-0.6571832414680576
35478,W01002026,755,51,6.75,-0.19638734409070843
35479,W01002027,736,30,4.08,-0.425498153401234
35480,W01001614,766,352,45.95,3.1673368974720644
35481,W01001615,611,26,4.26,-0.41005248086344576
35482,W01001616,631,44,6.97,-0.17750929987785616
35483,W01001678,692,164,23.7,1.2580801532176842
35484,W01001601,651,102,15.67,0.5690315394485755
35485,W01001681,637,153,24.02,1.2855391266181966
35486,W01001682,580,131,22.59,1.1628318392346568
35487,W01001683,463,1,0.22,-0.7567220200449151
35488,W01001684,633,9,1.42,-0.6537508697929936
35489,W01001675,659,69,10.47,0.12282322169024862
35490,W01001676,836,89,10.65,0.13826889422803684
35491,W01001677,646,18,2.79,-0.5361921399220497
35492,W01001679,449,12,2.67,-0.5464892549472419
35493,W01001680,509,4,0.79,-0.7078107236752523
35494,W01001606,518,0,0.0,-0.7756000642577675
35495,W01001608,637,34,5.34,-0.3173784456367163
35496,W01001663,680,69,10.15,0.09536424828973616
35497,W01001665,745,65,8.72,-0.027343039093803728
35498,W01001669,528,14,2.65,-0.5482054407847738
35499,W01001670,858,6,0.7,-0.7155335599441466
35500,W01001673,640,32,5.0,-0.3465536048747608
35501,W01001674,605,4,0.66,-0.7189659316192106
35502,W01002028,778,99,12.72,0.3158941284126016
35503,W01002029,613,30,4.89,-0.35599262698118694
35504,W01001664,550,167,30.36,1.8295700371158494
35505,W01001666,592,84,14.19,0.44203378747120553
35506,W01001667,499,77,15.43,0.5484373093981912
35507,W01001668,479,100,20.88,1.0160979501256684
35508,W01001611,521,31,5.95,-0.26503477759198946
35509,W01001612,676,78,11.54,0.21463916399821192
35510,W01001613,596,10,1.68,-0.6314404539050772
35511,W01001691,706,91,12.89,0.33048170803162386
35512,W01001692,832,66,7.93,-0.09513237967631887
35513,W01001600,768,75,9.77,0.0627567173766276
35514,W01001602,686,17,2.48,-0.5627930204037961
35515,W01001603,607,85,14.0,0.4257300220146513
35516,W01001604,617,2,0.32,-0.748141090857255
35517,W01001642,790,95,12.03,0.2566857170177466
35518,W01001643,732,86,11.75,0.23265911529229827
35519,W01001690,847,80,9.45,0.03529774397611513
35520,W01001693,949,302,31.82,1.9548516032556873
35521,W01002030,596,20,3.36,-0.48728084355238704
35522,W01002031,705,303,42.98,2.912483300598558
35523,W01001605,661,143,21.63,1.0804549190331194
35524,W01001685,856,177,20.68,0.9989360917503483
35525,W01001686,538,55,10.22,0.10137089872109828
35526,W01001687,1088,406,37.32,2.4268027085769948
35527,W01001607,501,30,5.99,-0.2616024059169254
35528,W01001609,710,143,20.14,0.9525990741369835
35529,W01001610,513,9,1.75,-0.6254338034737151
35530,W01001645,509,0,0.0,-0.7756000642577675
35531,W01001646,603,81,13.43,0.37681872564498853
35532,W01001648,646,45,6.97,-0.17750929987785616
35533,W01002032,572,38,6.64,-0.2058263661971346
35534,W01002033,651,245,37.63,2.4534035890587416
35535,W01001635,594,85,14.31,0.45233090249639774
35536,W01001637,903,120,13.29,0.36480542478226424
35537,W01001638,472,5,1.06,-0.68464221486857
35538,W01001671,1049,274,26.12,1.4657386395590595
35539,W01001629,624,118,18.91,0.8470536451287639
35540,W01001630,815,328,40.25,2.6782239337754365
35541,W01001631,599,44,7.35,-0.14490176896474766
35542,W01001632,571,96,16.81,0.6668541321879009
35543,W01001659,675,199,29.48,1.7540578602644399
35544,W01001660,1010,49,4.85,-0.359424998656251
35545,W01001661,1108,498,44.95,3.081527605595463
35546,W01001662,627,276,44.02,3.001724964150224
35547,W01001633,700,58,8.29,-0.06424103460074243
35548,W01001634,628,37,5.89,-0.2701833351045856
35549,W01001689,782,272,34.78,2.208847107210427
35550,W01002034,741,36,4.86,-0.35856690573748495
35551,W01002035,605,42,6.94,-0.18008357863415414
35552,W01001636,736,3,0.41,-0.7404182545883609
35553,W01001657,534,20,3.75,-0.4538152197205124
35554,W01001658,776,14,1.8,-0.621143338879885
35555,W01001912,665,3,0.45,-0.7369858829132969
35556,W01001913,613,131,21.37,1.0581445031452033
35557,W01000461,694,20,2.88,-0.5284693036531556
35558,W01000470,874,22,2.52,-0.5593606487287321
35559,W01000475,1030,8,0.78,-0.7086688165940185
35560,W01001906,883,3,0.34,-0.746424905019723
35561,W01001907,575,2,0.35,-0.745566812100957
35562,W01000444,1020,22,2.16,-0.5902519938043086
35563,W01000457,894,6,0.67,-0.7181078387004446
35564,W01000458,821,11,1.34,-0.6606156131431217
35565,W01000498,700,161,23.0,1.1980136489040634
35566,W01000499,552,87,15.76,0.5767543757174697
35567,W01000500,731,14,1.92,-0.6108462238546929
35568,W01000501,1063,115,10.82,0.15285647384705905
35569,W01000442,903,2,0.22,-0.7567220200449151
35570,W01000452,876,4,0.46,-0.7361277899945308
35571,W01000473,1031,101,9.8,0.06533099613292573
35572,W01000428,608,7,1.15,-0.6769193785996759
35573,W01000441,662,0,0.0,-0.7756000642577675
35574,W01000476,618,4,0.65,-0.7198240245379766
35575,W01000497,581,1,0.17,-0.7610124846387453
35576,W01000433,1036,13,1.25,-0.6683384494120158
35577,W01000460,723,11,1.52,-0.6451699406053335
35578,W01000488,925,2,0.22,-0.7567220200449151
35579,W01000434,738,19,2.57,-0.5550701841349021
35580,W01000439,862,1,0.12,-0.7653029492325754
35581,W01000447,879,2,0.23,-0.7558639271261491
35582,W01000480,1008,202,20.04,0.9440181449493233
35583,W01000481,1102,162,14.7,0.4857965263282722
35584,W01000482,894,87,9.73,0.059324345701563606
35585,W01000478,770,98,12.73,0.31675222133136766
35586,W01000479,598,25,4.18,-0.4169172242135739
35587,W01000483,779,86,11.04,0.17173451805991125
35588,W01000429,999,3,0.3,-0.749857276694787
35589,W01000453,586,5,0.85,-0.7026621661626563
35590,W01000466,610,91,14.92,0.5046745705411245
35591,W01000467,808,125,15.47,0.5518696810732553
35592,W01000427,598,1,0.17,-0.7610124846387453
35593,W01000448,624,22,3.53,-0.4726932639333648
35594,W01000449,757,69,9.11,0.006122584738070692
35595,W01000464,536,0,0.0,-0.7756000642577675
35596,W01000484,727,5,0.69,-0.7163916528629126
35597,W01000485,759,12,1.58,-0.6400213830927374
35598,W01000486,516,57,11.05,0.1725926109786774
35599,W01000438,627,24,3.83,-0.4469504763703843
35600,W01000451,499,8,1.6,-0.6383051972552054
35601,W01000472,541,5,0.92,-0.6966555157312943
35602,W01000477,658,0,0.0,-0.7756000642577675
35603,W01000487,988,72,7.29,-0.1500503264773437
35604,W01000454,720,259,35.97,2.310960164543583
35605,W01000455,969,28,2.89,-0.5276112107343895
35606,W01000456,1110,186,16.76,0.6625636675940711
35607,W01000431,607,47,7.74,-0.11143614513287307
35608,W01000432,555,26,4.68,-0.37401257827527323
35609,W01000450,607,1,0.16,-0.7618705775575112
35610,W01000459,534,0,0.0,-0.7756000642577675
35611,W01000471,846,15,1.77,-0.6237176176361832
35612,W01000430,628,10,1.59,-0.6391632901739713
35613,W01000443,1033,8,0.77,-0.7095269095127845
35614,W01000445,641,16,2.5,-0.5610768345662641
35615,W01000446,897,69,7.69,-0.11572660972670314
35616,W01000494,757,40,5.28,-0.3225270031493124
35617,W01000489,807,80,9.91,0.07477001823935182
35618,W01000492,846,208,24.59,1.3344504229878595
35619,W01000493,621,26,4.19,-0.4160591312948078
35620,W01001901,858,12,1.4,-0.6554670556305255
35621,W01001902,587,50,8.52,-0.04450489746912409
35622,W01000465,450,0,0.0,-0.7756000642577675
35623,W01001903,967,97,10.03,0.08506713326454392
35624,W01001904,740,4,0.54,-0.7292630466444027
35625,W01001905,918,5,0.54,-0.7292630466444027
35626,W01000440,566,8,1.41,-0.6546089627117596
35627,W01000474,771,6,0.78,-0.7086688165940185
35628,W01000503,447,0,0.0,-0.7756000642577675
35629,W01001897,826,1,0.12,-0.7653029492325754
35630,W01000426,641,8,1.25,-0.6683384494120158
35631,W01000496,901,1,0.11,-0.7661610421513414
35632,W01000502,960,61,6.35,-0.23071106084134899
35633,W01000504,535,59,11.03,0.17087642514114526
35634,W01000505,659,50,7.59,-0.12430753891436332
35635,W01001899,936,17,1.82,-0.619427153042353
35636,W01001295,711,9,1.27,-0.6666222635744838
35637,W01001296,656,4,0.61,-0.7232563962130407
35638,W01001297,829,13,1.57,-0.6408794760115033
35639,W01001298,849,85,10.01,0.08335094742701193
35640,W01001310,672,15,2.23,-0.5842453433729464
35641,W01001311,518,12,2.32,-0.5765225071040523
35642,W01001291,796,5,0.63,-0.7215402103755085
35643,W01001294,697,3,0.43,-0.7387020687508289
35644,W01001305,509,29,5.7,-0.2864871005611398
35645,W01001306,654,11,1.68,-0.6314404539050772
35646,W01001324,870,63,7.24,-0.15434079107117374
35647,W01001292,759,58,7.64,-0.12001707432053325
35648,W01001293,794,20,2.52,-0.5593606487287321
35649,W01001307,811,204,25.15,1.3825036264387562
35650,W01001315,897,250,27.87,1.6159049003431118
35651,W01001314,932,28,3.0,-0.5181721886279634
35652,W01001317,749,11,1.47,-0.6494604051991635
35653,W01001318,672,10,1.49,-0.6477442193616314
35654,W01001959,609,14,2.3,-0.5782386929415844
35655,W01001960,690,121,17.54,0.72949491525782
35656,W01001289,619,26,4.2,-0.41520103837604183
35657,W01001302,621,15,2.42,-0.5679415779163922
35658,W01001312,659,54,8.19,-0.07282196378840254
35659,W01001313,692,15,2.17,-0.5893939008855426
35660,W01001961,1014,46,4.54,-0.3860258791379974
35661,W01001290,977,53,5.42,-0.3105137022865882
35662,W01001319,676,2,0.3,-0.749857276694787
35663,W01001320,666,51,7.66,-0.11830088848300119
35664,W01001321,653,11,1.68,-0.6314404539050772
35665,W01001322,732,35,4.78,-0.36543164908761305
35666,W01001299,695,76,10.94,0.16315358887225115
35667,W01001300,693,33,4.76,-0.36714783492514513
35668,W01001301,771,12,1.56,-0.6417375689302693
35669,W01001308,486,4,0.82,-0.7052364449189543
35670,W01001309,518,12,2.32,-0.5765225071040523
35671,W01001898,644,8,1.24,-0.6691965423307817
