,lad_code,supported_people,usual_resident_population_2021,asylum_support_perc,z_asylum_support_perc
0,E06000001,1300,92300,0.014084507042253521,2.09337222362628
1,E06000002,1928,143900,0.01339819318971508,1.9427399313068983
2,E06000003,739,136500,0.005413919413919414,0.19035003431547418
3,E06000004,2381,196600,0.01211088504577823,1.660201299855109
4,E06000005,610,107800,0.005658627087198516,0.24405852007288328
5,E06000006,2545,128200,0.01985179407176287,3.359177456182287
6,E06000007,826,210900,0.003916548127074443,-0.13829329490837688
7,E06000008,2232,154800,0.01441860465116279,2.1667000291226852
8,E06000009,1257,141100,0.008908575478384124,0.9573577989280405
9,E06000010,2726,267100,0.01020591538749532,1.242098204070733
10,E06000011,144,342200,0.00042080654587960256,-0.9055393089352683
11,E06000012,559,156900,0.003562778840025494,-0.215938643990693
12,E06000013,86,169700,0.0005067766647024161,-0.8866705712267801
13,E06000014,832,202800,0.0041025641025641026,-0.09746647392494939
14,E06000015,3636,261400,0.013909716908951798,2.0550092525793358
15,E06000016,4700,368600,0.012750949538795442,1.800682774123509
16,E06000018,4237,323700,0.013089280197713932,1.8749396502251967
17,E06000020,926,185600,0.004989224137931034,0.09713783595647496
18,E06000021,3633,258400,0.014059597523219815,2.087905077744345
19,E06000022,17,193400,8.790072388831437e-05,-0.978605540816705
20,E06000023,3150,472400,0.006668077900084674,0.4656129726987516
21,E06000024,286,216700,0.0013197969543147208,-0.708228726473822
22,E06000025,396,290400,0.0013636363636363637,-0.6986068447419843
23,E06000026,1220,264700,0.00460899131091802,0.013684264188679171
24,E06000027,120,139300,0.0008614501076812635,-0.8088267778323885
25,E06000030,1693,233400,0.007253641816623821,0.594132650280032
26,E06000031,1224,215700,0.005674547983310153,0.24755284131994032
27,E06000032,2354,225300,0.010448291167332445,1.2952948854207118
28,E06000033,606,180700,0.0033536247924737133,-0.2618438133444429
29,E06000034,599,176000,0.003403409090909091,-0.2509171462414893
30,E06000035,390,279800,0.0013938527519656897,-0.691974946197573
31,E06000036,17,124600,0.0001364365971107544,-0.9679528783122576
32,E06000037,123,161400,0.0007620817843866171,-0.83063615595647
33,E06000038,1856,174200,0.010654420206659012,1.3405361254051746
34,E06000039,1151,158500,0.007261829652996846,0.5959297181338178
35,E06000040,1060,153500,0.006905537459283388,0.5177306410263754
36,E06000041,212,177500,0.0011943661971830985,-0.7357582924358228
37,E06000042,401,287000,0.001397212543554007,-0.691237538513331
38,E06000043,409,277200,0.0014754689754689755,-0.674061802245605
39,E06000044,2119,208100,0.010182604517059107,1.2369819298810463
40,E06000045,918,249000,0.003686746987951807,-0.18873009176977917
41,E06000047,911,522100,0.00174487646044819,-0.6149321972109382
42,E06000049,1108,398800,0.002778335005015045,-0.38810852315951305
43,E06000050,1909,357200,0.00534434490481523,0.1750798080850165
44,E06000051,73,323600,0.00022558714462299134,-0.9483860995220188
45,E06000054,213,510400,0.00041731974921630096,-0.9063045917170482
46,E06000055,549,185300,0.0029627630868861304,-0.34763021336355543
47,E06000056,539,294200,0.001832087015635622,-0.5957912082978623
48,E06000057,1866,320600,0.005820336868371803,0.27955061299582695
49,E06000058,1573,400300,0.00392955283537347,-0.135439019106159
50,E06000059,886,379600,0.002334035827186512,-0.4856233895495659
51,E06000060,297,553100,0.0005369734225275719,-0.8800429811890842
52,E06000061,389,359500,0.001082058414464534,-0.7604076255268474
53,E06000062,82,425700,0.00019262391355414612,-0.9556208756230529
54,E07000011,47,180800,0.00025995575221238936,-0.9408428711202195
55,E07000012,478,162000,0.0029506172839506174,-0.35029597645644495
56,E07000032,14,126200,0.0001109350237717908,-0.9735499683834999
57,E07000033,111,80300,0.0013823163138231632,-0.6945069657920808
58,E07000034,177,103600,0.0017084942084942085,-0.6229173806533234
59,E07000036,557,112900,0.0049335695305580156,0.08492275235336001
60,E07000037,17,90900,0.00018701870187018703,-0.9568511085285483
61,E07000038,14,102000,0.0001372549019607843,-0.9677732766111988
62,E07000040,464,150800,0.003076923076923077,-0.32257435746494545
63,E07000041,23,130800,0.00017584097859327217,-0.9593043973174686
64,E07000043,1,98600,1.0141987829614604e-05,-0.995672042705101
65,E07000044,76,88600,0.0008577878103837471,-0.8096305795260882
66,E07000045,31,134800,0.00022997032640949554,-0.9474240779662662
67,E07000046,12,68100,0.0001762114537444934,-0.9592230853622031
68,E07000061,153,101700,0.001504424778761062,-0.6677065771402049
69,E07000062,210,91100,0.002305159165751921,-0.49196124458532664
70,E07000063,13,99900,0.00013013013013013012,-0.9693370228610153
71,E07000065,55,160100,0.00034353529044347283,-0.9224988184857313
72,E07000066,759,187600,0.004045842217484008,-0.10991580383820883
73,E07000067,1675,155200,0.010792525773195876,1.370847560898675
74,E07000068,45,77000,0.0005844155844155844,-0.8696303666522411
75,E07000069,10,89600,0.00011160714285714285,-0.9734024515613292
76,E07000070,1105,181500,0.006088154269972452,0.33833122623409256
77,E07000071,685,192700,0.003554748313440581,-0.21770118546285336
78,E07000072,547,135000,0.004051851851851852,-0.10859680816664924
79,E07000073,242,93300,0.0025937834941050374,-0.42861392318394687
80,E07000075,413,85600,0.004824766355140187,0.061042611126140074
81,E07000076,361,148100,0.002437542201215395,-0.4629057912787884
82,E07000077,285,91300,0.00312157721796276,-0.3127736582637244
83,E07000078,169,118800,0.0014225589225589225,-0.6856745105234618
84,E07000080,10,87000,0.00011494252873563218,-0.9726704004468306
85,E07000081,1180,132500,0.008905660377358491,0.9567179920114096
86,E07000082,13,121100,0.00010734929810074319,-0.9743369641223453
87,E07000083,4,94900,4.214963119072708e-05,-0.988646999172331
88,E07000084,5,185200,2.6997840172786177e-05,-0.9919725170900228
89,E07000085,17,125700,0.0001352426412092283,-0.9682149279761395
90,E07000086,17,136400,0.000124633431085044,-0.9705434393922985
91,E07000087,78,114500,0.0006812227074235808,-0.8483831212446131
92,E07000088,47,81900,0.0005738705738705739,-0.8719447875327929
93,E07000090,50,124200,0.00040257648953301127,-0.9095404451012395
94,E07000092,476,99800,0.004769539078156313,0.04892131807651101
95,E07000093,8,130500,6.130268199233716e-05,-0.9844432840112788
96,E07000094,29,127500,0.00022745098039215686,-0.9479770244998874
97,E07000095,714,99000,0.007212121212121212,0.5850197002622205
98,E07000096,1524,155100,0.009825918762088975,1.158696473875609
99,E07000098,16,107800,0.0001484230055658627,-0.9653220991496466
100,E07000099,519,133200,0.0038963963963963965,-0.1427162005149148
101,E07000102,9,93800,9.594882729211087e-05,-0.9768391415810588
102,E07000103,13,102300,0.0001270772238514174,-0.9700070753002861
103,E07000105,434,132700,0.0032705350414468726,-0.2800803673920223
104,E07000106,287,157400,0.0018233799237611181,-0.5977022424459286
105,E07000107,5,116800,4.280821917808219e-05,-0.9885024521580718
106,E07000108,88,116400,0.0007560137457044674,-0.8319679702178231
107,E07000109,258,106900,0.002413470533208606,-0.4681890454611169
108,E07000110,40,175800,0.00022753128555176336,-0.947959399108484
109,E07000112,684,109800,0.006229508196721312,0.3693556124325835
110,E07000113,66,151700,0.0004350692155570204,-0.9024089355351725
111,E07000114,231,140600,0.001642958748221906,-0.6373011156930729
112,E07000115,21,132200,0.0001588502269288956,-0.9630335306607173
113,E07000117,1353,94700,0.014287222808870115,2.137864317879948
114,E07000118,466,117800,0.003955857385398981,-0.12966569156203717
115,E07000119,185,81400,0.0022727272727272726,-0.4990794025133515
116,E07000120,1257,82200,0.015291970802919708,2.3583865949507197
117,E07000121,658,142900,0.004604618614415675,0.012724543945048626
118,E07000122,1499,95800,0.015647181628392483,2.436348333155074
119,E07000123,1263,147900,0.008539553752535498,0.8763648417341311
120,E07000124,49,61500,0.0007967479674796748,-0.823027615627644
121,E07000125,693,70800,0.009788135593220339,1.1504038169275923
122,E07000126,978,111000,0.008810810810810811,0.9359003914606814
123,E07000127,920,117400,0.007836456558773424,0.7220489385537074
124,E07000128,748,111900,0.0066845397676496875,0.4692260264612606
125,E07000129,38,102900,0.00036929057337220603,-0.9168460441864219
126,E07000130,520,183900,0.0028276237085372484,-0.37729062932050733
127,E07000133,48,51800,0.0009266409266409266,-0.7945186847321959
128,E07000134,233,104700,0.0022254059216809934,-0.5094655014641255
129,E07000135,141,57700,0.0024436741767764297,-0.4615599441393365
130,E07000136,63,70500,0.0008936170212765957,-0.8017667776389158
131,E07000137,161,142300,0.0011314125087842587,-0.7495753797034095
132,E07000140,43,95100,0.00045215562565720295,-0.8986588070605978
133,E07000141,6,143400,4.184100418410042e-05,-0.9887147366852895
134,E07000142,37,95200,0.00038865546218487393,-0.9125958347792051
135,E07000148,950,144000,0.006597222222222222,0.4500615553103535
136,E07000149,154,141900,0.0010852713178294573,-0.7597024568972635
137,E07000170,155,126300,0.001227236737925574,-0.7285438600249028
138,E07000171,82,117800,0.0006960950764006792,-0.8451189309285442
139,E07000172,171,110900,0.0015419296663660956,-0.6594749974158097
140,E07000173,54,117300,0.00046035805626598467,-0.8968585360612269
141,E07000174,127,110500,0.0011493212669683257,-0.7456447621180556
142,E07000175,33,122900,0.00026851098454027663,-0.9389651671337589
143,E07000177,443,161000,0.0027515527950310557,-0.39398668760038213
144,E07000178,723,162100,0.0044602097470697105,-0.018970341185293046
145,E07000179,63,149100,0.00042253521126760566,-0.9051599011335972
146,E07000180,206,138900,0.0014830813534917207,-0.6723910360978335
147,E07000181,467,114200,0.004089316987740806,-0.10037395315631094
148,E07000192,79,100500,0.0007860696517412936,-0.8253712943568918
149,E07000193,39,124000,0.00031451612903225806,-0.9288679494429308
150,E07000194,10,106400,9.398496240601504e-05,-0.9772701710124245
151,E07000195,151,123300,0.001224655312246553,-0.729110431814245
152,E07000196,10,110500,9.049773755656108e-05,-0.9780355477725811
153,E07000198,9,95800,9.394572025052193e-05,-0.9772787838880289
154,E07000199,354,78600,0.00450381679389313,-0.009399458417889816
155,E07000202,190,139700,0.0013600572655690765,-0.6993923858531207
156,E07000210,1,87400,1.1441647597254004e-05,-0.9953867931369761
157,E07000211,951,150900,0.0063021868787276345,0.3853071431103802
158,E07000212,18,88100,0.0002043132803632236,-0.9530552912162966
159,E07000213,311,103000,0.003019417475728155,-0.3351956975372123
160,E07000214,346,90500,0.0038232044198895027,-0.15878038916540138
161,E07000215,37,87900,0.0004209328782707622,-0.9055115814785019
162,E07000216,10,128200,7.800312012480499e-05,-0.9807778687361429
163,E07000217,59,103900,0.0005678537054860443,-0.8732653709276835
164,E07000218,54,65000,0.0008307692307692307,-0.8155606224175368
165,E07000219,206,134200,0.0015350223546944858,-0.6609910154693732
166,E07000220,1014,114400,0.008863636363636363,0.9474945536442368
167,E07000221,255,134700,0.0018930957683741649,-0.5824009958716336
168,E07000222,233,148500,0.001569023569023569,-0.6535284226088488
169,E07000225,507,124100,0.0040854149879129735,-0.10123036480605727
170,E07000226,1163,118500,0.00981434599156118,1.1561564800424082
171,E07000227,382,146800,0.0026021798365122614,-0.4267710923868987
172,E07000228,1133,152600,0.007424639580602884,0.6316632714009456
173,E07000229,40,111400,0.0003590664272890485,-0.9190900416750607
174,E07000236,17,87000,0.00019540229885057472,-0.9550110751001586
175,E07000237,259,103900,0.002492781520692974,-0.4507818551403956
176,E07000238,252,132500,0.0019018867924528301,-0.5804715402677485
177,E07000239,37,101600,0.0003641732283464567,-0.91796920002681
178,E07000240,182,148200,0.0012280701754385965,-0.728360937004149
179,E07000241,668,119900,0.0055713094245204335,0.2248940231877889
180,E07000243,1074,89500,0.012,1.6358642293330203
181,E07000244,25,245900,0.00010166734444896299,-0.9755840403692467
182,E07000245,12,179800,6.674082313681869e-05,-0.9832497197789385
183,E08000001,3116,296000,0.010527027027027028,1.3125758465868977
184,E08000002,1341,193800,0.006919504643962848,0.5207961613240258
185,E08000003,5210,552000,0.00943840579710145,1.0736450560677748
186,E08000004,2393,242100,0.009884345311854606,1.1715199439118873
187,E08000005,2461,223800,0.010996425379803396,1.4155994845742803
188,E08000006,2330,269900,0.008632826972952945,0.896836465542284
189,E08000007,1974,294800,0.00669606512890095,0.47175561489760853
190,E08000008,1550,231100,0.006707053223712679,0.4741672839956335
191,E08000009,463,235100,0.0019693747341556784,-0.5656592742395796
192,E08000010,3760,329300,0.011418159732766475,1.5081618189956179
193,E08000011,935,154500,0.006051779935275081,0.33034778047266444
194,E08000012,7119,486100,0.01464513474593705,2.216418896560615
195,E08000013,1848,183200,0.010087336244541485,1.2160724316659666
196,E08000014,1150,279300,0.004117436448263516,-0.09420228871787101
197,E08000015,2278,320200,0.007114303560274828,0.5635506637967286
198,E08000016,841,244600,0.003438266557645135,-0.24326662294303553
199,E08000017,2047,308100,0.006643946770529049,0.4603166678845978
200,E08000018,1805,265800,0.006790820165537999,0.49255246800592634
201,E08000019,3707,556500,0.006661275831087152,0.46412005332691947
202,E08000021,4139,300200,0.013787475016655563,2.0281795792659745
203,E08000022,1173,209000,0.00561244019138756,0.23392141156867885
204,E08000023,1911,147800,0.012929634641407306,1.8399006137608658
205,E08000024,2155,274200,0.007859226841721372,0.7270465645006764
206,E08000025,7237,1144900,0.0063210760765132325,0.38945294776228245
207,E08000026,5961,345300,0.0172632493483927,2.791043177658966
208,E08000027,1975,323500,0.006105100463678516,0.34205057998834276
209,E08000028,4602,341900,0.013460076045627377,1.9563219920606802
210,E08000029,736,216200,0.003404255319148936,-0.25073141590962755
211,E08000030,2526,284100,0.008891235480464625,0.9535520129516004
212,E08000031,3677,263700,0.013943875616230565,2.0625064120218215
213,E08000032,4701,546400,0.008603587115666179,0.8904188962131694
214,E08000033,1925,206600,0.009317521781219749,1.0471134097230534
215,E08000034,2592,433300,0.005981998615278098,0.31503216334889517
216,E08000035,4953,812000,0.006099753694581281,0.3408770701099684
217,E08000036,1982,353300,0.005609963204075856,0.23337776193166804
218,E08000037,2153,196100,0.010979092299847016,1.4117952169536754
219,E09000002,1471,218900,0.006719963453631795,0.47700082366541285
220,E09000003,3873,389300,0.00994862573850501,1.1856282239382996
221,E09000004,309,246500,0.0012535496957403651,-0.722768687137622
222,E09000005,3118,339800,0.009175985874043556,1.016049082426441
223,E09000006,480,330000,0.0014545454545454545,-0.6786541005191211
224,E09000007,943,210100,0.004488338886244645,-0.012796552474458314
225,E09000008,3413,390800,0.008733367451381781,0.9189031084937677
226,E09000009,3414,367100,0.009299918278398257,1.0432497896415929
227,E09000010,795,330000,0.002409090909090909,-0.4691502861790566
228,E09000011,615,289100,0.0021272915946039432,-0.5309996522645596
229,E09000012,2010,259200,0.0077546296296296295,0.7040895488884741
230,E09000013,1206,183200,0.00658296943231441,0.44693335032393294
231,E09000014,895,264200,0.003387585162755488,-0.2543901849430371
232,E09000015,827,261300,0.0031649445082280905,-0.3032553973103935
233,E09000016,605,262000,0.0023091603053435115,-0.4910830737217459
234,E09000017,7189,305900,0.023501144164759725,4.160137495020021
235,E09000018,5323,288200,0.018469812630117974,3.055859911697558
236,E09000019,2379,216600,0.01098337950138504,1.4127361727465961
237,E09000020,844,143400,0.005885634588563459,0.2938821687983493
238,E09000021,252,168000,0.0015,-0.6686777284076894
239,E09000022,1505,317600,0.004738664987405542,0.042145066882011424
240,E09000023,602,300600,0.0020026613439787094,-0.5583535229092826
241,E09000024,935,215200,0.004344795539033457,-0.044301473084241726
242,E09000025,3911,351100,0.01113927655938479,1.4469524881036209
243,E09000026,2463,310300,0.00793747985820174,0.7442215511481794
244,E09000027,36,195200,0.00018442622950819672,-0.9574201048459282
245,E09000028,3583,307700,0.011644458888527786,1.5578299998959266
246,E09000029,26,209600,0.00012404580152671757,-0.9706724124373243
247,E09000030,2578,310300,0.008308088946181114,0.8255629028785116
248,E09000031,649,278400,0.0023311781609195404,-0.486250590674657
249,E09000032,136,327500,0.00041526717557251907,-0.906755090963091
250,E09000033,1735,204300,0.008492413117963778,0.8660184064688883
