,ltla24_code,total_pop,care_home_residents,care_home_residents_perc,z_care_home_residents_perc
0,E06000001,102872,751,0.7300334396142779,0.6343383196603876
1,E06000002,143916,1155,0.8025514883682148,0.9503746905669141
2,E06000003,136530,1118,0.8188676481359408,1.0214811255679426
3,E06000004,181349,1252,0.6903815295369702,0.46153381132529586
4,E06000005,119278,892,0.7478327939770956,0.711908572224564
5,E06000006,128488,430,0.3346616026399353,-1.0887069451121942
6,E06000007,210969,1496,0.7091089212159132,0.5431484852506878
7,E06000008,154745,856,0.5531681152864389,-0.13644738403991466
8,E06000009,141033,1406,0.9969297965724334,1.797482633532308
9,E06000010,258465,1613,0.6240690228851101,0.17254142518044613
10,E06000011,342195,3320,0.9702070456903227,1.6810238849237007
11,E06000012,167108,1257,0.7522081528113556,0.7309765497991574
12,E06000013,169683,1528,0.9005027020974405,1.3772497464293834
13,E06000014,202821,1071,0.5280518289526233,-0.2459051000151722
14,E06000015,261366,1429,0.5467428816295922,-0.16444879282059546
15,E06000016,361780,2109,0.5829509646746641,-0.006652611598531679
16,E06000017,41054,255,0.6211331417157889,0.15974674515101814
17,E06000018,340553,1372,0.4028741488109046,-0.7914341156223258
18,E06000019,187038,1510,0.807322576160994,0.9711672697553403
19,E06000020,176975,767,0.4333945472524368,-0.658425076799292
20,E06000021,269365,1689,0.627030237781449,0.1854465105404885
21,E06000022,193422,1069,0.5526775651166879,-0.13858522004156654
22,E06000023,457231,2034,0.4448517270263827,-0.6084942584885615
23,E06000024,216723,2014,0.9292968443589282,1.50273569620396
24,E06000025,275619,1294,0.4694886782115892,-0.5011255030330279
25,E06000026,259348,1966,0.7580548143806777,0.7564565197657639
26,E06000027,139322,1587,1.139087868391209,2.4170128316643447
27,E06000030,233403,871,0.3731742951033192,-0.9208671897808537
28,E06000031,215686,855,0.3964095954303942,-0.8196068812305167
29,E06000032,218877,652,0.2978841998017151,-1.2489842433031155
30,E06000033,180687,1345,0.7443811674331856,0.696866254547715
31,E06000034,169315,487,0.2876295661931902,-1.2936743204122072
32,E06000035,279775,1235,0.4414261460101867,-0.623423068780718
33,E06000036,124611,264,0.2118593061607723,-1.6238839498044928
34,E06000037,161437,585,0.3623704603034001,-0.9679507062392955
35,E06000038,165980,608,0.3663091938787806,-0.950785557886302
36,E06000039,150417,382,0.2539606560428675,-1.4404046911146904
37,E06000040,153495,859,0.5596273494250628,-0.10829779988697102
38,E06000041,177500,917,0.5166197183098592,-0.2957266661138449
39,E06000042,259478,1136,0.43780204872860123,-0.6392170203881418
40,E06000043,277096,1369,0.49405260270808676,-0.39407500062036366
41,E06000044,202677,699,0.3448837312571234,-1.0441585259720487
42,E06000045,243626,966,0.3965094037582196,-0.8191719128019093
43,E06000046,140468,1346,0.9582253609362986,1.6288072542769438
44,E06000047,534217,3772,0.7060801135119249,0.5299488279048299
45,E06000049,391368,2820,0.7205494572882811,0.5930067696869481
46,E06000050,357161,2077,0.5815304582527208,-0.012843231756606772
47,E06000051,323598,2318,0.7163208672488706,0.5745784160140391
48,E06000052,570304,4048,0.7097968802603524,0.5461466365174795
49,E06000053,2055,0,0.0,-2.5471747361991053
50,E06000054,494528,3164,0.6398019930115181,0.24110629789512789
51,E06000055,176698,1009,0.5710307983112429,-0.058601142796334604
52,E06000056,294239,1014,0.34461781069130876,-1.0453174177515923
53,E06000057,347547,2398,0.6899786215965035,0.4597779234394182
54,E06000058,400197,2973,0.7428841295661887,0.6903421074874333
55,E06000059,373812,2441,0.6530020438081174,0.2986326133603188
56,E06000060,553078,2762,0.49938706656204007,-0.3708272074695044
57,E06000061,353113,2103,0.5955600615100549,0.04829830438360227
58,E06000062,418080,1962,0.4692881745120552,-0.5019993056606892
59,E07000008,134536,559,0.4155021704227864,-0.7364007247558672
60,E07000009,87766,532,0.6061572818631361,0.09448138734889985
61,E07000010,102461,732,0.7144181688642508,0.5662863852336012
62,E07000011,180839,895,0.49491536670740277,-0.3903150428170612
63,E07000012,174001,789,0.4534456698524721,-0.5710415339709561
70,E07000032,126200,895,0.7091917591125197,0.5435094959048202
71,E07000033,80279,403,0.5019992775196502,-0.35944309433807436
72,E07000034,103564,735,0.7097060754702406,0.5457509058432409
73,E07000035,82595,445,0.538773533506871,-0.19917951024159916
74,E07000036,112910,541,0.47914268001062793,-0.45905300183204034
75,E07000037,90929,485,0.5333831890815911,-0.22267083301397578
76,E07000038,102005,547,0.5362482231263174,-0.21018490740542467
77,E07000039,107214,577,0.5381759844796389,-0.20178365126924783
78,E07000040,144703,1405,0.9709542994962095,1.6842804449803548
79,E07000041,130719,762,0.5829297959745714,-0.006744865585905398
80,E07000042,82850,432,0.5214242607121303,-0.27478829048500725
81,E07000043,98608,768,0.7788414733084537,0.8470455574423938
82,E07000044,88628,639,0.7209911089046351,0.5949315039625644
83,E07000045,134820,1208,0.8960094941403353,1.3576681779661972
84,E07000046,68108,600,0.8809537792917133,1.2920548091025776
85,E07000047,57101,564,0.9877235074692212,1.7573612810181516
86,E07000061,101686,1257,1.2361583698837597,2.840049710633277
87,E07000062,90987,1092,1.2001714530647234,2.6832173801027914
88,E07000063,99908,884,0.884814028906594,1.3088779214179653
89,E07000064,93111,1065,1.143796114315172,2.437531543636224
90,E07000065,160158,1448,0.904107194145781,1.3929582576964783
91,E07000066,187569,592,0.3156171862088085,-1.1717032247742167
92,E07000067,155262,1052,0.6775643750563564,0.4056761723374347
93,E07000068,77040,534,0.6931464174454829,0.4735832963236392
94,E07000069,89593,423,0.47213509984038937,-0.4895922985160056
95,E07000070,174264,705,0.4045586007436992,-0.7840932110481664
96,E07000071,184047,1148,0.6237537150836472,0.1711673019793244
97,E07000072,134979,830,0.6149104675542121,0.13262809823276667
98,E07000073,93329,253,0.2710840146149643,-1.3657804535098024
99,E07000074,66208,372,0.5618656355727405,-0.09854326507367711
100,E07000075,78161,287,0.36719079848006037,-0.9469434920344153
101,E07000076,148301,1516,1.022245298413362,1.9078085381444374
102,E07000077,91343,516,0.5649037145703557,-0.08530320308315748
103,E07000078,118838,896,0.7539675861256501,0.7386442260405358
104,E07000079,90833,459,0.5053229553135975,-0.3449583821028368
105,E07000080,87005,572,0.6574334808344349,0.317944981794972
106,E07000081,132415,877,0.6623116716384095,0.339204319915181
107,E07000082,121100,827,0.6829066886870355,0.4289581751090917
108,E07000083,86665,414,0.47770149425950503,-0.4653337432807318
109,E07000084,185161,818,0.4417776961671194,-0.6218910000378643
110,E07000085,125745,1018,0.8095749333969542,0.9809831268980667
111,E07000086,136447,830,0.6082947957815122,0.1037967530148729
112,E07000087,114513,902,0.7876834944504119,0.8855794165464221
113,E07000088,81945,560,0.6833851973884922,0.4310435339411902
114,E07000089,99415,345,0.3470301262384952,-1.0348044563011118
115,E07000090,124220,800,0.6440186765416197,0.25948276255479363
116,E07000091,175790,1681,0.9562546219921497,1.620218700191239
117,E07000092,99751,365,0.36591111868552695,-0.9525203844789296
118,E07000093,115358,706,0.61200783647428,0.11997832333748701
119,E07000094,127447,803,0.630065831286731,0.19867574066238525
120,E07000095,99000,152,0.15353535353535352,-1.878061918481027
121,E07000096,155073,600,0.3869145499216498,-0.8609866449684784
122,E07000098,107823,666,0.6176789738738488,0.14469335240223008
123,E07000099,125803,698,0.5548357352368386,-0.12917983387507354
124,E07000102,93771,286,0.3049983470369304,-1.2179805233610494
125,E07000103,102241,548,0.5359884977650844,-0.21131680025150737
126,E07000105,123905,653,0.5270166659941085,-0.2504163789357612
127,E07000106,157423,1353,0.8594678033070137,1.198418121515605
128,E07000107,116747,494,0.4231372112345499,-0.7031269311095377
129,E07000108,116415,998,0.8572778422024653,1.1888741890491328
130,E07000109,106899,399,0.3732495158981843,-0.9205393747412277
131,E07000110,175783,1022,0.5813986562978217,-0.0134176296095608
132,E07000111,120521,598,0.4961790891213979,-0.38480769323423647
133,E07000112,109755,1202,1.0951665072206278,2.225601895654132
134,E07000113,151669,766,0.5050471750984051,-0.34616024260342676
135,E07000114,140596,1201,0.8542206037156106,1.175550629287345
136,E07000115,132200,467,0.35325264750378216,-1.0076864757106148
137,E07000116,115307,919,0.7970027838726184,0.9261932286804921
138,E07000117,94651,697,0.7363894729057274,0.6620381506584151
139,E07000118,117730,803,0.682069141255415,0.4253081120516921
140,E07000119,81364,864,1.061894695442702,2.080602094522419
141,E07000120,82238,576,0.700406138281573,0.5052214314673109
142,E07000121,142938,1008,0.7052008563153255,0.5261169921304063
143,E07000122,106525,570,0.5350856606430415,-0.21525139822363815
144,E07000123,147849,1041,0.7040967473571008,0.5213052439623509
145,E07000124,61560,423,0.6871345029239766,0.44738314780579935
146,E07000125,70873,658,0.928421260564672,1.4989198692544479
147,E07000126,111038,601,0.5412561465444263,-0.18836018969677226
148,E07000127,117426,896,0.7630337403982083,0.7781548657172885
149,E07000128,111941,871,0.7780884573123341,0.84376388554502
150,E07000129,102925,338,0.32839446198688366,-1.1160193786647266
151,E07000130,183979,1132,0.6152876143472896,0.13427171807405192
152,E07000131,97621,498,0.5101361387406398,-0.32398234856460256
153,E07000132,113640,611,0.5376627947905668,-0.20402015114352487
154,E07000133,51755,244,0.47145203361994004,-0.49256912667270536
155,E07000134,104707,396,0.3781982102438233,-0.8989727795474142
156,E07000135,50302,395,0.7852570474335017,0.8750048696219279
157,E07000136,70506,405,0.5744191983660966,-0.04383436852543582
158,E07000137,142301,1452,1.0203723094004962,1.89964598191816
159,E07000138,103821,726,0.6992804923859335,0.5003158245198481
160,E07000139,118069,767,0.6496201373772963,0.2838941385460177
161,E07000140,95119,739,0.7769215403862529,0.838678417902069
162,E07000141,143400,929,0.6478382147838215,0.27612845318417134
163,E07000142,95154,926,0.9731592996616013,1.6938899182369127
164,E07000143,141477,1287,0.9096885006043385,1.417281800157815
165,E07000144,131724,1200,0.9109957183201239,1.4229787038939228
166,E07000145,99751,682,0.6837024190233681,0.43242599769996276
167,E07000146,154330,1002,0.6492580833279337,0.28231629344678144
168,E07000147,96793,941,0.9721777401258356,1.689612245039104
169,E07000148,137452,558,0.4059598987282833,-0.7779863019790977
170,E07000149,134409,969,0.7209338660357566,0.5946820373973231
178,E07000170,126306,1014,0.8028122179468908,0.951510959830203
179,E07000171,117807,897,0.7614148565025848,0.7710997091034105
180,E07000172,110956,795,0.7165002343271207,0.5753601044549765
181,E07000173,117263,584,0.49802580524120993,-0.3767596352593135
182,E07000174,110486,637,0.5765436344876274,-0.034575996387632264
183,E07000175,122959,831,0.675835034442375,0.3981396412104268
184,E07000176,119076,883,0.7415432160972824,0.6844983563979526
185,E07000177,161014,817,0.5074092936017985,-0.3358660417487315
186,E07000178,153603,535,0.3483004889227424,-1.0292681681719753
187,E07000179,149076,845,0.5668249751804448,-0.07693027742931789
188,E07000180,138909,749,0.5392019235614682,-0.19731257034851468
189,E07000181,114239,857,0.750181636744019,0.7221449169227967
193,E07000192,100519,441,0.43872302748734066,-0.6352033604842243
194,E07000193,124022,704,0.5676412249439615,-0.0733730304067121
195,E07000194,106434,657,0.6172839506172839,0.14297182626392949
196,E07000195,123303,714,0.5790613367071361,-0.023603755874422677
197,E07000196,122635,743,0.6058629265707179,0.09319857596647256
198,E07000197,136857,878,0.6415455548492222,0.24870480564743688
199,E07000198,95835,693,0.7231178588198466,0.6041999596998363
200,E07000199,78649,249,0.31659652379559816,-1.1674352349132162
201,E07000200,92342,684,0.7407246973208291,0.6809312209320375
202,E07000202,139648,615,0.4403929880843263,-0.6279256096939483
203,E07000203,102694,550,0.5355716984439208,-0.21313322729443282
204,E07000207,138753,1005,0.7243086635964627,0.6093895314895695
205,E07000208,80937,313,0.3867205357253172,-0.8618321660982782
206,E07000209,143648,600,0.4176876809979951,-0.726876187862846
207,E07000210,87390,713,0.8158828241217531,1.0084731507885971
208,E07000211,150846,1353,0.8969412513424287,1.3617288107297016
209,E07000212,88079,470,0.5336118711611167,-0.2216742279515606
210,E07000213,102955,506,0.49147685882181535,-0.40530018888989355
211,E07000214,90452,795,0.8789192057665944,1.2831880615236015
212,E07000215,87875,849,0.9661450924608819,1.663321740706054
213,E07000216,128228,1268,0.9888635867361263,1.7623297891378475
214,E07000217,103937,521,0.501265189489787,-0.36264227745000677
215,E07000218,65033,540,0.830347669644642,1.07151148901373
216,E07000219,134192,642,0.4784189817574818,-0.462206905908138
217,E07000220,106334,649,0.610341000996859,0.11271419193525029
218,E07000221,134724,919,0.6821353285234999,0.42559655864347445
219,E07000222,148454,972,0.6547482721920594,0.3062427420209447
220,E07000223,64545,383,0.5933844604539469,0.038816953545746706
221,E07000224,164892,2013,1.2207990684811878,2.7731133002039376
222,E07000225,124072,1013,0.8164614095041588,1.0109946475422609
223,E07000226,118491,233,0.19663940721236212,-1.6902128391205955
224,E07000227,146775,1025,0.6983478112757622,0.4962511653303577
225,E07000228,152563,1106,0.7249464155791377,0.612168878501883
226,E07000229,111339,1460,1.3113105021600697,3.167565516127187
227,E07000234,99176,976,0.9841090586432202,1.741609377741318
228,E07000235,79488,880,1.107085346215781,2.277544642131338
229,E07000236,87044,244,0.28031800009190755,-1.3255383991622176
230,E07000237,103869,397,0.38221220961018204,-0.8814796200600492
231,E07000238,132504,807,0.6090382177141822,0.10703661362461629
232,E07000239,101598,757,0.7450934073505384,0.6999702227675263
233,E07000240,148176,667,0.45014037360976134,-0.5854461387178617
234,E07000241,119837,612,0.5106936922653271,-0.32155250943412317
235,E07000242,150164,755,0.5027836232385925,-0.35602488633593027
236,E07000243,89493,328,0.36650911244454876,-0.9499143052934945
237,E07000244,246066,2068,0.8404249266456967,1.115428552228049
238,E07000245,179948,1029,0.5718318625380666,-0.0551100749110496
240,E08000001,295973,1398,0.4723403823997459,-0.4886976694383593
241,E08000002,193862,1253,0.6463360534813424,0.2695819780002819
242,E08000003,538547,2133,0.39606571014229025,-0.8211055461881094
243,E08000004,234396,1135,0.4842232802607553,-0.4369115557690715
244,E08000005,223765,1165,0.5206354881237012,-0.2782257909500781
245,E08000006,241404,801,0.33180891783069044,-1.1011390522902706
246,E08000007,294773,1811,0.614371058407656,0.13027733298134914
247,E08000008,231076,1084,0.46910973013207774,-0.5027769729480164
248,E08000009,235048,1195,0.5084067935060073,-0.3315188998285814
249,E08000010,329340,1584,0.48096192384769537,-0.4511246690936385
250,E08000011,154502,769,0.4977281847484175,-0.3780566765071921
251,E08000012,486069,2334,0.48017874005542427,-0.4545378133758574
252,E08000013,175468,940,0.5357102149679713,-0.21252956709778237
253,E08000014,279234,2821,1.0102637930910991,1.855592689468012
254,E08000015,320221,2493,0.7785248312883915,0.8456656196666751
255,E08000016,244582,1470,0.6010254229665306,0.07211655418590707
256,E08000017,308119,1557,0.5053242416079502,-0.3449527763839002
257,E08000018,277333,1484,0.5350967969913425,-0.21520286560089574
258,E08000019,556491,2973,0.534240445937131,-0.21893487554938834
259,E08000021,259534,1710,0.6588732112170275,0.3242193806931322
260,E08000022,208970,1174,0.5618031296358329,-0.09881566828639203
261,E08000023,147775,874,0.5914396887159533,0.03034156551645008
262,E08000024,274177,1773,0.6466625573990524,0.2710048942950925
263,E08000025,1150293,5504,0.47848678554072743,-0.46191141448277734
264,E08000026,345338,1405,0.406847783910256,-0.7741168651214616
265,E08000027,323489,1674,0.5174828201268049,-0.29196523608866726
266,E08000028,333744,1660,0.49738721894625815,-0.37954261823575836
267,E08000029,216227,890,0.41160447122699756,-0.7533870437466347
268,E08000030,284133,1121,0.394533545909838,-0.8277827752638669
269,E08000031,263738,1494,0.5664712707308011,-0.07847173466044398
270,E08000032,531268,2753,0.5181942070668665,-0.28886498517581916
271,E08000033,206624,1103,0.5338198853956946,-0.22076769413105005
272,E08000034,433190,2551,0.5888870934232092,0.01921725968399161
273,E08000035,811956,3721,0.4582760642202287,-0.549990494508863
274,E08000036,353368,2032,0.5750379208077698,-0.04113795296510637
275,E08000037,196167,1416,0.7218339476058665,0.5986046265709863
276,E09000001,8585,0,0.0,-2.5471747361991053
277,E09000002,218866,608,0.27779554613325047,-1.336531347932499
278,E09000003,379226,1823,0.4807159846634988,-0.4521964812641635
279,E09000004,246467,966,0.3919388802557746,-0.8390904253056987
280,E09000005,332292,1011,0.30425047849481784,-1.2212397624611855
281,E09000006,330007,1232,0.3733254143093934,-0.9202086066242104
282,E09000007,221718,72,0.032473682786241985,-2.405653211088069
283,E09000008,383331,2317,0.6044384617993327,0.08699070517336398
284,E09000009,353338,1130,0.3198070968873996,-1.1534434372035736
285,E09000010,329974,1346,0.40791092631540665,-0.7694836507251296
286,E09000011,274338,684,0.24932747195065944,-1.4605962808141277
287,E09000012,245572,239,0.097323799130194,-2.1230339766440918
288,E09000013,183166,326,0.17798062959282837,-1.771528490406776
289,E09000014,264251,433,0.16385936098633494,-1.8330695075697643
290,E09000015,261206,908,0.3476183548616801,-1.0322409339431746
291,E09000016,262059,1352,0.5159143551642951,-0.29880066510479536
292,E09000017,305921,1127,0.36839576230464727,-0.9416922145836356
293,E09000018,282784,654,0.23127192486137826,-1.5392830308698309
294,E09000019,216587,295,0.13620392729018824,-1.953592922793368
295,E09000020,143372,335,0.2336578969394303,-1.5288848752439055
296,E09000021,168062,830,0.4938653592126715,-0.39489101478213023
297,E09000022,317654,925,0.29119734050255935,-1.2781258264259379
298,E09000023,294796,901,0.305635083244006,-1.21520560313682
299,E09000024,215176,737,0.34251031713574004,-1.0545019535527527
300,E09000025,324277,388,0.11965079237812118,-2.0257321043436964
301,E09000026,294274,942,0.3201098296145769,-1.1521241166468887
302,E09000027,195276,768,0.39328949794137524,-0.8332043828766237
303,E09000028,302334,486,0.16074936990216118,-1.846622965125261
304,E09000029,209637,1110,0.5294866841254168,-0.2396519474638013
305,E09000030,296847,196,0.06602728004662335,-2.2594253782762483
306,E09000031,278423,701,0.25177517661974763,-1.4499290922457424
307,E09000032,319783,911,0.28488068471432193,-1.3056540487910202
308,E09000033,204238,68,0.0332944897619444,-2.4020761035641756
0,E06000063,273256,1555,0.5690634423397839,-0.06717495376042845
1,E06000064,226586,1359,0.5997722718967633,0.06665527491692519
2,E06000065,610814,4156,0.6804035270966284,0.4180493032017802
3,E06000066,571560,4728,0.8272097417593953,1.0578362818334497
