,ltla24_code,absolute_low_income,z_absolute_low_income
0,E06000001,18.364682539682537,0.6621333247989306
1,E06000002,30.352354497354497,2.357627731331476
2,E06000003,15.667397186147186,0.2806387155128852
3,E06000004,17.069700460829495,0.4789755874994842
4,E06000005,16.301731601731603,0.370356757288808
5,E06000006,15.756339285714285,0.2932183750876341
6,E06000007,11.004482323232324,-0.37886765871267175
7,E06000008,39.565436944008376,3.660693898839318
8,E06000009,18.77859675785208,0.7206759045565968
9,E06000010,25.87609126984127,1.724520711785548
10,E06000011,10.714878157835905,-0.41982825925896106
11,E06000012,20.303860703159767,0.9364039038617405
12,E06000013,18.37595931576514,0.6637282725785566
13,E06000014,8.257838121474485,-0.7673434109069995
14,E06000015,24.852284356725146,1.5797170417579567
15,E06000016,36.621363095238095,3.244294387688685
16,E06000017,7.910836385836386,-0.8164221230963961
17,E06000018,25.95982309124767,1.7363634478351007
18,E06000019,10.709734093067425,-0.4205558177934784
19,E06000020,21.18994824016563,1.0617290268711463
20,E06000021,27.29633362547473,1.925394824657484
21,E06000022,7.106655232714555,-0.93016269355673
22,E06000023,14.772734541577826,0.15410075927275219
23,E06000024,9.071109385783299,-0.6523171669041539
24,E06000025,9.617412698412698,-0.5750499365274871
25,E06000026,13.187490321331785,-0.07011064039731207
26,E06000027,12.304474097331239,-0.19500136763415957
27,E06000030,13.154271541950113,-0.0748089884028577
28,E06000031,31.04198806244261,2.4551670914585
29,E06000032,35.776736507936505,3.1248333564363224
30,E06000033,12.905783362727808,-0.10995428762763676
31,E06000034,17.353924603174605,0.5191752563967661
32,E06000035,14.623541842772612,0.13299946560931933
33,E06000036,7.550521328265231,-0.8673838249896789
34,E06000037,7.656842231842233,-0.8523461681411426
35,E06000038,12.484476190476192,-0.16954250096104387
36,E06000039,26.361125283446714,1.793122226737728
37,E06000040,6.770759764579989,-0.9776705741037373
38,E06000041,6.154946833102173,-1.0647690019284017
39,E06000042,16.975375310766875,0.4656345680846042
40,E06000043,7.267883597883598,-0.9073591173257712
41,E06000044,14.598819047619047,0.1295027599066001
42,E06000045,15.574381265664162,0.2674828689519929
43,E06000046,12.091287676119137,-0.22515370963935455
44,E06000047,15.768158970658972,0.29489010999842036
45,E06000049,9.495923373075012,-0.5922329619131319
46,E06000050,11.052872515372517,-0.3720235191337417
47,E06000051,11.304230800064134,-0.3364722822267704
48,E06000052,13.471912792894935,-0.02988292050889303
49,E06000053,4.444444444444445,-1.306696478970654
50,E06000054,9.878036295951606,-0.5381882461677666
51,E06000055,17.724501424501426,0.5715883462751662
52,E06000056,10.54839455782313,-0.4433751175311722
53,E06000057,11.946761904761905,-0.24559492940256006
54,E06000058,9.597065145502645,-0.5779278232654155
55,E06000059,8.697607400073768,-0.7051439818049423
56,E06000060,11.297277198849056,-0.33745577526921045
57,E06000061,16.14721254355401,0.34850212197947916
58,E06000062,14.139741142589244,0.06457238619525019
59,E06000063,11.560990045735808,-0.3001571522833596
60,E06000064,8.91734015202325,-0.6740657496696426
61,E06000065,9.113970557440215,-0.6462550326500359
62,E06000066,11.570639602940487,-0.2987923526522204
63,E07000008,9.36996336996337,-0.6100483043313011
64,E07000009,8.50455182072829,-0.7324490879244565
65,E07000010,17.577210884353743,0.5507560872813146
66,E07000011,9.461711711711711,-0.5970717396745253
67,E07000012,7.416161616161617,-0.8863871928779041
68,E07000032,11.681735985533454,-0.28307926874923417
69,E07000033,16.67538095238095,0.42320441497141936
70,E07000034,13.64746376811594,-0.0050536043915080375
71,E07000035,6.937707641196013,-0.9540580501721159
72,E07000036,11.0160469667319,-0.37723199597212403
73,E07000037,9.74911218724778,-0.5564228213168335
74,E07000038,11.30619419642857,-0.3361945863100434
75,E07000039,13.850044802867384,0.023598748834660035
76,E07000040,11.746117424242424,-0.27397338316936415
77,E07000041,9.25469067969068,-0.626352070589955
78,E07000042,11.280456349206348,-0.3398348574282015
79,E07000043,13.25272397094431,-0.06088422108701764
80,E07000044,8.37069970845481,-0.7513806626675417
81,E07000045,10.785963455149501,-0.4097742033582429
82,E07000046,13.50579573934837,-0.025090635034992113
83,E07000047,11.342113095238096,-0.3311143428536496
84,E07000061,10.760760582010583,-0.41333880961260716
85,E07000062,15.372626534890687,0.2389473852712785
86,E07000063,7.428513824884792,-0.8846401396658696
87,E07000064,9.527175697865353,-0.5878127423692321
88,E07000065,8.81974506974507,-0.6878692568637013
89,E07000066,14.126232993197279,0.06266184077679422
90,E07000067,10.515557359307358,-0.4480194960732508
91,E07000068,7.11760085978836,-0.9286145823350386
92,E07000069,9.453947368421053,-0.5981699012413576
93,E07000070,8.105309734513273,-0.7889164926399092
94,E07000071,11.141690408357075,-0.35946142690373634
95,E07000072,8.644963369963369,-0.7125897693527395
96,E07000073,17.576532567049806,0.5506601484535973
97,E07000074,8.620934959349594,-0.7159882637340819
98,E07000075,7.493575920934411,-0.8754379842916717
99,E07000076,11.58338683788122,-0.2969894283131926
100,E07000077,7.395861678004535,-0.8892583451516582
101,E07000078,9.334508348794063,-0.6150629385562209
102,E07000079,6.906143707482992,-0.958522342592492
103,E07000080,12.320857142857143,-0.19268420695865732
104,E07000081,16.380473286875727,0.3814937059135463
105,E07000082,9.66795634920635,-0.5679012192862278
106,E07000083,10.463456632653061,-0.4553884406798896
107,E07000084,8.487018633540373,-0.734928920615138
108,E07000085,7.5838266838266835,-0.8626732319519806
109,E07000086,8.140727835849788,-0.7839070802270486
110,E07000087,6.009001956947162,-1.0854109349122738
111,E07000088,10.832157029478457,-0.4032407457220113
112,E07000089,5.356497175141242,-1.1776989297534777
113,E07000090,12.65379746835443,-0.1455942914535452
114,E07000091,7.33984962406015,-0.8971804942141646
115,E07000092,9.314021164021165,-0.6179605743366042
116,E07000093,11.373118753674309,-0.32672901093640333
117,E07000094,7.217851631393298,-0.91443546372828
118,E07000095,10.92077859879584,-0.3907064208250412
119,E07000096,9.097408234126984,-0.6485975497489289
120,E07000098,8.875220458553793,-0.6800230118415214
121,E07000099,8.145780100658149,-0.7831925055579098
122,E07000102,6.472337662337662,-1.0198783528054003
123,E07000103,13.25236726874658,-0.06093467179864734
124,E07000105,13.842548500881835,0.022538498092809927
125,E07000106,10.58422619047619,-0.4383072166948207
126,E07000107,15.406911869225302,0.2437965830801355
127,E07000108,14.882608695652175,0.16964097544761425
128,E07000109,15.057857142857141,0.19442750306020656
129,E07000110,12.73881673881674,-0.13356946311111886
130,E07000111,8.519444444444446,-0.7303427272984322
131,E07000112,12.613752665245203,-0.15125808838777305
132,E07000113,14.584744268077602,0.1275120723010365
133,E07000114,15.520427279438906,0.25985180579160083
134,E07000115,9.999710012210013,-0.5209791411750221
135,E07000116,8.274344375431331,-0.7650088240618258
136,E07000117,30.483809523809523,2.376220270637863
137,E07000118,11.29562358276644,-0.33768965694603026
138,E07000119,9.799369747899158,-0.5493145676649769
139,E07000120,28.859478885893978,2.1464806247191492
140,E07000121,12.231534090909092,-0.2053177471061597
141,E07000122,36.07978279030911,3.167695163007064
142,E07000123,23.948804962598064,1.4519320752883396
143,E07000124,7.701862026862027,-0.8459787257462537
144,E07000125,17.4593853820598,0.5340912602163383
145,E07000126,10.299336734693878,-0.4786009851983774
146,E07000127,12.875945857795173,-0.11417439999781162
147,E07000128,10.409385783298827,-0.4630360325526298
148,E07000129,11.20404761904762,-0.3506418410570344
149,E07000130,11.845845004668535,-0.25986826289358944
150,E07000131,8.811179792429792,-0.6890806997384922
151,E07000132,10.774626517273575,-0.41137766021155947
152,E07000133,10.446825396825398,-0.4577407045238698
153,E07000134,11.486984126984128,-0.31062429066826286
154,E07000135,11.805489417989417,-0.265576015969281
155,E07000136,22.808363858363858,1.2906320730830398
156,E07000137,14.753822634005562,0.151425925191635
157,E07000138,16.74334656084656,0.43281723298953945
158,E07000139,10.733645983645983,-0.41717380359850226
159,E07000140,15.952707749766573,0.3209920440365048
160,E07000141,12.652404572940286,-0.145791297710632
161,E07000142,13.546286313267446,-0.019363789836066753
162,E07000143,12.712772817460317,-0.13725302428462316
163,E07000144,8.065695611577965,-0.7945193756762207
164,E07000145,17.008988095238095,0.47038864279236803
165,E07000146,13.128006383712906,-0.07852384054722059
166,E07000147,9.863824884792626,-0.5401982584715789
167,E07000148,16.700756302521008,0.426793415769755
168,E07000149,10.293046536796536,-0.479490648795161
169,E07000170,18.42530921459493,0.6707081497160273
170,E07000171,17.154117782378652,0.49091527829236203
171,E07000172,10.281203890006708,-0.4811656313490375
172,E07000173,11.426077097505669,-0.3192387679549182
173,E07000174,16.955672268907563,0.46284783873614543
174,E07000175,14.090449377949376,0.05760073135433433
175,E07000176,6.663647342995169,-0.992820180491739
176,E07000177,9.98830328247804,-0.5225924691444293
177,E07000178,10.712752558288273,-0.4201288966267722
178,E07000179,6.880363543266769,-0.9621685988783193
179,E07000180,7.629247501469724,-0.8562490703194442
180,E07000181,6.686974789915967,-0.9895208279641964
181,E07000192,14.980698672911787,0.18351447885743516
182,E07000193,20.27397486772487,0.9321769557943145
183,E07000194,9.320526113671276,-0.617040537002793
184,E07000195,12.346165674603174,-0.1891046567203406
185,E07000196,9.893749999999999,-0.5359657548104763
186,E07000197,10.698412698412698,-0.4221570762679358
187,E07000198,9.850161420500402,-0.5421307710864653
188,E07000199,14.28263305322129,0.08478251841031545
189,E07000200,9.47546176046176,-0.5951269808566684
190,E07000202,19.572759103641456,0.8329994499388103
191,E07000203,9.261842105263158,-0.6253405979621017
192,E07000207,4.862688734030198,-1.2475414690520699
193,E07000208,5.77694099378882,-1.118232826135091
194,E07000209,5.620280612244898,-1.1403903227341685
195,E07000210,4.609479717813051,-1.283354466954888
196,E07000211,7.1542151675485,-0.9234359826681826
197,E07000212,6.834752747252747,-0.968619630387384
198,E07000213,8.179703356752537,-0.778394518829336
199,E07000214,6.373181818181818,-1.033902608702197
200,E07000215,6.631465919701213,-0.9973718084793767
201,E07000216,5.028774680603949,-1.22405085349187
202,E07000217,8.572695852534562,-0.7228110343328943
203,E07000218,11.542533416875523,-0.30276759333534664
204,E07000219,14.95717120181406,0.1801868356096965
205,E07000220,11.787698412698413,-0.26809231355099644
206,E07000221,7.977891156462585,-0.8069381307975175
207,E07000222,7.038144841269841,-0.9398525637745688
208,E07000223,9.234722222222222,-0.6291763393941399
209,E07000224,10.00012025012025,-0.520921118559404
210,E07000225,8.05879365079365,-0.7954955648766955
211,E07000226,17.658919687277894,0.5623126946702669
212,E07000227,7.423649010165864,-0.8853282020497825
213,E07000228,6.30722049689441,-1.0432319473498668
214,E07000229,9.11015406162465,-0.6467948244737273
215,E07000234,8.118789682539683,-0.7870099359239907
216,E07000235,8.817777777777778,-0.6881475037608751
217,E07000236,15.880116959064328,0.3107250564148871
218,E07000237,14.161569940476191,0.06765977504350455
219,E07000238,9.775759357240839,-0.5526539387654356
220,E07000239,13.037313432835822,-0.09135113440936343
221,E07000240,7.132683982683983,-0.926481278171155
222,E07000241,9.493133195307108,-0.5926275949007059
223,E07000242,6.489805996472664,-1.0174076927037627
224,E07000243,13.179967666078777,-0.07117461845316667
225,E07000244,11.223513708513709,-0.3478886254265638
226,E07000245,9.665580032636107,-0.5682373171930793
227,E08000001,31.935037216393148,2.5814768412271127
228,E08000002,20.731636904761903,0.9969070740873808
229,E08000003,35.432144202313694,3.076095425603663
230,E08000004,39.59754918399285,3.665235741781563
231,E08000005,30.916410934744267,2.4374059016000555
232,E08000006,21.216890959282264,1.0655397108571885
233,E08000007,11.250984791822487,-0.3440032114566215
234,E08000008,20.670933936955066,0.9883214585700535
235,E08000009,11.056660385976933,-0.3714877759598266
236,E08000010,14.986291666666666,0.1843055323380987
237,E08000011,19.044642857142858,0.7583045346042044
238,E08000012,18.85419031851151,0.7313675934617072
239,E08000013,13.731549258821985,0.006839153407173822
240,E08000014,11.720531039640987,-0.2775922319440309
241,E08000015,12.874698108908635,-0.11435087723754192
242,E08000016,19.269782282282282,0.7901474676909368
243,E08000017,22.361382308367233,1.2274125655324093
244,E08000018,19.330700280112044,0.7987634963028494
245,E08000019,19.239449997686147,0.7858573754151646
246,E08000021,20.154477513227512,0.9152756677993555
247,E08000022,12.514464733261725,-0.16530102632506227
248,E08000023,16.092934196332255,0.3408251823338779
249,E08000024,16.052240454740453,0.33506960180970236
250,E08000025,39.661287544861146,3.6742506726801842
251,E08000026,22.833541253491994,1.2941930758166436
252,E08000027,19.922460708421298,0.8824600221794626
253,E08000028,35.49347117794486,3.0847692986058064
254,E08000029,10.592599502487563,-0.4371229247214032
255,E08000030,29.951077768385463,2.300872553859069
256,E08000031,29.56405649216208,2.2461336177785
257,E08000032,43.903800366300366,4.274296852104478
258,E08000033,20.97458471760797,1.0312687632639188
259,E08000034,26.559299450549453,1.8211512880123737
260,E08000035,19.040968969555035,0.7577849127896121
261,E08000036,17.36452934662237,0.5206751542302975
262,E08000037,13.982549989692847,0.042339819151932336
263,E09000001,7.898809523809523,-0.818123160409286
264,E09000002,30.706597653554173,2.4077306447253144
265,E09000003,11.915227272727272,-0.25005507749599903
266,E09000004,10.346525096525095,-0.47192682829612254
267,E09000005,17.840338068929228,0.5879718762376409
268,E09000006,6.708632447954056,-0.9864576445377702
269,E09000007,9.72614468864469,-0.559671264012887
270,E09000008,14.113823040133084,0.060906620407070365
271,E09000009,14.352022014836086,0.09459665052107076
272,E09000010,15.254824789660855,0.2222859183223831
273,E09000011,17.069483159117308,0.47894485310511276
274,E09000012,18.767319164802387,0.7190808412280024
275,E09000013,7.278481711525189,-0.9058601571888437
276,E09000014,14.74284094590217,0.14987271362400698
277,E09000015,14.950620039682539,0.17926026214409774
278,E09000016,11.195891690009336,-0.3517953871428226
279,E09000017,15.919911297852474,0.3163534285512954
280,E09000018,16.278539682539684,0.36707657332936217
281,E09000019,10.61209372637944,-0.43436572985612176
282,E09000020,3.8381188118811878,-1.3924530564093944
283,E09000021,6.730952380952381,-0.9833007912566273
284,E09000022,10.60498553012365,-0.43537108828057486
285,E09000023,12.983578231292517,-0.09895125342932574
286,E09000024,10.10374149659864,-0.5062652917714845
287,E09000025,28.65724796224796,2.1178777899835612
288,E09000026,18.893176538908246,0.7368816681584384
289,E09000027,3.6424016563146995,-1.420134606563348
290,E09000028,12.746896504266447,-0.13242668933699112
291,E09000029,8.793541102077688,-0.6915754544278222
292,E09000030,27.270857988165677,1.9217916395926216
293,E09000031,18.74270221787345,0.7155991063280739
294,E09000032,8.680487284519543,-0.7075653910880685
295,E09000033,6.032091237579042,-1.082145267791882
