,ltla24_code,total_hh,overcrowded_hh_count,povercrowded_hh_perc
0,W06000001,30823,501,1.63
1,W06000002,51098,981,1.92
2,W06000003,52242,1076,2.06
3,W06000004,42378,879,2.07
4,W06000005,66918,1235,1.85
5,W06000006,57914,1442,2.49
6,W06000008,30897,430,1.39
7,W06000009,55501,965,1.74
8,W06000010,81767,1369,1.67
9,W06000011,104940,2384,2.27
10,W06000012,62378,1130,1.81
11,W06000013,62366,1173,1.88
12,W06000014,57434,915,1.59
13,W06000015,147362,5825,3.95
14,W06000016,103328,2003,1.94
15,W06000018,76263,1616,2.12
16,W06000019,30336,680,2.24
17,W06000020,40242,921,2.29
18,W06000021,40926,553,1.35
19,W06000022,66062,2270,3.44
20,W06000023,60181,773,1.28
21,W06000024,25788,650,2.52
