FID,LAD24CD,LAD24NM,LAD24NMW,BNG_E,BNG_N,LONG,LAT,Shape__Area,Shape__Length,GlobalID
1,E06000001,Hartlepool, ,447161,531473,-1.27017,54.67613,93875280.9628601,69674.5207210238,b2299bd8-2f81-47c8-a203-f221a8660406
2,E06000002,Middlesbrough, ,451141,516887,-1.211,54.54468,53858493.7863922,43640.4981051568,780afbcf-fa9e-4e4d-8170-1c4a5900e3fe
3,E06000003,Redcar and Cleveland, ,464330,519596,-1.00657,54.56752,245176726.819321,95003.6670612435,2a60d0ee-9a32-475e-9775-443544dfbe28
4,E06000004,Stockton-on-Tees, ,444940,518179,-1.30665,54.55688,204921206.355103,118457.729719035,58779371-c8f8-4dbb-b961-aec926c042e4
5,E06000005,Darlington, ,428029,515648,-1.56836,54.53534,197506904.744354,105838.83497583,aa757c05-0702-4b3c-be47-f07524ae3f38
6,E06000006,Halton, ,354246,382146,-2.68854,53.33425,79089911.1861954,76377.8965850911,ad0afba9-3b27-4792-a129-dde2169db76b
7,E06000007,Warrington, ,362744,388457,-2.56168,53.39164,180623013.770103,111970.972523269,a8ef5cf1-b1a5-4864-82c9-6fd5682680ca
8,E06000008,Blackburn with Darwen, ,369489,422806,-2.46362,53.70081,137062722.981293,63831.7324242496,8b70b519-2bda-4f08-89b7-92dbcd2753db
9,E06000009,Blackpool, ,332817,436635,-3.02203,53.82164,34884310.997879,33975.3593485366,19c9ff96-9c90-4459-a8cb-451f9ccd6cfa
10,E06000010,"Kingston upon Hull, City of", ,511892,431651,-0.30386,53.76921,71607422.3037567,63952.0925626271,cd71322e-2a7d-41b9-aab1-23b2add234c9
11,E06000011,East Riding of Yorkshire, ,488056,443597,-0.66196,53.88112,2404925793.06543,496332.168986682,62d1d6f4-5aab-46a3-bb0e-a3c9f9e45f73
12,E06000012,North East Lincolnshire, ,523465,404564,-0.13911,53.52327,192716784.039932,90918.8293091063,2ef544f4-e2e8-4dd4-9369-139d0bc8a318
13,E06000013,North Lincolnshire, ,497800,410993,-0.52408,53.58643,846530433.721375,240837.871423774,a6b8676a-842b-47b6-908b-8ba636f69451
14,E06000014,York, ,460863,452590,-1.07377,53.96583,271923655.541763,100557.418612781,17d4c84d-56cf-4624-9a7d-7044ea2d50d7
15,E06000015,Derby, ,435611,335375,-1.47187,52.91464,78023829.9544525,49244.2654722917,9f758271-e467-415c-a04f-b6921d88a4b6
16,E06000016,Leicester, ,458946,304594,-1.13041,52.63592,73370912.1705627,50724.0088834945,b6c8df92-f902-4c00-9789-8fe9ae0090d0
17,E06000017,Rutland, ,492992,308655,-0.62631,52.66766,393724807.193283,120364.195872825,fcaeb5f0-0d3a-48c3-90db-565f09b1fafc
18,E06000018,Nottingham, ,456082,339970,-1.16668,52.9542,74617126.6348267,58022.0791648337,849f17ac-8cd9-4218-9bc2-a12481bce82e
19,E06000019,"Herefordshire, County of", ,349434,242842,-2.73931,52.08162,2179660349.17619,338971.994278041,e6ce6af8-c769-410f-9f2f-4b33bb90988a
20,E06000020,Telford and Wrekin, ,367035,313057,-2.48941,52.71418,290285501.656441,115814.843743415,f3961dfe-47da-4141-a1eb-cc817d88580b
21,E06000021,Stoke-on-Trent, ,389438,346650,-2.15889,53.01706,93385028.2228241,62495.7936146974,3016211c-3e35-43e7-9f50-57743ceb267c
22,E06000022,Bath and North East Somerset, ,366215,161999,-2.48657,51.35605,351203260.741306,137430.279126668,ba9b2760-1eb9-4eb6-8279-96a61a660b2a
23,E06000023,"Bristol, City of", ,359990,174844,-2.57742,51.47114,109615764.268772,95342.8970404329,fa7fc6f9-6021-4981-98b6-5c7b60869627
24,E06000024,North Somerset, ,347614,166718,-2.75438,51.39706,374697691.173119,148611.764611307,d02fbef1-5164-498c-b864-30f8efe31ac8
25,E06000025,South Gloucestershire, ,367556,183197,-2.46927,51.54673,497013253.655693,139884.877581108,32679db4-f4fc-4dd7-a947-3c999287f566
26,E06000026,Plymouth, ,249945,58255,-4.11298,50.40495,79839060.5608082,87533.2232382434,034de413-b0fe-42f6-b5be-c3e7805bca9e
27,E06000027,Torbay, ,289730,64613,-3.55524,50.47092,62920837.4473801,72278.0892003488,2a412c31-dc6d-4e36-90db-c649c5aabeef
28,E06000030,Swindon, ,418550,186565,-1.73369,51.57765,230063386.020531,100094.284357865,9a171119-a177-404f-b2a0-b10cb921c9ce
29,E06000031,Peterborough, ,517372,300777,-0.26874,52.59215,343447071.090149,111052.871561258,07cbffd8-1b14-4116-81e9-17c05cb70e8c
30,E06000032,Luton, ,508606,222559,-0.4232,51.89102,43365628.8100967,34297.8060142221,937de49d-de16-40ac-8e71-4006b5a0de18
31,E06000033,Southend-on-Sea, ,587777,186837,0.706923,51.54918,41654238.8044968,52178.6983188435,349d93c1-9562-4d5a-83f8-6fbf2ca82b4d
32,E06000034,Thurrock, ,562124,181588,0.334874,51.50996,163751781.459717,109557.147969406,5c0ef35c-aa68-4821-99d6-9723b4fd82e4
33,E06000035,Medway, ,578207,175198,0.563174,51.44773,193617448.853569,224211.731175943,dad5d3ae-e491-40d8-8207-d4803b89215b
34,E06000036,Bracknell Forest, ,488168,168791,-0.73365,51.4113,109325704.23568,61838.531769213,eb842c53-1d36-4a1a-92cd-93016f443643
35,E06000037,West Berkshire, ,450573,172095,-1.27367,51.44559,704168546.273819,163632.899530593,623a5ab8-b04a-4ab1-9cc4-981c43144940
36,E06000038,Reading, ,470223,173153,-0.99075,51.45302,40383603.7699051,38634.6471210901,ae32e0bf-4f0d-489f-bc11-265a239219c5
37,E06000039,Slough, ,498920,179246,-0.57618,51.5035,32533677.6871414,43329.4177777712,f8904c38-6c32-4d28-8535-09b84913b187
38,E06000040,Windsor and Maidenhead, ,492079,176541,-0.67541,51.48034,198390266.731041,113834.156517905,e043a056-df47-4301-aefd-a304e2cb9ef0
39,E06000041,Wokingham, ,476624,169903,-0.89936,51.42297,178990572.96032,85716.9275440401,9be8e25d-2545-42e0-b280-0218a04620d1
40,E06000042,Milton Keynes, ,486408,242308,-0.74071,52.07242,308673806.561249,100935.717675825,e0076685-c0f3-4bd1-9b53-3b6d514da55a
41,E06000043,Brighton and Hove, ,530278,106850,-0.15081,50.84651,82856571.1821365,57926.4679714059,dbe15a07-4b37-49d8-854d-cbaf041ea50d
42,E06000044,Portsmouth, ,465619,101352,-1.07006,50.808,40382199.094574,69569.0196375428,6e32cfda-6d32-4605-b2a4-02ed7ea32dd5
43,E06000045,Southampton, ,442303,113700,-1.39953,50.92121,49849054.7843781,59223.7971182556,3cc2e718-b54d-48c2-9c1b-6e19ac8c0506
44,E06000046,Isle of Wight, ,447183,85949,-1.33366,50.67129,379679675.759098,188651.166731397,40c93db0-df45-4b8d-8484-98939be94c46
45,E06000047,County Durham, ,410383,532242,-1.84048,54.68513,2230916083.57796,309278.104323957,0c98db40-ff6d-4bbb-88ad-4fb3694aa9f2
46,E06000049,Cheshire East, ,380510,363462,-2.293,53.16793,1166289498.66608,290321.098180964,27a0f0fd-e16d-4883-954f-341b1c60c568
47,E06000050,Cheshire West and Chester, ,353097,363145,-2.70298,53.16336,919929918.254143,321727.703297465,fc9f9aba-8b0c-4f40-8961-cab2d6dd73d8
48,E06000051,Shropshire, ,350227,302957,-2.73667,52.6221,3197365868.24832,560025.347202274,02e798ce-3c88-4c46-9da8-540100ae4a1f
49,E06000052,Cornwall, ,212497,64493,-4.64255,50.45023,3548854866.70507,1118577.56327718,041cfd0b-8773-475c-8af0-fb80c04694fc
50,E06000053,Isles of Scilly, ,91327,11447,-6.30217,49.92333,16344706.7071983,103157.102030377,b04036fb-d3c5-4fa1-8005-4281ef9b0b4f
51,E06000054,Wiltshire, ,405213,158862,-1.92656,51.32883,3255420541.49961,394902.615114753,be5226bb-8af1-4df1-b576-835324c4e4e5
52,E06000055,Bedford, ,505721,256463,-0.45464,52.19629,476389221.943596,129897.953222371,1d45df6d-26b9-4af7-b3c3-d45525d90f3d
53,E06000056,Central Bedfordshire, ,504615,234492,-0.47754,51.99904,715599199.247597,229306.066680391,b308825f-e614-4da3-a7cc-b6484fba74be
54,E06000057,Northumberland, ,395323,600700,-2.07522,55.30038,5032415322.02342,585622.865590586,9c5180fb-34d8-418b-9fc5-629554351ca1
55,E06000058,"Bournemouth, Christchurch and Poole", ,410815,94067,-1.84807,50.7461,162087800.235004,156267.764340964,11375296-c526-412a-8e09-8d59c6202abb
56,E06000059,Dorset, ,370877,99796,-2.41459,50.79698,2490967005.03929,556281.350061826,cd813e36-d520-4cae-87c5-88af051cb3fb
57,E06000060,Buckinghamshire, ,482503,208562,-0.80574,51.76967,1565020702.31808,354594.734885997,387077c7-4d3d-4a48-87b5-e2f7fe7238f6
58,E06000061,North Northamptonshire, ,493590,281719,-0.62505,52.42547,986607243.912437,205118.377243474,ecac8e69-a64a-4852-95eb-d870c3b6c50e
59,E06000062,West Northamptonshire, ,467187,263879,-1.01683,52.26899,1380390549.42884,254647.851456936,437bdb09-f067-43ac-8004-4e5e30ac9775
60,E06000063,Cumberland, ,315764,533086,-3.30816,54.68576,3035738673.37363,705069.37926957,d18d39f2-1f4a-4459-ad3e-d812b5290914
61,E06000064,Westmorland and Furness, ,353889,510941,-2.71337,54.4917,3789462057.36897,596161.242791404,e303b474-6e0a-434c-98a5-c68c3682d539
62,E06000065,North Yorkshire, ,429508,466514,-1.55034,54.0937,8040215105.39124,858197.787676205,c09abf7d-93da-4fbc-a0fa-6a9d5669b956
63,E06000066,Somerset, ,309294,131078,-3.29604,51.07183,3451737869.7877,530139.163855159,8d905af7-e7e7-44e5-bb05-976ac4e7c5e8
64,E07000008,Cambridge, ,545420,257901,0.126436,52.20018,40711926.5579681,36913.7866622716,7555f192-3850-49ff-baf1-71e9f7c387dd
65,E07000009,East Cambridgeshire, ,555576,275765,0.283149,52.35788,651222216.802704,231860.111771713,c7a1222e-bf44-48b5-8e2a-45fa80b6a58c
66,E07000010,Fenland, ,536355,294959,0.008927,52.53545,546498314.353668,190091.22525894,94bd9013-b9e0-4ff2-90a7-48000b2505be
67,E07000011,Huntingdonshire, ,521008,274268,-0.2247,52.35315,912564179.538231,220584.37185397,83c11161-c817-41d5-b24e-1486e8689eb3
68,E07000012,South Cambridgeshire, ,543295,247586,0.091017,52.10806,901696781.869034,254659.406490034,3491c6b7-7027-4676-96ce-7ad7a3054741
69,E07000032,Amber Valley, ,436166,348084,-1.4622,53.02885,265419507.51828,103851.97866634,0167f51c-900c-4f36-a2f1-5e8567a51334
70,E07000033,Bolsover, ,448666,371547,-1.27228,53.23875,160345778.924332,93110.0632806834,c48ee33f-d665-44b1-909e-ec24e18a912e
71,E07000034,Chesterfield, ,440049,373358,-1.40116,53.25574,66031537.9688263,51196.6014607187,c00ca4a2-016e-4506-a40c-46fef0513756
72,E07000035,Derbyshire Dales, ,419699,358494,-1.70709,53.12328,795454189.980057,237396.691906328,bf2e2be2-6e00-444d-a220-840823e3ba77
73,E07000036,Erewash, ,443722,338061,-1.35089,52.93819,109632572.712601,71783.0355630508,9c09d9ac-e28e-42a2-a5e8-6fbb5caba36a
74,E07000037,High Peak, ,410473,387653,-1.844,53.38564,540223639.818375,156201.5016238,55d4a84b-bc01-4ae2-b5a0-ab15657045e3
75,E07000038,North East Derbyshire, ,437369,362955,-1.44254,53.16243,275654777.03064,155080.174988109,182146ef-f528-4caf-8dbd-a42d8eea3b30
76,E07000039,South Derbyshire, ,431443,325363,-1.53481,52.8249,338087943.912247,163046.345679269,880e1c7d-df4c-43d8-b498-145c34cba3d7
77,E07000040,East Devon, ,313787,96051,-3.22364,50.75762,814338377.336033,212325.231550626,c18d2a45-ac84-4af5-9f9c-a89677982619
78,E07000041,Exeter, ,293239,92005,-3.51369,50.71782,47047818.9313316,48238.2663559665,4bf9f720-cd82-468e-9649-18d11d15bc2e
79,E07000042,Mid Devon, ,288065,108913,-3.59211,50.86884,912844259.869928,238374.797756071,3b3c6864-0046-47d8-abe3-044baad3be17
80,E07000043,North Devon, ,265112,132533,-3.92689,51.07622,1085803691.38736,297981.611230513,56cce097-4d42-431f-99b0-13b2a87865d2
81,E07000044,South Hams, ,270672,54039,-3.82002,50.37198,886585419.234618,440444.499866517,22f7c366-e285-4094-aa3d-b4c09de83d1b
82,E07000045,Teignbridge, ,283144,80205,-3.6529,50.60981,673714635.894241,184961.931740884,7d4573b1-21fd-49d2-9c4c-a424dc1c8b66
83,E07000046,Torridge, ,244206,114334,-4.21729,50.90739,985265133.680107,296945.230981318,3b7c5dbb-35b8-4143-a878-c7cf1ea3ddd4
84,E07000047,West Devon, ,256378,86992,-4.03359,50.66483,1161052492.44268,244076.69250201,a1fb6a3a-5e0a-4a79-b6c6-18dc8b9797f4
85,E07000061,Eastbourne, ,559339,99575,0.258516,50.77387,44182100.0781136,36432.9271626393,dcc39ee1-c455-48f6-bf64-b170001fe526
86,E07000062,Hastings, ,581528,110694,0.578395,50.86724,29809967.0978661,33233.8325493732,a9c33e4f-6698-4ee0-8440-8ee335d99e9b
87,E07000063,Lewes, ,541473,105687,0.007658,50.83343,292141177.227833,164151.066464635,6017f213-ffe4-4061-9136-8ad39b70ce65
88,E07000064,Rother, ,578721,119666,0.542937,50.94872,511793075.949162,174821.501523616,93014bb3-3b34-4ccf-87e4-90f7004618c3
89,E07000065,Wealden, ,555048,117181,0.205156,50.93324,834971707.918682,217221.201167699,0c4db819-0067-45c9-a189-3332cc70092e
90,E07000066,Basildon, ,571548,190849,0.475056,51.59038,109970915.314575,78118.4942918584,9132db4f-e3f9-45c1-9afa-14fd702aa2a8
91,E07000067,Braintree, ,577253,227337,0.575912,51.91636,611700597.158691,164484.209417249,e6301523-d3ed-4782-a346-6c3d1be19466
92,E07000068,Brentwood, ,558560,196070,0.290091,51.64109,153152219.823502,70464.6958227548,b98ff8a7-41d6-4f7e-9f04-c93943c4f936
93,E07000069,Castle Point, ,579493,187920,0.588127,51.5616,44521475.8686142,136933.034862749,c3c74b47-3b0f-47f2-a9f1-b353cf57e541
94,E07000070,Chelmsford, ,572116,206972,0.491177,51.73504,342236754.788818,122944.01406619,8076eed5-2b80-4876-a656-58588b1ccc06
95,E07000071,Colchester, ,596947,223692,0.85982,51.87702,332121657.387131,287471.633524793,d79b9641-8a76-45ae-845a-f7c809a362c1
96,E07000072,Epping Forest, ,548919,203757,0.154146,51.71279,338975551.346504,120742.115187859,39427910-99f6-46c0-a41c-68232f5bbd21
97,E07000073,Harlow, ,545276,209589,0.103888,51.76614,30537630.5038376,27859.4803909308,70b92021-e5ee-471f-a5f7-7aa0d347fcf4
98,E07000074,Maldon, ,591413,212072,0.773106,51.77459,357488081.060097,417125.626881701,1a949f2c-bcbe-4643-8271-6a4c304973aa
99,E07000075,Rochford, ,585979,191417,0.683442,51.59091,166904509.207802,220280.801798941,4e1fd96e-67bb-4b1e-a129-ea3485ac285a
100,E07000076,Tendring, ,614190,222141,1.108981,51.85674,336171370.845932,381780.118163896,2cbce507-0318-4683-9997-3012e08dc693
101,E07000077,Uttlesford, ,557833,228863,0.294499,51.9359,641065940.385422,163532.37114286,8bc9d0ab-c8f7-4e02-83c7-4e066debbb8f
102,E07000078,Cheltenham, ,394925,222232,-2.07516,51.89862,46571318.6902084,36701.8544719499,2420b9cb-5f2c-49d3-b57b-b29db5795ba0
103,E07000079,Cotswold, ,402126,208209,-1.97058,51.77256,1164487957.04578,324533.659746502,cf992370-6069-46f5-a641-87a1aced67c8
104,E07000080,Forest of Dean, ,367175,212759,-2.47755,51.8125,525926473.599064,185455.289247776,9aaf019d-b34b-4e35-93ac-3e422853d424
105,E07000081,Gloucester, ,384071,216449,-2.23263,51.84642,40543975.9723587,32896.4193086856,4a42c795-7650-4905-b888-75d25fa55d0a
106,E07000082,Stroud, ,378807,202410,-2.30819,51.72001,460615444.888542,167780.246488028,cf521416-20b4-443b-8815-3bb7f5a46ea3
107,E07000083,Tewkesbury, ,386348,226281,-2.19997,51.93488,414385913.270996,200171.179633236,fc763ec0-f65a-4a3e-a270-45964769e79e
108,E07000084,Basingstoke and Deane, ,454507,151423,-1.22023,51.25937,633779748.862434,140540.821131003,aa89e016-2273-4d03-b794-552792783cc8
109,E07000085,East Hampshire, ,474408,129247,-0.93966,51.05775,514429108.714397,142058.508246037,8c1ec01d-a0ed-47a3-94c2-1e876501da51
110,E07000086,Eastleigh, ,447199,116807,-1.32948,50.94876,79693585.6833687,71142.2377113573,471475d9-2fb6-4795-a5f7-1df5f0e794d9
111,E07000087,Fareham, ,453774,106319,-1.23743,50.85388,74244949.2846222,63256.0100130031,f87012bd-9d0b-4fe0-8b61-7752d28cd429
112,E07000088,Gosport, ,458769,101088,-1.16731,50.80636,25367154.1994286,37345.5438593169,94098682-6be3-45e2-8f5d-b94a6e56f4a1
113,E07000089,Hart, ,477985,154241,-0.88322,51.28198,215258355.104851,76341.9102322238,5c876c00-bd05-4394-9d02-406303e78ce5
114,E07000090,Havant, ,470178,108564,-1.00399,50.87232,55737458.1854706,104133.838695787,f6e3b42f-276a-447b-9e60-04e52106857b
115,E07000091,New Forest, ,428748,106524,-1.59293,50.85751,751962034.00378,294244.118717801,c47be37e-6938-467c-8453-a80e83d7f1cc
116,E07000092,Rushmoor, ,486022,153944,-0.76808,51.27816,39051961.2792435,30816.2833845624,c13152b9-7104-49ce-ad9f-562074670251
117,E07000093,Test Valley, ,434930,137329,-1.50215,51.13417,627661076.37746,187175.80932782,437471ee-b7ff-4f68-8ad0-940583a38a5e
118,E07000094,Winchester, ,453115,125901,-1.24394,51.03002,660982570.198444,168862.3879174,9ee13ec4-aee0-4f7f-9714-783dff4eb672
119,E07000095,Broxbourne, ,534742,204251,-0.05073,51.72081,51476269.4476929,38503.4346349547,bce615b9-0b48-4a8c-9041-4438128a0bd4
120,E07000096,Dacorum, ,500084,208745,-0.55098,51.76845,212432090.110725,108904.295400092,0319a5bd-cbcf-4db9-ac62-9319825a0ed3
121,E07000098,Hertsmere, ,519774,199352,-0.26899,51.68017,101112497.105011,60248.4788102648,f3b484ce-9edd-4446-a61d-94cd86b7e468
122,E07000099,North Hertfordshire, ,522191,230250,-0.22316,51.95733,375354735.677773,166002.096406782,a47a4135-d366-4392-9087-fbf032207969
123,E07000102,Three Rivers, ,507313,196418,-0.45005,51.65632,88816542.1423416,73195.3561630401,693e78e0-1cde-4526-a1e6-209f4f5df1d4
124,E07000103,Watford, ,510441,198197,-0.40429,51.6717,21403676.4801941,25970.5151133588,15bf36bb-8c33-40cc-bdc0-9cbf1ce3c1b8
125,E07000105,Ashford, ,597640,140644,0.823374,51.13096,580607482.951904,146626.006499497,61cbd834-1954-448d-9a52-4ad05ea4ab5b
126,E07000106,Canterbury, ,616031,158096,1.096328,51.28103,308761214.826103,131717.496433115,89bf3c41-9bf8-4abe-9aae-3a42f6b99637
127,E07000107,Dartford, ,556167,172917,0.245276,51.43373,72720084.7370224,55292.0060078763,bb454300-20fc-4a81-b6b5-6488ee148b4f
128,E07000108,Dover, ,628964,150942,1.276887,51.21176,315296993.496819,143189.203401918,da8b7200-1f6d-47f6-8849-75517952bd65
129,E07000109,Gravesham, ,566969,169114,0.398744,51.39649,99008602.6986618,58922.8351488933,1d837bff-273a-42ab-aec8-d6f81723b9b0
130,E07000110,Maidstone, ,580489,151670,0.584061,51.23566,393315542.053535,120194.13903338,375dd3ba-9427-4424-93d6-98d38707871c
131,E07000111,Sevenoaks, ,552776,155218,0.188936,51.27563,370338455.145691,130916.80272727,395a8226-41b9-41e0-8322-a53353439b17
132,E07000112,Folkestone and Hythe, ,610318,134597,1.000796,51.07215,356977693.582794,146255.434602364,572ed40d-4a0b-4b53-b9eb-d0bc63bd0e51
133,E07000113,Swale, ,593583,161818,0.776893,51.32252,373238384.534737,309755.18730264,96756199-f1fc-4b93-a5c8-57cdda791938
134,E07000114,Thanet, ,631839,166752,1.328226,51.35252,103595612.511826,61503.5829384193,f262387a-80f6-4fc4-8f17-45e9b1e7bdd9
135,E07000115,Tonbridge and Malling, ,564014,153896,0.349305,51.26063,240116416.044624,129827.487328675,0374478e-fac2-4acf-8337-34d43458ae66
136,E07000116,Tunbridge Wells, ,573139,136598,0.471631,51.10254,331273256.342209,145804.931924274,14e06a1c-f528-4c42-89ad-eeb0a2206aa3
137,E07000117,Burnley, ,384886,430880,-2.23081,53.77405,110693906.576874,56428.9636873348,2cc64437-97e8-4986-9f7b-211fa6942b90
138,E07000118,Chorley, ,359188,419722,-2.61923,53.67238,202679100.395508,111356.662058623,f7dec9d2-23fa-4b7e-8bdf-20716c1cd3f0
139,E07000119,Fylde, ,339554,433811,-2.91915,53.79709,165537234.411041,129755.602569561,d123dab3-3684-4ea3-af83-f854c846d2de
140,E07000120,Hyndburn, ,374407,428967,-2.38964,53.75644,72968184.9490662,41905.9687671573,de6f3b64-86b2-4a09-81ae-de35d7261ca8
141,E07000121,Lancaster, ,356896,464988,-2.6603,54.07901,566795825.948593,328197.020257749,4a2907bb-54ca-474b-b2d0-f2caa45c0340
142,E07000122,Pendle, ,387638,443368,-2.18956,53.88636,169391037.506989,77783.6414101258,65f70a90-2ad7-4ed8-8a17-08974fd6a8d1
143,E07000123,Preston, ,352828,436431,-2.71805,53.82201,142284088.426071,80781.4644803571,9763fce5-d429-4851-867a-e1307c8cdc6b
144,E07000124,Ribble Valley, ,372689,447677,-2.41737,53.92451,584471969.766617,147568.919996525,c7c0d67a-9629-49b6-9ab1-e3924f5e2d65
145,E07000125,Rossendale, ,382827,420953,-2.26149,53.68476,138036955.585144,70461.8992137668,41114e79-8405-4c59-8532-665ba2b9609a
146,E07000126,South Ribble, ,352017,425841,-2.72872,53.72677,113134448.904327,99694.8072884203,c1987f38-4b6b-4298-80bf-ed078e4ed384
147,E07000127,West Lancashire, ,342606,413271,-2.86901,53.61284,346490571.826767,216388.149349288,07b01dfa-cddd-4df3-a1fe-60ff9f3658ca
148,E07000128,Wyre, ,347294,445159,-2.80361,53.89992,282199307.377045,200317.16077988,2b7b8816-e87c-4fcb-8d39-78af094b1c14
149,E07000129,Blaby, ,454385,297994,-1.19888,52.57707,130496651.957642,97774.8590491599,25f30cba-2716-4fa2-93e5-b3d96cadb8cb
150,E07000130,Charnwood, ,458365,316155,-1.13695,52.7399,279016936.997696,112483.378166659,586b10ca-163d-48f2-a5e3-34ac3f694359
151,E07000131,Harborough, ,474550,293873,-0.90228,52.53764,592709708.558746,178517.675177743,940f49c0-0088-4914-86f9-28de2314039f
152,E07000132,Hinckley and Bosworth, ,439538,301379,-1.41755,52.60878,297361032.802773,109022.066082587,514d0a36-fa02-471d-bfb2-c976535d530d
153,E07000133,Melton, ,477328,323469,-0.8544,52.80326,481357667.819168,136632.374428788,981ae788-d7cd-4003-83fa-07b990faf485
154,E07000134,North West Leicestershire, ,439107,316253,-1.42216,52.74251,279340919.333237,114002.4961013,c802d8cc-c387-429f-93eb-df505282c1b3
155,E07000135,Oadby and Wigston, ,461543,299379,-1.09301,52.58876,23519374.4646072,30019.1189206824,f98ffcf6-2ee2-4edf-9e5c-f1a2f4c36c92
156,E07000136,Boston, ,526851,343956,-0.11218,52.97797,363481488.967621,400414.756478249,7dbc84dc-f784-4b89-9857-b8854e979b3f
157,E07000137,East Lindsey, ,534861,376064,0.020516,53.26446,1766575354.48848,355937.062898208,4506163d-0d7f-474b-8fe0-5a54ede53b89
158,E07000138,Lincoln, ,496347,370096,-0.55849,53.21921,35650766.6311798,32708.1991744765,443292b0-3325-4522-afe5-807e89b1305c
159,E07000139,North Kesteven, ,502139,354789,-0.47665,53.08059,922437556.27623,180159.65247179,a1af5504-1e34-4f1b-8c9b-dc41c3fdbbbe
160,E07000140,South Holland, ,532910,322929,-0.03057,52.7876,749559451.939789,415081.54786133,d3c9848e-0c04-4dcf-952a-5efc088fb921
161,E07000141,South Kesteven, ,501404,328986,-0.49568,52.84886,942585203.772812,206900.528242607,86370fbc-db07-44a5-84ce-073842e71d02
162,E07000142,West Lindsey, ,499314,390326,-0.50775,53.40045,1155680785.88408,246961.448032317,dd899bd6-d8ee-449a-a65e-11908ea5158a
163,E07000143,Breckland, ,591015,303332,0.818717,52.59423,1305088233.98958,236113.814610437,f481e57b-d675-4a27-ab4c-26d4ed74b6f2
164,E07000144,Broadland, ,619861,315909,1.252273,52.69622,552030555.480942,211846.801434525,4c1e1a32-65c0-41e7-8f89-3b0bb2771bf5
165,E07000145,Great Yarmouth, ,646762,315881,1.649525,52.68439,174241076.41687,140292.894998114,23effe64-8fa5-4bc0-a82e-54276ca3882f
166,E07000146,King's Lynn and West Norfolk, ,571219,315807,0.533245,52.71286,1439013679.96303,635096.512520702,b7d53740-7d8b-43eb-b16f-2785cc6ffff0
167,E07000147,North Norfolk, ,611043,330857,1.131609,52.8339,967128108.72052,542301.060030927,178b4856-a9c7-466e-a922-cc7b0ba745af
168,E07000148,Norwich, ,622355,309773,1.284979,52.64013,39051672.1747589,74618.7736698246,e2fc132e-9732-446a-93a3-928b4cc9f757
169,E07000149,South Norfolk, ,628991,295822,1.373247,52.51218,907575979.831146,260514.664456128,2f8f1751-1ab3-45b0-b188-0907db2e68f0
170,E07000170,Ashfield, ,450035,355843,-1.25422,53.09747,109544783.168365,67017.330967393,000f3f55-2f5d-4769-8b18-328083f22129
171,E07000171,Bassetlaw, ,468073,384835,-0.9787,53.35604,637837093.557404,156915.039106464,248b7a0a-c3a3-4ce0-a124-0b648333f8db
172,E07000172,Broxtowe, ,449829,341891,-1.25945,52.97209,80145479.9881439,64006.0806780614,9cf6ee20-5c0a-400c-a530-6c0fa3302cdc
173,E07000173,Gedling, ,459184,347811,-1.11908,53.02435,119961628.684174,68712.2434893192,30916039-cf4f-4b0d-bcb3-6e7a94eee80b
174,E07000174,Mansfield, ,455047,363637,-1.17804,53.16703,76680481.77005,50289.4806873523,021da49d-d032-4d23-b8b6-42b3bd2c77ae
175,E07000175,Newark and Sherwood, ,470624,357451,-0.94644,53.1096,651360022.672058,184349.813300777,0b1ca9a0-63b3-432b-961a-55a013a5f8f1
176,E07000176,Rushcliffe, ,466609,335453,-1.01093,52.91241,409249719.14801,120765.817668975,c8d8e45d-e36d-4c83-9e12-869fd954ac04
177,E07000177,Cherwell, ,449301,221199,-1.28506,51.88718,588697416.228523,219183.273816634,bf7401a7-ecf6-4648-967b-96807289b695
178,E07000178,Oxford, ,452277,206368,-1.24406,51.75358,45627549.723175,34305.0904662754,c02b1430-9b4c-4b23-9216-02e15b01e277
179,E07000179,South Oxfordshire, ,463890,191964,-1.07847,51.62288,678374334.137047,201388.665932029,f7cdb569-2c62-44ff-90f3-6ca9f41b0f0f
180,E07000180,Vale of White Horse, ,435697,195198,-1.48538,51.65445,578721408.570686,171261.951515463,2c3f96c9-4821-4805-ab91-23f9221e1d36
181,E07000181,West Oxfordshire, ,434343,215817,-1.50292,51.83992,714425045.255096,155773.862844388,02d92686-c42d-426f-bab2-509103c8d8d4
182,E07000192,Cannock Chase, ,401261,311553,-1.98277,52.70167,78870686.805809,49331.5753179654,e0de1db1-ad9f-438b-893e-cf9cc93707ed
183,E07000193,East Staffordshire, ,412599,326571,-1.81441,52.83653,389965001.498367,179132.35702296,27ecc887-bbcb-4ead-a109-e08190c23974
184,E07000194,Lichfield, ,416276,310967,-1.7606,52.69616,331213794.795357,124611.073031998,8b3aeecb-730c-4a76-afeb-849229541db2
185,E07000195,Newcastle-under-Lyme, ,378201,345177,-2.32629,53.00348,210964201.704147,104197.64367308,0011598a-e724-4e5e-a40e-15adcc737148
186,E07000196,South Staffordshire, ,389624,311036,-2.15497,52.69692,407271359.086975,181143.070221976,d26b6284-1771-4079-8def-433781e1a0d7
187,E07000197,Stafford, ,389000,327835,-2.16477,52.84792,598202548.227646,154945.96205459,05456ed5-543f-49f9-9d7c-22ccf31d91c6
188,E07000198,Staffordshire Moorlands, ,400543,352448,-1.99334,53.06929,575871212.65731,147187.257149549,229930e2-dee4-463d-9a08-984609be01ae
189,E07000199,Tamworth, ,421452,302547,-1.68456,52.62029,30846366.8197403,30114.2347762218,2c3185e3-fa1c-4699-98de-69e40f4080a7
190,E07000200,Babergh, ,599987,244692,0.916149,52.0645,595114664.264297,198730.955373872,c54c0c9b-01d3-421b-90df-af4e58e98ee3
191,E07000202,Ipswich, ,617163,244456,1.166175,52.05592,39510378.9587708,44257.9774151042,9cc1cfc0-5957-48b8-b52e-ca0da2b38cf5
192,E07000203,Mid Suffolk, ,611646,262335,1.096951,52.21857,871015590.311752,188296.477042471,e352c133-0856-49ef-9381-7cc6f10881e5
193,E07000207,Elmbridge, ,511883,163655,-0.3944,51.36095,96311054.5687485,51404.9534280829,b1e84246-f566-43de-9d3a-cada03cee90c
194,E07000208,Epsom and Ewell, ,521176,161476,-0.26173,51.33947,34119841.5153503,28277.0057941352,b588e1ae-9b1f-4f7c-b7ad-6eb8ff47e1df
195,E07000209,Guildford, ,500408,151481,-0.56258,51.25366,270991843.094749,125481.931741633,c66b3a81-fc75-4264-aa72-ab0bbfefba4e
196,E07000210,Mole Valley, ,518377,148953,-0.30604,51.2275,258319307.319717,102992.313724332,b7b7313f-0d6c-4add-ad0e-f779267e2e4b
197,E07000211,Reigate and Banstead, ,525786,152574,-0.19871,51.25846,129129315.89193,78082.9365258177,2f8e2faa-c9d0-4f35-9876-2c9a0c427fa7
198,E07000212,Runnymede, ,501777,166980,-0.53855,51.39274,78054076.9104996,45039.200613934,f96cb7c8-5e7b-465c-9bcb-f56bb488d9e9
199,E07000213,Spelthorne, ,507012,169622,-0.46254,51.41553,51172390.758522,43610.7913892172,45ee5b5d-fab3-4c8a-86dd-076fc404bdec
200,E07000214,Surrey Heath, ,491364,160485,-0.68984,51.33612,95093281.0102692,52363.0885356241,5bf0c099-75cb-4eb6-9783-bae1dbc21643
201,E07000215,Tandridge, ,536362,150328,-0.04809,51.23585,248216284.243095,80777.9500976091,5b656674-7f1c-4595-bc36-9f7df0e64eea
202,E07000216,Waverley, ,496363,140635,-0.62343,51.15686,345191403.943317,122974.940152437,c746a969-4244-4c95-9ce6-027768a95495
203,E07000217,Woking, ,499088,157544,-0.57981,51.3084,63573356.4183044,52944.0306413273,1a546071-ed69-40d2-a50e-0843add2bfa6
204,E07000218,North Warwickshire, ,425570,296402,-1.6242,52.56487,284296179.136833,110903.170184806,d056270b-f965-4eff-83cb-96ae0d89e85f
205,E07000219,Nuneaton and Bedworth, ,435420,289352,-1.47964,52.50094,78922513.4183044,47032.0413272787,26ce2b84-3c6e-49c7-b0a7-ad8a98c20303
206,E07000220,Rugby, ,446498,276244,-1.31828,52.38228,353559244.860886,111653.15878784,63805093-4557-441d-9469-5ebd71cb55dc
207,E07000221,Stratford-on-Avon, ,425019,251537,-1.63566,52.16156,977941185.737923,253513.502111386,f4645ff5-9984-4960-a246-16c390851b73
208,E07000222,Warwick, ,428484,267113,-1.5837,52.30142,282872792.57766,113395.42783562,e89eb50a-a375-4204-b5e8-f2ea4dda5077
209,E07000223,Adur, ,518076,106472,-0.32418,50.84572,42116043.5117493,57312.0944057593,47bf5ec6-06a4-4f9f-8080-aefd3424c144
210,E07000224,Arun, ,495144,105723,-0.65,50.84321,220967736.453114,151939.96493778,d0a3d6d7-7bc1-44b1-b870-af38efaae7c2
211,E07000225,Chichester, ,490285,116600,-0.71631,50.94178,786207975.097485,274130.006372196,722f67cc-60f7-4ae5-9dbc-a341652ef0be
212,E07000226,Crawley, ,526390,137581,-0.19533,51.12357,44949366.316391,38114.2814082253,661b2df3-bafb-4b80-a7a9-d051bdbd0093
213,E07000227,Horsham, ,513674,123840,-0.38127,51.00272,530184344.306149,211390.380620311,6b23760d-9333-453b-8e30-74f4d3db4449
214,E07000228,Mid Sussex, ,533052,130624,-0.10275,51.05954,333986293.881771,129686.515438839,9a07862c-3375-41ad-b9ed-10be08255bc4
215,E07000229,Worthing, ,512679,104948,-0.40127,50.8331,32515634.7403984,28079.6820502215,472003aa-af57-48de-a647-ed48b20ea9dc
216,E07000234,Bromsgrove, ,399840,273736,-2.00377,52.36169,217015438.19706,110336.993669186,8b63ceee-6794-4397-a948-1490d9fade32
217,E07000235,Malvern Hills, ,377463,252198,-2.33092,52.16759,577112191.30088,223745.007611124,6bc0264c-b6ec-4136-a27d-b4efe8d31a9a
218,E07000236,Redditch, ,403705,265253,-1.9471,52.28542,54259686.7830276,40155.2225127424,87ee1066-6120-415e-87e9-5dc7bbb48a0b
219,E07000237,Worcester, ,385744,255190,-2.20997,52.19477,33343167.5391235,30549.7921630611,fb3e8e92-8d67-43fd-b95f-a7e34f3e65c0
220,E07000238,Wychavon, ,398991,247839,-2.01615,52.12887,663403407.044548,214729.637563069,1d700442-aea2-44ef-b930-6ab34077ae11
221,E07000239,Wyre Forest, ,384106,276388,-2.23494,52.3853,195447703.254089,97520.4895567966,153a8423-8a47-4ffa-ad2c-29bf19123cdc
222,E07000240,St Albans, ,514580,209623,-0.34071,51.77357,161262782.509392,71908.5923426498,2b3b37e5-201e-475e-b9a9-8f51be3b7103
223,E07000241,Welwyn Hatfield, ,525345,208467,-0.18518,51.76087,129492472.857773,81068.5197486978,d0a8a672-b2bc-4f17-b143-b5afe455465a
224,E07000242,East Hertfordshire, ,537995,220370,0.002739,51.86486,475712578.572639,132765.071022569,256f72fa-6fdc-4047-a810-91da589a2d55
225,E07000243,Stevenage, ,524622,224531,-0.18987,51.9054,25936764.7623291,28128.9562008743,48092012-d601-4c11-a7c3-418591cf84fc
226,E07000244,East Suffolk, ,636043,266291,1.456199,52.24417,1260855450.23445,543904.514235721,f07143f2-e55c-4dd8-99d2-f2ec18031659
227,E07000245,West Suffolk, ,580941,271121,0.652723,52.3084,1034752111.19856,269418.181021035,b0eef3f5-6e8b-442a-b0c4-9a7eede6a422
228,E08000001,Bolton, ,368352,409874,-2.47952,53.58451,139791802.436264,78806.8187708977,18372351-3907-4053-99a5-b50708a2aa81
229,E08000002,Bury, ,379658,410767,-2.3088,53.5931,99468459.5013733,66969.7286387607,b49eeb51-1c8f-4676-83f4-e209fae38353
230,E08000003,Manchester, ,384591,397063,-2.2336,53.47009,115611214.791565,83889.703012767,9e9bddcb-141e-4629-af73-bcfc10f3498d
231,E08000004,Oldham, ,396603,406784,-2.05275,53.55768,142346905.175797,69717.0655177556,a1482420-e53d-474e-8c93-30717019bd72
232,E08000005,Rochdale, ,390315,412326,-2.14784,53.60742,158123355.609039,81287.3653063383,7f5f33ca-4418-498a-a247-b5193603e151
233,E08000006,Salford, ,374556,398128,-2.38485,53.47927,97168928.1113586,62386.933966781,a0277894-5c64-452e-a839-37fb8d65c39d
234,E08000007,Stockport, ,391807,388258,-2.12466,53.39111,126067505.396011,71496.2981464957,a3dbcdeb-5e13-4a6e-aeeb-ba8e6649398f
235,E08000008,Tameside, ,394987,397995,-2.077,53.47867,103160944.748672,54036.9672278895,05f96070-0628-4b85-b7f9-ac387b7555a5
236,E08000009,Trafford, ,375790,391163,-2.36572,53.41673,106021261.21106,59296.7038670279,d71a6bf9-af15-4048-bdf4-a1c5bfb93625
237,E08000010,Wigan, ,362139,402126,-2.57242,53.51445,188157307.929443,84976.5079232844,a3f0cc33-1cec-4329-8fa0-5ed0f9c1d2c7
238,E08000011,Knowsley, ,344762,393778,-2.83298,53.43789,86539624.9655075,66871.0236198759,e637ed5f-5607-4727-9887-c4f8c5f5c2ab
239,E08000012,Liverpool, ,339359,390556,-2.91368,53.40833,111819527.207237,61239.7229929945,91886b52-3ebb-4337-983b-e83f81261e76
240,E08000013,St. Helens, ,353413,395992,-2.70309,53.45862,136390518.131981,75033.3662590817,1999f432-64da-42dc-a63d-379ea111e0be
241,E08000014,Sefton, ,334282,398835,-2.99177,53.48213,156562804.919746,125721.455263543,c4ce2161-114b-4f96-8d56-440b28ee6a77
242,E08000015,Wirral, ,329109,386965,-3.06703,53.37478,160873154.45472,126186.994974795,a8c2d934-544c-4eac-8fad-507b80d1ce2f
243,E08000016,Barnsley, ,429979,403327,-1.54926,53.52577,329146297.383224,123636.326386118,05d57653-cb55-49a7-8603-ddff0bee34f0
244,E08000017,Doncaster, ,459167,403733,-1.10895,53.52696,568005734.802734,168680.396858655,ab5fd80e-14c9-4225-a98c-b31e1b215a2d
245,E08000018,Rotherham, ,447542,388980,-1.28651,53.39554,286460759.56369,103586.240662406,a47c5cf8-3977-45b5-889c-450f90814b49
246,E08000019,Sheffield, ,430511,389736,-1.54255,53.40359,367844821.162354,129228.083093625,c1db04b4-73e9-4766-a445-0befcfb3eb99
247,E08000021,Newcastle upon Tyne, ,422287,569661,-1.65297,55.021,113433796.5009,64350.2434570067,c98aeb35-b148-4655-a3df-ec026e9f624a
248,E08000022,North Tyneside, ,431485,570602,-1.50901,55.02896,82401390.3757172,61296.5787479676,1122a100-4156-4a35-b33b-e49c6b02c06b
249,E08000023,South Tyneside, ,435505,564057,-1.44694,54.96988,64458137.3692474,48427.5667707015,b3a79b55-8718-4ace-835b-765ce32a8303
250,E08000024,Sunderland, ,436455,551514,-1.43368,54.85711,137282469.824036,97333.6023216429,fdaca73a-412c-4685-a9f9-4dee139a384d
251,E08000025,Birmingham, ,408150,287352,-1.88141,52.48404,267774763.194458,104068.774642879,7f050bc6-6fdb-4e7c-aca7-0d8cbccf1ab9
252,E08000026,Coventry, ,432809,279689,-1.51905,52.41424,98627749.4845886,53054.2723148556,31669d88-0c80-492d-9427-e73f9c0222d7
253,E08000027,Dudley, ,393191,288584,-2.10171,52.49514,97944838.1296616,72594.7542916763,b3081fc5-c1bf-4482-9608-dfd256e7316d
254,E08000028,Sandwell, ,399573,290764,-2.00772,52.51478,85594077.7802429,57936.9298735916,b2d331d1-e7e6-450e-817c-b64e23756d22
255,E08000029,Solihull, ,419434,281483,-1.71559,52.431,178308124.732689,98639.3932719792,0511aaa8-bf45-498f-9e02-70571abeea6b
256,E08000030,Walsall, ,402099,300807,-1.97043,52.60506,104034699.597565,58633.9160242416,92dd78cf-1980-4d09-b914-1bfcf496d473
257,E08000031,Wolverhampton, ,391463,300016,-2.12746,52.59788,69458147.0028839,54870.6728576204,71fa8620-829f-4a14-8f0f-54872d284879
258,E08000032,Bradford, ,408395,438626,-1.8739,53.84383,366365248.427429,131638.246374174,6cc8e9ce-1ec8-4411-8fda-61fe5e81ca26
259,E08000033,Calderdale, ,402618,424895,-1.96181,53.72047,364004528.160172,105480.847217978,16bd6209-e4a3-4fa6-a1b8-6e9e2c29c7d7
260,E08000034,Kirklees, ,414586,416223,-1.78085,53.64233,408496913.982056,121475.526843802,c7d2fd0e-c3ae-485b-91c0-c71b56b6fb24
261,E08000035,Leeds, ,432528,436384,-1.50736,53.82273,551765365.885193,156666.277179165,b19994f8-583b-4f55-89b4-50aeffa09f28
262,E08000036,Wakefield, ,438367,418231,-1.42091,53.65918,338607122.446335,106084.872617087,b687ca33-82c7-4028-b6d7-1d3ab29b92cc
263,E08000037,Gateshead, ,420158,559652,-1.68696,54.93115,142335872.399673,87361.9512970362,141d9029-192b-4e62-8824-4b67d1ae2e3c
264,E09000001,City of London, ,532382,181358,-0.09352,51.51564,2884699.89755249,9017.03862422564,408b76aa-86c4-4a62-8e46-3ad810395532
265,E09000002,Barking and Dagenham, ,547757,185111,0.129479,51.54556,36098561.2793961,39831.9178775268,feee862c-497f-4d53-9d40-e0635df00c82
266,E09000003,Barnet, ,523473,191752,-0.2182,51.61107,86804123.716156,49835.3939688223,90469653-ab9a-4968-bf83-13dc02af8a8f
267,E09000004,Bexley, ,549202,175434,0.146212,51.45823,60583234.7424774,46070.1272726542,fee02e70-e168-458d-b50d-5b4eefa87999
268,E09000005,Brent, ,519615,186465,-0.27569,51.56439,43224583.8391571,37673.1768403499,baeb09f5-5d29-4aaa-97d3-2db65572e5d9
269,E09000006,Bromley, ,542036,165707,0.039246,51.37266,150112945.239502,74667.915693105,b1f0f92e-a15a-4611-84f7-a0051ec84b60
270,E09000007,Camden, ,527491,184283,-0.16291,51.54305,21787187.321228,25911.6543249611,eca77569-40aa-4529-bb3f-f80eece2e7a5
271,E09000008,Croydon, ,533922,164745,-0.07762,51.36599,86509594.34758,57396.9438936852,cf7df650-0b91-4cc1-a6a3-73ad7c3a8f34
272,E09000009,Ealing, ,517055,181959,-0.3141,51.52443,55552409.6881104,46637.5750207304,77a2b3c8-5a1a-4213-b950-650435b8420b
273,E09000010,Enfield, ,532831,196198,-0.08144,51.6489,82153556.7403412,40430.7322477416,2d5e3ae9-0511-4bc2-911f-d18e70e3ecf0
274,E09000011,Greenwich, ,542507,175878,0.050093,51.46394,47294289.5310059,46299.8251478046,3957378b-5548-45d7-ab17-ab62283a22a5
275,E09000012,Hackney, ,534560,185787,-0.06046,51.55493,19046919.6333618,25019.1446071352,a502c617-aae5-4783-a1dc-200140974761
276,E09000013,Hammersmith and Fulham, ,523867,177993,-0.21735,51.48733,16389042.986351,23431.2625916443,91e9e2e3-c542-41fc-8365-0b7e232d6caf
277,E09000014,Haringey, ,531260,189349,-0.1067,51.58772,29604152.1713104,28392.8374607753,18543c61-d7e5-4bb0-90c8-d1285eb3ba4f
278,E09000015,Harrow, ,515359,189736,-0.33599,51.59467,50478100.7578583,33298.9242637063,de32aa29-dccb-4606-b4d4-3b3d1b6c2179
279,E09000016,Havering, ,555032,187514,0.235368,51.5652,112328262.00975,62431.1042311879,d3be429c-e257-433b-81a0-17ec891f9c3e
280,E09000017,Hillingdon, ,508168,183121,-0.44179,51.53664,115714734.925911,62416.2053368501,c4ff2823-a953-4664-84e0-21e548cc3cf2
281,E09000018,Hounslow, ,512737,174959,-0.37855,51.46239,55942880.8778992,62781.8579773178,fb5df13b-4d00-43fb-95c3-cb7d321cee09
282,E09000019,Islington, ,531160,184645,-0.1099,51.54547,14853166.9880295,20465.2641532972,70c8d3fc-1027-40fd-bfbd-a9531d76bcf6
283,E09000020,Kensington and Chelsea, ,525756,179054,-0.18978,51.49645,12145664.7416611,20726.3331675909,d310e58a-4db1-47d9-a753-574236dbe127
284,E09000021,Kingston upon Thames, ,519508,167389,-0.28368,51.39296,37271799.6050415,37036.0125099272,28eef985-61ae-40d1-aa19-d820f3edce97
285,E09000022,Lambeth, ,531118,175629,-0.11385,51.46445,26795312.1117706,33295.0543665826,86283304-8d31-4fa1-a3af-c957241f1520
286,E09000023,Lewisham, ,537888,173343,-0.01734,51.4423,35186217.3377762,40222.3450283709,16276e6f-4baf-4103-9d06-da58aebbc0f2
287,E09000024,Merton, ,526068,169508,-0.18869,51.41059,37622051.4488907,31697.0328833766,5c83e5e9-8628-4c67-b937-7f03b55abb40
288,E09000025,Newham, ,540713,183346,0.027261,51.5315,36186383.0549011,34340.4940469101,319166a1-f9a5-4dd2-a839-554ee752b081
289,E09000026,Redbridge, ,543512,189477,0.070085,51.58588,56378604.7625046,49312.8735204018,ca7f9fdc-5f7b-4638-b0a4-5c9edd8474e6
290,E09000027,Richmond upon Thames, ,519005,172650,-0.28914,51.44035,57319680.9280396,67256.4822458303,23aa9e17-8978-4064-a0f3-9d7d21baf6da
291,E09000028,Southwark, ,533945,175869,-0.07309,51.46595,28849924.1222382,33537.0635412413,f7151612-6490-48fa-a9ee-30d552777c15
292,E09000029,Sutton, ,527357,163639,-0.17227,51.35755,43846686.503685,39118.0543236228,c20e6da2-b1ce-4f8e-8f2e-c821d261efb0
293,E09000030,Tower Hamlets, ,536340,181452,-0.03648,51.51555,19766889.7109222,27418.6170598442,72b2aa23-022b-4acb-bf62-d723d15bd72f
294,E09000031,Waltham Forest, ,537328,190278,-0.0188,51.59462,38834079.11689,32534.2707510627,f187814d-8f67-4d55-9cf1-5768a86e76a7
295,E09000032,Wandsworth, ,525152,174138,-0.20022,51.4524,34262481.0886307,37898.2267625589,76d7c028-23a9-4340-8f7a-c6e03cd3e269
296,E09000033,Westminster, ,528268,180871,-0.15295,51.51222,21446984.2440033,26967.0409944972,707e6082-5b2d-4c96-a298-0b036e474f4a
297,N09000001,Antrim and Newtownabbey, ,130813,541285,-6.1776,54.69386,728207668.398575,161709.748475148,4f6cc8a2-ec38-4606-a21d-4ed11b736e6b
298,N09000002,"Armagh City, Banbridge and Craigavon", ,112110,508158,-6.43455,54.38671,1437080683.40336,237853.638162996,fbf55665-f550-4e6f-b20a-acd3a14c93a2
299,N09000003,Belfast, ,146465,529747,-5.92535,54.59853,137700104.687813,64577.4434993471,53e92cb3-5350-482a-9b2d-7b9c78018aed
300,N09000004,Causeway Coast and Glens, ,106168,581420,-6.59961,55.03962,1985640692.58535,354906.225205144,77e38181-c49e-4132-93d5-d6b93f8a2ab1
301,N09000005,Derry City and Strabane, ,51779,559566,-7.42064,54.80904,1251137278.35185,264374.982135158,7a16f68b-67b4-4955-96b2-3c5ed54fe21a
302,N09000006,Fermanagh and Omagh, ,41233,513013,-7.5271,54.38521,3012148102.39823,413259.833234976,568ec5bf-0dd1-4452-9807-89496b250fd2
303,N09000007,Lisburn and Castlereagh, ,138712,518920,-6.03545,54.49753,510440819.534676,162982.024592254,e590ab9b-98aa-4b4f-8a58-23cf82daa79f
304,N09000008,Mid and East Antrim, ,133943,560151,-6.14646,54.86462,1061381642.07886,227352.623435891,b1fc2350-c2f3-4909-8541-ded077034f2e
305,N09000009,Mid Ulster, ,83920,528564,-6.88891,54.55274,1957254315.35462,310985.394814447,3815a1b3-0ac1-499d-b1ee-3bc23c7e4a45
306,N09000010,"Newry, Mourne and Down", ,133006,480432,-6.08891,54.14954,1682433495.40289,361009.178675392,bfcc774e-2d69-4ea8-b603-d4cd0ec80417
307,N09000011,Ards and North Down, ,164321,524944,-5.64569,54.5641,566543920.568336,180045.807619526,e85fdbf4-b8c3-4672-aed2-5653890190ee
308,S12000005,Clackmannanshire, ,291178,696402,-3.75317,56.14785,159192639.379425,94572.3950711036,b70e44d5-c3f1-4a7b-ad34-a9ab9d759fcb
309,S12000006,Dumfries and Galloway, ,270645,579856,-4.02863,55.09621,6436446466.39931,1116084.1168257,cb64a888-095b-40e0-bb20-fea77325c27d
310,S12000008,East Ayrshire, ,255398,624935,-4.29057,55.49674,1270359079.92027,331006.280237148,526d16fb-40ee-4956-818f-1a0a6e8bf655
311,S12000010,East Lothian, ,354854,672351,-2.72435,55.94207,679283884.86438,192993.484738385,c54a3786-c949-4d4d-abf0-a02060c636ed
312,S12000011,East Renfrewshire, ,251930,653115,-4.36058,55.74869,174254113.913055,91844.7649111616,5a72ed5c-d8c4-4652-b429-e7ab168ab749
313,S12000013,Na h-Eileanan Siar, ,126473,932862,-6.65722,58.19939,3093192711.9629,3414583.36700268,1ef3357b-ad3c-4242-87ba-6ff1abe25d8e
314,S12000014,Falkirk, ,285585,680170,-3.83619,56.00078,297083846.167023,164262.776018617,917dfaff-14df-45c3-8ab0-ba0f579be8fb
315,S12000017,Highland, ,241018,858292,-4.66104,57.58657,26157225370.905,4781584.45642406,c5fe2d7b-d960-43c7-9064-595a4ddc58fa
316,S12000018,Inverclyde, ,227922,670894,-4.75387,55.90031,161913594.14328,75801.194592955,cb6ad059-9c1d-413f-b1a0-548f95976246
317,S12000019,Midlothian, ,330088,659217,-3.11738,55.82112,355263906.046692,124134.869363346,4ac3d284-ef60-415f-aa26-2b90781e55cb
318,S12000020,Moray, ,328015,843590,-3.20203,57.47681,2237734255.85667,446883.880406736,03c9273e-cd96-4613-9d31-9519bc2d0fbe
319,S12000021,North Ayrshire, ,228996,651640,-4.7246,55.72789,885402166.458313,330831.788375927,c9e28997-188a-4a52-8e0e-3fcdac9a6483
320,S12000023,Orkney Islands, ,348293,1006584,-2.90025,58.94334,1015476512.94534,1093701.67602124,a3e9421a-2d9c-490b-bc13-f039b226de9f
321,S12000026,Scottish Borders, ,345889,626137,-2.85869,55.52596,4739234481.31186,499885.02754306,ff63c9c7-10de-4b36-8d09-dec52dc12545
322,S12000027,Shetland Islands, ,434516,1180307,-1.37344,60.50495,1467216920.38379,2046969.1196783,ddd5c878-ad87-4987-acba-1c209181707c
323,S12000028,South Ayrshire, ,226545,596271,-4.729,55.23009,1224359657.03532,317924.297005555,c62fd4ac-13cf-4887-906c-f2105ad096db
324,S12000029,South Lanarkshire, ,284634,636071,-3.83272,55.60453,1773918783.18549,280215.800567299,3fc9f16d-a60f-4397-8756-f4b14bf053db
325,S12000030,Stirling, ,255980,708769,-4.32596,56.24953,2252649143.24791,367135.9468406,aeb5f0ec-abdc-4d00-a30d-e1792619c4e4
326,S12000033,Aberdeen City, ,387763,808479,-2.20398,57.16698,185563862.370422,118739.353377488,cb489059-72b2-466b-9fff-5e3cacf6db15
327,S12000034,Aberdeenshire, ,352284,816277,-2.79209,57.2347,6317974846.44896,750252.435497107,bbb48dc0-70c4-4815-a869-36a240a3663f
328,S12000035,Argyll and Bute, ,200740,715443,-5.22115,56.28945,7004198261.53409,3448034.40855768,cb3049a2-4b1d-4d27-8cc4-8716a1de6f0d
329,S12000036,City of Edinburgh, ,320193,669417,-3.27827,55.9112,263373659.327209,107794.43808543,733efc7f-75ef-422b-9eed-04fb5fb81193
330,S12000038,Renfrewshire, ,239305,664698,-4.56834,55.84863,261461091.543015,127619.180916931,a4d4e937-90a7-473b-8632-10c9e096d2bf
331,S12000039,West Dunbartonshire, ,242904,681586,-4.52075,56.0014,177289124.374893,100609.645764879,70ec7ca2-bb89-4a1f-9f59-5be5d603a9db
332,S12000040,West Lothian, ,299483,668514,-3.6091,55.89921,428821309.024002,131921.749623926,3b85e005-5d1a-404a-b737-b233adeddb0c
333,S12000041,Angus, ,345506,759636,-2.8921,56.72518,2185038580.72984,318894.427266213,9d46577f-adff-439c-98c2-ba127ed45074
334,S12000042,Dundee City, ,340291,732145,-2.97095,56.47761,59818831.1080933,47089.5112952281,a3de3f23-6b37-41d3-a767-ca48fc17c2b6
335,S12000045,East Dunbartonshire, ,261240,676154,-4.22418,55.95829,174482176.049149,97660.9068082807,871a4ae2-87a4-48bd-b8b7-13982988e3d8
336,S12000047,Fife, ,339187,704720,-2.98251,56.23112,1325376094.64203,339405.291495387,cd20783f-9a08-4678-bad5-23940759eb06
337,S12000048,Perth and Kinross, ,284302,744185,-3.88484,56.57528,5383661960.58092,623874.654660429,db3b10c0-0192-45a4-ae26-1d0f870f5258
338,S12000049,Glasgow City, ,261534,667033,-4.2148,55.87649,174633553.401108,132818.037999465,ddb51eee-09e2-4ec1-9ade-6ac522e3a9b6
339,S12000050,North Lanarkshire, ,277984,665608,-3.9514,55.86814,472358039.31015,160577.303271583,1a3ac48d-73d0-4e7b-b11e-81af44188a81
340,W06000001,Isle of Anglesey,Ynys Môn,245217,378331,-4.32298,53.27931,715135830.9161,338435.157552941,ae40c49d-3755-400f-90b2-a99c69feb881
341,W06000002,Gwynedd,Gwynedd,280555,334966,-3.77716,52.89884,2548672445.08634,602232.82782258,b0563861-5912-411e-85b6-69cba47921e5
342,W06000003,Conwy,Conwy,283293,362563,-3.74646,53.1474,1130295413.92069,275728.513979561,d4b793b4-f627-44ee-a965-2a9afc576602
343,W06000004,Denbighshire,Sir Ddinbych,309843,355416,-3.34761,53.08833,838723875.085434,224445.457730223,4459789d-772b-492a-8269-8d004d633f41
344,W06000005,Flintshire,Sir y Fflint,321134,369280,-3.18248,53.21472,439758207.34491,229878.261755492,eda9308c-0816-409c-bf93-1ffb922b030e
345,W06000006,Wrexham,Wrecsam,333523,345387,-2.99203,53.00167,503686206.226234,184224.294824895,c7e28db4-4b6d-43a2-8d38-a321b4eb880b
346,W06000008,Ceredigion,Ceredigion,267127,268437,-3.94993,52.29795,1788287166.25208,362022.83993325,836deeac-6fa3-404e-ba60-f8699676f57a
347,W06000009,Pembrokeshire,Sir Benfro,199821,221392,-4.90818,51.85514,1618010098.76192,666583.598507131,b266f4da-2c30-47de-acdc-c2fa19bcf80f
348,W06000010,Carmarthenshire,Sir Gaerfyrddin,247955,224133,-4.21109,51.89496,2371021148.16679,561193.658983102,5e8c69de-e47f-4624-a687-b54a443b4138
349,W06000011,Swansea,Abertawe,264022,197308,-3.96723,51.65807,377549638.07077,253619.184361966,8b216e4b-b935-4dd7-9032-7017bab51cf5
350,W06000012,Neath Port Talbot,Castell-nedd Port Talbot,279261,195412,-3.74638,51.64451,442243739.526867,176819.584885872,3231a371-557f-414c-8638-ffe775212b13
351,W06000013,Bridgend,Pen-y-bont ar Ogwr,288231,185870,-3.61376,51.5606,250834484.838947,87991.347500972,00cf6e87-b364-4ae4-b120-01fe94d7b75a
352,W06000014,Vale of Glamorgan,Bro Morgannwg,302947,173080,-3.39802,51.44836,331278240.583885,104653.46691091,c9d7eb47-b8af-49f6-adb0-31d91abdb957
353,W06000015,Cardiff,Caerdydd,315272,178887,-3.22209,51.50254,142359806.495419,76718.809600611,682a70b6-07a1-4e5a-9c8a-e8027e13c210
354,W06000016,Rhondda Cynon Taf,Rhondda Cynon Taf,302237,192395,-3.4136,51.62186,424139877.570686,127101.985279226,0490c8f4-44c1-468e-991d-d43287bd8c5e
355,W06000018,Caerphilly,Caerffili,317245,195259,-3.19754,51.65001,277356838.726212,113808.336057162,a6188be1-b757-4401-a713-c466025cf594
356,W06000019,Blaenau Gwent,Blaenau Gwent,318236,206771,-3.18592,51.75364,108725214.78302,64667.0803444398,59d60960-c935-4f50-803d-bb4309018c58
357,W06000020,Torfaen,Torfaen,327459,200480,-3.05102,51.69836,126229821.890579,79015.7811609311,e4ae8880-9a4f-4d5e-a8eb-72a706d5e4ad
358,W06000021,Monmouthshire,Sir Fynwy,337812,209231,-2.90281,51.77828,850327887.66251,218857.091859959,9c33d962-7104-4b05-a77a-3362aa5e59a7
359,W06000022,Newport,Casnewydd,337897,187432,-2.89769,51.58231,190436715.75312,148341.372843349,cf0d8529-b4b4-4a30-9f96-4f81be967584
360,W06000023,Powys,Powys,302329,273254,-3.43532,52.34864,5195384079.50846,590281.670610167,50de709f-1727-4e58-9f1a-38384e666235
361,W06000024,Merthyr Tydfil,Merthyr Tudful,305916,206404,-3.36425,51.74841,111925090.776802,65349.5056024752,fdcf578c-7560-4c11-b527-3d57bc3363f6
