,z_child_poverty_perc,z_homeless_hh_12mo_avg_perc,z_under5_perc,z_english_poor_bad_perc,z_limited_a_lot_a_little_perc,z_pop_in_flats_perc,z_lone_parent_hh_perc,z_bad_or_v_bad_health_perc,z_poor_mental_health_perc,z_non_white_perc,z_hh_overcrowding_rate,z_aged85plus_perc,z_unpaid_carer_perc,z_no_cars_or_vans_perc,z_low_attainment_perc,z_in_fuel_poverty_perc,z_age65_plus_perc,z_ae_access_mins,z_asylum_support_perc,z_uc_claimants,z_care_home_residents_perc,z_gp_access_mins,ltla24_code
0,-0.7972218975291476,0.5482007143354746,-0.4875013457741273,-0.4310895689173598,-0.006562780625266,0.6918926521959252,0.0773976819006276,-0.0565082772599551,0.1470739895593932,0.0809529235326791,-0.9500520657931328,0.0829160245464803,0.9069820631336208,-0.1330100176057922,-0.4069053390376849,-1.41191473552281,-0.0516278422707152,-1.0474857582707475,0.0900229908391771,-0.596678799091252,0.1614277108257562,-0.1689585196464511,N09000001
1,0.4567864016172928,-0.0984607452838931,0.8897555388161107,1.5772375582042024,-1.0364694759868889,-0.9016643162671822,-0.280852175217654,-0.4469566790044897,-0.7555679774901084,0.276118410653773,-1.4722537128804891,-0.8131087831946094,-0.5594025983655373,-0.3877408880462863,0.2337350749253751,0.2671190040178286,-0.759280880737855,-0.3510281105609351,-0.4385564795299785,-0.0574535309751366,-0.922637891811212,0.0373297961384456,N09000002
2,1.230540991189949,-1.055103461682374,-0.3032903505486211,0.4628632387085394,1.2097907159145702,2.4764312682683505,1.7386794167820203,2.1230769655010784,2.154390891641233,2.546120678349132,-0.1860989544700149,-0.3390085245576935,-0.0618558422864607,2.743213848907222,0.101576171134833,-1.2827582940196842,-1.32183052730662,-1.7033756761962864,2.9267358017090808,-0.6058310107419221,-0.8131309466328107,-1.9905565037250472,N09000003
3,0.4515078757050594,1.757242928020807,-0.6137879696484507,-0.9014496853594856,0.7817878266860053,-0.5998694345643962,-0.149179588352683,0.0238709406741113,-0.001915969076178,-1.0525099200537362,1.1830061807623224,0.4675572596268758,-0.6773671530573969,-0.2140534985513493,0.9563795473418584,0.735311104466661,0.7786837324129676,-0.3767943742177359,0.181037157864593,1.3598118201057157,-0.2578203658585583,-0.040206730572438,N09000004
4,1.0381487868490884,0.2198115182288392,0.3251706390138423,-1.0888027828347744,1.5523091717943138,0.1810801728018857,2.2481027993666176,1.8033802529669165,1.7421891375372476,-0.5063113617514978,-0.2059285628518432,-1.6969335945594846,0.3128934714588272,1.1245781919209776,1.5535738990432606,1.316515091230728,-0.693425503507738,-0.2787828460418393,0.5625898909342918,0.5169075382171833,-0.3249930333341134,0.1630873606320233,N09000005
5,0.4266149644216608,1.6750107357051356,0.3350603669167656,-0.0150863623288918,-0.0556510113302929,-1.0439297664140244,-0.9437484417299844,-0.6012124102436165,-0.3027247597524763,-0.8384390348290427,1.662404822357098,0.0672581646944363,-1.260505164752831,-0.5990358323557389,0.3157187617336771,0.4769982214604086,0.4203575663604877,1.214983026217864,-0.6291273864478293,2.29551260051627,-1.045467381976717,2.340367683057337,N09000006
6,-2.030644689999044,-0.7644674544714948,0.142148990712396,-0.7244956234254983,-1.2946324900621868,0.1549599452847955,-0.8883270798936379,-1.0960226581294563,-0.8295774644257106,0.5914278712000696,0.3793352025472369,0.630121700566256,0.5778229810684691,-0.8034250806628941,-2.153937117663997,-1.4764929562743734,0.0892009766978788,-0.6601127560446804,-0.4655201697393016,-0.4252715696494124,1.882187888005676,-0.2929618259860915,N09000007
7,-0.2486835198072362,-1.1481372296777448,-1.097077745577955,-0.0339461315962282,0.5535122328904368,0.3044052438840059,-0.3991021079522127,-0.0663095141680161,-0.1337069356174323,-0.613427096898333,-0.8875012662623065,1.1941329644624714,0.4907423305589667,-0.0733089336193181,0.6346977354304643,-0.1687839860552218,1.042033522290566,0.5900222662894269,-0.6361337508716967,-1.4887701561712576,-0.9892271856255302,-0.1730959461537804,N09000008
8,-0.085991791219206,0.5359029241422258,1.9425126872226075,2.1434987150251064,-1.6420081572996994,-1.1183191569758333,-0.6008001898345313,-1.138814352895132,-1.2613146243141566,0.8378318824664757,1.0188331392231575,-1.1329445715163735,-1.8039608805152696,-0.7546995820778909,0.6559331039536346,1.4456715327338543,-1.249043985302244,1.8905924586850489,-0.5266281964709706,-0.2489886870151381,-0.3362583452818354,0.5395156313930309,N09000009
9,0.9811199060296588,-0.993722921491565,0.7835008670506435,0.0078726141063015,-0.6464950783821712,-0.670543483921218,-0.0175902396647503,-0.3830921572438368,-0.5441994725278317,-0.8422573420337115,-1.1578388231436798,-0.4178401063893994,0.1062093930924237,-0.5208906438845053,-0.7435164336276772,0.5415764422119714,-0.3990299629595347,0.8917180840233335,-0.4238326621999097,-0.6466630369548788,1.147334981835075,0.5031723492382296,N09000010
10,-1.422177027258077,-0.6762770078254082,-1.9164916781832004,-0.9966019715819096,0.5844190464011954,0.5255568757076908,-0.7845800754038135,-0.1614121101976123,-0.2146468155339834,-0.4795070106358087,0.6160940405116422,1.9578494663210475,1.96844139966518,-0.3816275640244149,-1.1472554032337277,-0.4432414242493646,2.143962904322815,-0.1697363138834466,-0.6405871960874552,-0.1025751682401699,1.4985845698542688,-0.917693294375265,N09000011
